time_s,current_clean_A,voltage_clean_V,temp_surface_clean_C,temp_ambient_clean_C,soc_clean,current_meas_A,voltage_meas_V,temp_surface_meas_C,temp_ambient_meas_C,power_meas_W
0.0,0.0,3.800000000000002,25.0,25.0,0.8,0.01,3.8000000000000003,25.12,25.21,0.038000000000000006
1.0,0.0,3.800000000000002,25.0,25.0,0.8,0.004,3.799,25.150000000000002,25.240000000000002,0.015196
2.0,0.0,3.7999999879122575,25.00000000012801,25.0,0.8000000025154094,0.011,3.802,25.330000000000002,25.29,0.041822
3.0,0.0,3.79999991522248,25.000000000409894,25.0,0.8000000231910274,0.02,3.799,25.28,25.28,0.07598
4.0,0.0,3.799999761230035,25.00000000062585,25.0,0.800000071327803,0.003,3.798,25.22,25.17,0.011394
5.0,0.0,3.7999995486395,25.00000000064017,25.0,0.8000001410090981,0.003,3.799,25.07,25.25,0.011397000000000001
6.0,0.0,3.79999934352088,25.000000000403983,25.0,0.8000002110833736,0.021,3.801,25.22,25.25,0.079821
7.0,0.0,3.7999992553096136,24.99999999995549,25.0,0.8000002451641904,0.013000000000000001,3.7960000000000003,25.310000000000002,25.22,0.04934800000000001
8.0,0.0,3.799999436806569,24.99999999941957,25.0,0.8000001916302093,0.0,3.8000000000000003,25.16,25.18,0.0
9.0,0.0,3.800000084178048,24.99999999900797,25.0,0.7999999836251901,0.01,3.801,25.34,25.22,0.03801
10.0,0.0,3.800001436955779,24.999999999019398,25.0,0.7999995390579929,0.0,3.798,25.330000000000002,25.400000000000002,0.0
11.0,0.0,3.800003778036925,24.999999999839304,25.0,0.7999987606025771,0.0,3.801,25.37,25.17,0.0
12.0,-0.1002968860766711,3.8001337319602015,24.99999937430357,25.0,0.7999932049952213,-0.093,3.8000000000000003,25.23,25.32,-0.35340000000000005
13.0,-0.2827099172222717,3.800400739831663,24.99999764573749,25.0,0.799972895966156,-0.297,3.8040000000000003,25.26,25.14,-1.129788
14.0,-0.5323539616600177,3.800801737624819,24.999995648362077,25.0,0.7999330305981796,-0.545,3.798,25.34,25.11,-2.06991
15.0,-0.8370421042406377,3.801332575264441,24.999994296691,25.0,0.799870168890569,-0.838,3.802,25.240000000000002,25.53,-3.186076
16.0,-1.1867965427462714,3.801987635808204,24.9999945741543,25.0,0.7997821788192374,-1.192,3.799,25.150000000000002,25.25,-4.528408
17.0,-1.4731512575763557,3.802646349555431,24.99999753309845,25.0,0.799668236336734,-1.465,3.798,25.16,25.26,-5.56407
18.0,-1.7075986688966212,3.803319383429696,25.00000429478638,25.0,0.7995288253722445,-1.712,3.798,25.22,25.26,-6.5021759999999995
19.0,-1.8995479745240456,3.8040111000256185,25.000016049397345,25.0,0.7993657378315907,-1.909,3.8040000000000003,25.07,25.34,-7.261836000000001
20.0,-2.0567027740731825,3.804719983191282,25.000034056027005,25.0,0.7991820735972309,-2.037,3.8040000000000003,25.19,25.240000000000002,-7.748748
21.0,-2.1853702414578664,3.805438986465637,25.00005964268746,25.0,0.7989822405282594,-2.183,3.803,25.310000000000002,25.28,-8.301948999999999
22.0,-2.290714253926365,3.806155818354928,25.000094206307157,25.0,0.7987719544604067,-2.285,3.802,24.98,25.09,-8.687570000000001
23.0,-2.376962636586956,3.806856836171685,25.00013921273097,25.0,0.7985571433803196,-2.386,3.8040000000000003,25.35,25.3,-9.076344
24.0,-2.4475768398744195,3.807546081802697,25.000196196720253,25.0,0.7983378289055243,-2.448,3.807,25.310000000000002,25.18,-9.319536
25.0,-2.5053908597099657,3.808231844638886,25.000266761952616,25.0,0.7981122392826252,-2.499,3.809,25.150000000000002,25.27,-9.518691
26.0,-2.552724975708388,3.808919157902748,25.000352581022184,25.0,0.7978795000688916,-2.559,3.8080000000000003,25.25,25.03,-9.744672000000001
27.0,-2.5914788721460567,3.809609925575507,25.000455395439417,25.0,0.7976396348787609,-2.583,3.809,25.2,25.26,-9.838647000000002
28.0,-2.623207878961176,3.810303008320728,25.00057701563128,25.0,0.7973935653838387,-2.624,3.809,25.32,24.98,-9.994816
29.0,-2.649185392605334,3.810994293832615,25.000719320941016,25.0,0.7971431113128985,-2.6470000000000002,3.813,25.3,25.17,-10.093011
30.0,-2.6704539819143096,3.811676754432327,25.000884017409817,25.0,0.7968909904518823,-2.6710000000000003,3.809,25.060000000000002,25.03,-10.173839000000001
31.0,-2.687867230056153,3.812340494223851,25.00107065412203,25.0,0.7966408186438996,-2.664,3.81,25.26,25.26,-10.149840000000001
32.0,-2.52334710922769,3.812771306155293,25.00127794691548,25.0,0.7963971097892285,-2.5180000000000002,3.811,25.18,25.21,-9.596098000000001
33.0,-2.3547386662705736,3.813153453249558,25.001504732106586,25.0,0.7961652758453152,-2.36,3.813,25.21,25.12,-8.99868
34.0,-2.182782988258241,3.813468947136572,25.00174996693346,25.0,0.7959516268267735,-2.17,3.81,25.13,25.34,-8.2677
35.0,-2.008086825968421,3.813719525454152,25.002012729556327,25.0,0.7957561026355228,-2.015,3.813,25.38,25.11,-7.683195
36.0,-1.831146944922296,3.8139283725418,25.00229221905704,25.0,0.7955715390247089,-1.824,3.813,25.310000000000002,24.900000000000002,-6.954912
37.0,-1.831146944922296,3.814306690821473,25.00258775543932,25.0,0.7953949908184413,-1.846,3.8120000000000003,25.13,25.25,-7.036952000000001
38.0,-1.831146944922296,3.81466307099695,25.002898779628826,25.0,0.7952239139949409,-1.839,3.814,25.07,25.02,-7.013946
39.0,-1.831146944922296,3.8150042573886416,25.00322485347283,25.0,0.795056164750074,-1.824,3.8120000000000003,25.16,25.11,-6.953088000000001
40.0,-1.831146944922296,3.815335736687656,25.003565659740676,25.0,0.7948899994973522,-1.819,3.8120000000000003,25.25,25.150000000000002,-6.9340280000000005
41.0,-1.831146944922296,3.815661737955795,25.00392100212332,25.0,0.794724074867932,-1.824,3.815,25.23,25.060000000000002,-6.95856
42.0,-1.831146944922296,3.81598523262556,25.00429080523378,25.0,0.7945574477106154,-1.827,3.8120000000000003,25.330000000000002,25.150000000000002,-6.964524
43.0,-1.831146944922296,3.8163079345001463,25.004675114606755,25.0,0.7943895750918495,-1.829,3.811,25.28,25.060000000000002,-6.970319
44.0,-1.831146944922296,3.8166302997534474,25.00507409669882,25.0,0.7942203142957267,-1.841,3.817,25.3,25.22,-7.027097
45.0,-1.831146944922296,3.816951526930047,25.00548803888836,25.0,0.7940499228239845,-1.833,3.818,25.240000000000002,25.080000000000002,-6.998394
46.0,-1.831146944922296,3.817269556945232,25.005917349475567,25.0,0.7938790583960057,-1.831,3.815,25.07,25.2,-6.985265
47.0,-1.831146944922296,3.81758107329942,25.006362556696388,25.0,0.7937087788818664,-1.816,3.815,25.19,25.32,-6.92804
48.0,-1.831146944922296,3.817885698988342,25.006823354612493,25.0,0.7935392282388181,-1.823,3.819,25.310000000000002,25.28,-6.962037
49.0,-1.831146944922296,3.818185821819581,25.00729915998795,25.0,0.7933696775957697,-1.844,3.815,25.2,25.19,-7.03486
50.0,-1.831146944922296,3.818481485272796,25.007790010221072,25.0,0.7932001269527214,-1.823,3.815,25.26,25.1,-6.954745
51.0,-1.831146944922296,3.818772732447584,25.00829593693521,25.0,0.793030576309673,-1.83,3.819,25.18,25.22,-6.988770000000001
52.0,-1.831146944922296,3.8190596060634814,25.00881696597878,25.0,0.7928610256666246,-1.833,3.818,25.11,25.13,-6.998394
53.0,-1.831146944922296,3.8193421484599583,25.009353117425466,25.0,0.7926914750235763,-1.82,3.8200000000000003,25.2,25.22,-6.952400000000001
54.0,-1.831146944922296,3.819620401596424,25.009904405574105,25.0,0.7925219243805279,-1.816,3.814,25.240000000000002,25.03,-6.926224
55.0,-1.831146944922296,3.819894407052221,25.010470838948493,25.0,0.7923523737374796,-1.817,3.8160000000000003,25.14,25.28,-6.9336720000000005
56.0,-1.831146944922296,3.820164206026632,25.011052420297688,25.0,0.7921828230944312,-1.835,3.819,25.19,25.2,-7.007865
57.0,-1.831146944922296,3.820429839338876,25.011649146595914,25.0,0.7920132724513828,-1.829,3.8200000000000003,25.12,25.42,-6.98678
58.0,-1.831146944922296,3.820691347428108,25.012261009042504,25.0,0.7918437218083344,-1.823,3.821,25.32,25.330000000000002,-6.965683
59.0,-1.831146944922296,3.820948770353419,25.01288799306189,25.0,0.791674171165286,-1.816,3.8200000000000003,25.18,25.26,-6.937120000000001
60.0,-1.831146944922296,3.821202147793837,25.01353007830369,25.0,0.7915046205222377,-1.831,3.821,25.36,25.19,-6.996251
61.0,-1.831146944922296,3.82145151904833,25.01418723864253,25.0,0.7913350698791893,-1.828,3.8200000000000003,25.37,25.13,-6.982960000000001
62.0,-1.831146944922296,3.8216969230357978,25.01485944217842,25.0,0.791165519236141,-1.837,3.8240000000000003,25.21,25.29,-7.024688
63.0,-1.831146944922296,3.8219383982950808,25.015546651236264,25.0,0.7909959685930926,-1.838,3.819,25.11,25.18,-7.019322
64.0,-1.831146944922296,3.8221759829849553,25.016248822366208,25.0,0.7908264179500443,-1.818,3.822,25.01,25.32,-6.948396000000001
65.0,-1.831146944922296,3.822409714884132,25.016965895285978,25.0,0.7906568673069959,-1.813,3.819,25.07,25.240000000000002,-6.923846999999999
66.0,-1.831146944922296,3.8226396313912634,25.017697803064323,25.0,0.7904873166639476,-1.827,3.823,25.080000000000002,25.240000000000002,-6.984621
67.0,-1.831146944922296,3.822865769524931,25.01844450055489,25.0,0.7903177660208992,-1.816,3.8200000000000003,25.36,25.26,-6.937120000000001
68.0,-1.831146944922296,3.823088165923662,25.01920595043316,25.0,0.7901482153778508,-1.823,3.8240000000000003,25.23,25.11,-6.971152
69.0,-1.831146944922296,3.823307219815351,25.0199821230799,25.0,0.7899785412302289,-1.833,3.823,25.26,25.1,-7.007559
70.0,-1.831146944922296,3.823548516288457,25.02077299658117,25.0,0.7898000325266038,-1.823,3.826,25.0,25.09,-6.974798
71.0,-1.831146944922296,3.823816711317383,25.021578556728457,25.0,0.789611050997769,-1.811,3.822,25.1,25.3,-6.921642
72.0,-1.831146944922296,3.82409738433489,25.02239879701858,25.0,0.7894164559688686,-1.827,3.8240000000000003,25.310000000000002,25.11,-6.986448
73.0,-1.831146944922296,3.824377520079236,25.02323371865361,25.0,0.7892206471024173,-1.811,3.822,25.25,25.12,-6.921642
74.0,-1.831146944922296,3.824645508594169,25.02408333054092,25.0,0.7890275643983004,-1.852,3.823,25.21,25.25,-7.080196
75.0,-1.831146944922296,3.824891145228932,25.02494764929338,25.0,0.7888406881937731,-1.818,3.8240000000000003,25.28,25.17,-6.952032000000001
76.0,-1.831146944922296,3.825105630638259,25.02582902619224,25.0,0.7886630391634616,-1.825,3.821,25.39,25.16,-6.973325
77.0,-1.831146944922296,3.825281570782381,25.026728846285607,25.0,0.7884971783193623,-1.829,3.821,25.2,25.150000000000002,-6.988609
78.0,-1.831146944922296,3.825412976927016,25.02764275825905,25.0,0.7883452070108419,-1.825,3.826,25.23,24.97,-6.98245
79.0,-1.320724637476364,3.8249200197028927,25.02856431854229,25.0,0.7882087669246379,-1.336,3.8240000000000003,25.25,25.1,-5.1088640000000005
80.0,-0.8103023300304315,3.824374766927209,25.02948501098956,25.0,0.788089040084858,-0.807,3.822,25.47,25.32,-3.0843540000000003
81.0,-0.2998800225844992,3.823775445782165,25.03039424687944,25.0,0.7879867488529804,-0.291,3.821,25.02,25.150000000000002,-1.1119109999999999
82.0,0.2105422848614331,3.8231216887554567,25.03127936491518,25.0,0.7879021559278537,0.23,3.821,25.3,25.01,0.8788300000000001
83.0,0.7209645923073655,3.822414533640272,25.03212563122446,25.0,0.7878350643456972,0.721,3.822,25.22,25.1,2.755662
84.0,0.5767716738458926,3.822394174894892,25.032921675267914,25.0,0.7877848174801001,0.5740000000000001,3.822,25.29,25.240000000000002,2.1938280000000003
85.0,0.4325787553844195,3.82232670956389,25.03367216837495,25.0,0.7877502990420227,0.433,3.817,25.17,25.23,1.6527610000000001
86.0,0.2883858369229465,3.822217391356937,25.034382586020115,25.0,0.7877299330797952,0.303,3.8240000000000003,25.23,25.17,1.1586720000000001
87.0,0.1441929184614735,3.822072879289192,25.035057669857395,25.0,0.7877216839791187,0.152,3.8240000000000003,25.310000000000002,25.13,0.581248
88.0,5.773159728050814e-16,3.821901237681309,25.035701474094765,25.0,0.7877230564630643,-0.0,3.8160000000000003,25.55,25.060000000000002,-0.0
89.0,5.773159728050814e-16,3.8215494307403297,25.03631736549397,25.0,0.7877310955920739,0.01,3.823,25.32,25.240000000000002,0.03823
90.0,5.773159728050814e-16,3.821190838817001,25.036908023370582,25.0,0.7877423867639597,0.006,3.822,25.150000000000002,25.28,0.022932
91.0,5.773159728050814e-16,3.8208377421484574,25.03747543959412,25.0,0.7877530557139043,0.015,3.8200000000000003,25.2,25.330000000000002,0.057300000000000004
92.0,5.773159728050814e-16,3.8205038262773248,25.03801911701197,25.0,0.7877587685144608,-0.002,3.817,25.19,25.09,-0.007634
93.0,-0.1143691911983427,3.820333076130205,25.03853959061047,25.0,0.7877547315755529,-0.113,3.821,25.060000000000002,25.34,-0.431773
94.0,-0.3223759564354252,3.820368813595828,25.03904315987711,25.0,0.7877183401383391,-0.321,3.819,25.21,25.19,-1.225899
95.0,-0.6070466831816401,3.820631349484732,25.03953647200808,25.0,0.7876356366607508,-0.617,3.821,25.310000000000002,25.2,-2.357557
96.0,-0.9544845528681684,3.821078933094313,25.040026420978734,25.0,0.7875149599137911,-0.9470000000000001,3.825,25.11,25.29,-3.6222750000000006
97.0,-1.3533118127627726,3.8216746334473073,25.04052014754353,25.0,0.7873640233210131,-1.346,3.821,25.35,25.150000000000002,-5.143066
98.0,-1.67984395560431,3.8222569344970423,25.04102503923588,25.0,0.7871899136221425,-1.675,3.819,25.29,24.98,-6.396825
99.0,-1.947185862817129,3.822820466480844,25.04154873036839,25.0,0.7869990908730774,-1.945,3.821,25.17,25.27,-7.431845000000001
100.0,-2.1660669038387845,3.823359167076971,25.04209910203264,25.0,0.7867973884458884,-2.1750000000000003,3.821,25.23,25.23,-8.310675000000002
101.0,-2.345271543388937,3.8238667666990094,25.042684282099344,25.0,0.7865900130288191,-2.344,3.8240000000000003,25.400000000000002,25.16,-8.963456
102.0,-2.491991892882901,3.824337185821324,25.043311894914268,25.0,0.7863815446262852,-2.49,3.822,25.32,25.26,-9.51678
103.0,-2.61211635511596,3.824764860281603,25.04398274880924,25.0,0.786175936558875,-2.615,3.823,25.240000000000002,25.28,-9.997145000000002
104.0,-2.710465946543119,3.8251450076160793,25.044700149301264,25.0,0.7859765154633496,-2.707,3.822,25.22,25.05,-10.346154
105.0,-2.790987781597189,3.825473845116351,25.045466833357807,25.0,0.7857859812926424,-2.782,3.8240000000000003,25.25,25.2,-10.638368000000002
106.0,-2.856913484250229,3.825748768359216,25.046283428690288,25.0,0.7856064073158597,-2.833,3.825,25.2,24.97,-10.836225
107.0,-2.910888884430547,3.8259684973745256,25.04714845375389,25.0,0.7854392401182799,-2.904,3.8200000000000003,25.04,25.19,-11.09328
108.0,-2.5849582817717374,3.825716068910438,25.04805831774769,25.0,0.7852852996013544,-2.577,3.825,25.45,25.16,-9.857025
109.0,-2.246355211508805,3.82540506262658,25.049007320614635,25.0,0.7851447789827067,-2.242,3.8240000000000003,25.26,25.25,-8.573408
110.0,-1.8973768023009945,3.8250397594953145,25.049987383641398,25.0,0.7850172447961334,-1.9120000000000001,3.823,25.29,25.09,-7.309576000000001
111.0,-1.5399037840254033,3.824625955850519,25.05098230299427,25.0,0.7849016368916032,-1.5350000000000001,3.8280000000000003,25.25,25.16,-5.875980000000001
112.0,-1.1754759680706452,3.824171048453883,25.051980673308208,25.0,0.7847962684352575,-1.17,3.825,25.18,24.88,-4.47525
113.0,-1.1754759680706452,3.824101231548173,25.05297618610598,25.0,0.7846988259094104,-1.1460000000000001,3.821,25.23,25.26,-4.378866
114.0,-1.1754759680706452,3.824015425664953,25.05396468835778,25.0,0.7846063691125483,-1.172,3.825,25.09,25.19,-4.4829
115.0,-1.1754759680706452,3.823925246127315,25.054944182481563,25.0,0.7845153311593304,-1.167,3.825,25.48,25.21,-4.463775
116.0,-1.1754759680706452,3.823844292901297,25.05591482634281,25.0,0.7844215184805883,-1.171,3.823,25.13,25.05,-4.476733
117.0,-1.1754759680706452,3.8237881505958815,25.056878933254552,25.0,0.7843201108233263,-1.182,3.8240000000000003,25.150000000000002,25.240000000000002,-4.519968
118.0,-1.1754759680706452,3.8237555298251342,25.05784055924687,25.0,0.784211398922742,-1.159,3.823,25.21,25.37,-4.4308570000000005
119.0,-1.1754759680706452,3.8237227901422273,25.05879865652452,25.0,0.7841025214010418,-1.163,3.819,25.39,25.18,-4.441497
120.0,-1.1754759680706452,3.823689566957813,25.05975224009609,25.0,0.783993581338677,-1.163,3.822,25.26,25.27,-4.444986
121.0,-1.1754759680706452,3.823655882297623,25.060701494481464,25.0,0.7838845674451452,-1.18,3.822,25.14,25.11,-4.5099599999999995
122.0,-1.1754759680706452,3.823621709195135,25.06164659793501,25.0,0.7837754862348868,-1.156,3.825,25.39,25.19,-4.4216999999999995
123.0,-1.1754759680706452,3.8235869716915714,25.0625877224457,25.0,0.783666362027285,-1.184,3.825,25.34,25.05,-4.5288
124.0,-1.1754759680706452,3.8235515448358974,25.063525033736823,25.0,0.7835572369466659,-1.165,3.822,25.32,25.28,-4.45263
125.0,-1.1754759680706452,3.8235152546848257,25.064458691266395,25.0,0.7834481709222985,-1.149,3.822,25.34,25.22,-4.391478
126.0,-1.1754759680706452,3.823477878302812,25.065388848226803,25.0,0.7833392416883945,-1.18,3.825,25.5,25.080000000000002,-4.5135
127.0,-1.1754759680706452,3.823439143762057,25.06631565649991,25.0,0.7832305447841089,-1.176,3.822,25.48,25.12,-4.494672
128.0,-1.1754759680706452,3.823398730142504,25.06724004323854,25.0,0.7831221935535391,-1.169,3.821,25.2,25.21,-4.466749
129.0,-1.1754759680706452,3.8233562675318455,25.068162920639796,25.0,0.7830143191457254,-1.176,3.822,25.43,25.29,-4.494672
130.0,-1.1754759680706452,3.823311337025515,25.06908365230936,25.0,0.7829070705146512,-1.186,3.8240000000000003,25.310000000000002,25.35,-4.535264
131.0,-1.1754759680706452,3.823263470726692,25.070000219553837,25.0,0.7828006144192428,-1.17,3.823,25.32,25.19,-4.47291
132.0,-1.1754759680706452,3.8232121517463,25.07090922138093,25.0,0.7826951354233689,-1.181,3.822,25.1,25.060000000000002,-4.513782
133.0,-0.7698378455122576,3.8226307724681896,25.07180587449932,25.0,0.7826136752808601,-0.76,3.822,25.25,25.22,-2.90472
134.0,-0.3641997229538699,3.821895669944889,25.07268401331868,25.0,0.7825833607388818,-0.368,3.8200000000000003,25.19,25.38,-1.4057600000000001
135.0,0.0414383996045177,3.821041170454457,25.07353608994987,25.0,0.7825933066614641,0.062,3.8200000000000003,25.36,25.04,0.23684000000000002
136.0,0.4470765221629055,3.820099241284744,25.07435317420465,25.0,0.7826333402518061,0.444,3.818,25.38,25.1,1.695192
137.0,0.8527146447212932,3.819098410273073,25.07512494197192,25.0,0.7826943581818507,0.854,3.818,25.07,25.26,3.260572
138.0,0.8527146447212932,3.818520919970364,25.07584435751744,25.0,0.7827683265922848,0.866,3.8200000000000003,25.27,25.22,3.30812
139.0,0.8527146447212932,3.817931265148762,25.076512349579502,25.0,0.7828482810925389,0.845,3.815,25.39,25.150000000000002,3.223675
140.0,0.8527146447212932,3.817347655294009,25.07713110573127,25.0,0.7829283267607876,0.86,3.815,25.26,25.22,3.2809
141.0,0.8527146447212932,3.816784860441321,25.077703377822843,25.0,0.7830036381439491,0.871,3.813,25.35,25.3,3.321123
142.0,0.6821717157770346,3.8164464130563074,25.07823248198133,25.0,0.7830704592576857,0.671,3.813,25.310000000000002,25.19,2.558523
143.0,0.511628786832776,3.8161480023922096,25.078722298610728,25.0,0.7831261035864034,0.518,3.815,25.310000000000002,25.18,1.97617
144.0,0.3410858578885174,3.815894080132663,25.079177272392087,25.0,0.7831689540832523,0.34900000000000003,3.814,25.25,25.26,1.3310860000000002
145.0,0.1705429289442588,3.815685658510775,25.079602412283293,25.0,0.7831984631701259,0.183,3.818,25.16,25.17,0.698694
146.0,3.108624468950438e-16,3.815520310309129,25.080003291519176,25.0,0.783215152737662,-0.007,3.814,25.17,25.310000000000002,-0.026698
147.0,3.108624468950438e-16,3.8151999669788585,25.080384850857627,25.0,0.783220614145242,-0.008,3.817,25.35,25.400000000000002,-0.030536
148.0,3.108624468950438e-16,3.814886194912276,25.08074769393602,25.0,0.7832248550783809,0.01,3.8160000000000003,25.28,25.11,0.038160000000000006
149.0,3.108624468950438e-16,3.814557202400054,25.08109245702985,25.0,0.7832352621799874,0.008,3.813,25.27,25.07,0.030504000000000003
150.0,3.108624468950438e-16,3.814228986380423,25.081420247849,25.0,0.7832464769351659,0.008,3.817,25.240000000000002,25.240000000000002,0.030536
151.0,3.108624468950438e-16,3.813915566392637,25.081732598782764,25.0,0.7832537804528497,0.008,3.813,25.25,25.07,0.030504000000000003
152.0,-0.0687841400830557,3.813706332354719,25.08203146689988,25.0,0.7832531518938747,-0.07100000000000001,3.8160000000000003,25.39,25.07,-0.27093600000000007
153.0,-0.1938839709761337,3.813596953169386,25.0823192339484,25.0,0.7832412684709797,-0.187,3.815,25.25,25.0,-0.713405
154.0,-0.3650911898162077,3.81358349557725,25.082598706355952,25.0,0.7832155054488062,-0.357,3.813,25.150000000000002,25.16,-1.361241
155.0,-0.5740479451125844,3.8136619624305177,25.082873115229347,25.0,0.7831739361438984,-0.5760000000000001,3.814,25.95,25.2,-2.196864
156.0,-0.8139114068201746,3.81382791466346,25.083146116354897,25.0,0.7831153319247033,-0.79,3.814,25.26,25.150000000000002,-3.0130600000000003
157.0,-1.0102949994599215,3.8139986420621375,25.083421790198315,25.0,0.7830391622115705,-1.0010000000000001,3.811,25.29,25.34,-3.814811
158.0,-1.171080286154021,3.814182001257713,25.08370461173644,25.0,0.7829455944767526,-1.178,3.813,25.44,25.330000000000002,-4.491714
159.0,-1.3027201450129406,3.8143820894062337,25.08399755708268,25.0,0.7828354942444046,-1.291,3.8160000000000003,25.28,25.39,-4.926456
160.0,-1.4104977457915828,3.8145995360553258,25.08430392775188,25.0,0.7827104250905845,-1.415,3.817,25.310000000000002,25.2,-5.401055
161.0,-1.4987385820420187,3.81483174210443,25.08462735580764,25.0,0.782572648643253,-1.486,3.8120000000000003,25.17,25.32,-5.664632
162.0,-1.5709840683575689,3.815073075448898,25.0849707365644,25.0,0.7824251245822735,-1.554,3.815,25.26,25.23,-5.92851
163.0,-1.6301336697751845,3.815315031159824,25.08533622858687,25.0,0.7822715106394121,-1.633,3.815,25.35,25.22,-6.229895
164.0,-1.678561267488091,3.8155462473441935,25.085725253690384,25.0,0.7821162030904144,-1.6640000000000001,3.814,25.13,25.150000000000002,-6.346496000000001
165.0,-1.7182104310333366,3.815745899448859,25.086138496940634,25.0,0.7819668612329017,-1.709,3.815,25.310000000000002,24.97,-6.5198350000000005
166.0,-1.7506724205616475,3.81590827251027,25.08657590665399,25.0,0.7818261943337557,-1.737,3.815,25.3,25.26,-6.626655
167.0,-1.7772500496945711,3.816036980261739,25.087036694397117,25.0,0.7816936150494854,-1.7530000000000001,3.8160000000000003,25.29,25.32,-6.6894480000000005
168.0,-1.594253836416884,3.815904552227871,25.08751933498735,25.0,0.7815685474352801,-1.592,3.818,25.39,25.05,-6.0782560000000005
169.0,-1.4050176667320895,3.8157421753775096,25.08802156649233,25.0,0.781450426945009,-1.408,3.8160000000000003,25.32,25.2,-5.372928
170.0,-1.2106726528389309,3.8155530962618935,25.08853975674134,25.0,0.7813387004312214,-1.215,3.815,25.44,25.3,-4.635225
171.0,-1.0121448710796996,3.815340272465332,25.089063807211403,25.0,0.7812328261451467,-1.0150000000000001,3.818,25.19,25.16,-3.8752700000000004
172.0,-0.8101925286355286,3.815106414492064,25.089589159054697,25.0,0.7811322737366942,-0.806,3.8160000000000003,25.3,25.32,-3.075696
173.0,-0.8101925286355286,3.815084780225141,25.090113603714546,25.0,0.7810365242544537,-0.802,3.814,25.3,25.19,-3.058828
174.0,-0.8101925286355286,3.815049509596331,25.0906354191917,25.0,0.7809450701456943,-0.802,3.8120000000000003,25.18,25.150000000000002,-3.0572240000000006
175.0,-0.8101925286355286,3.815002284935813,25.09115337004431,25.0,0.7808574152563658,-0.797,3.8120000000000003,25.39,25.330000000000002,-3.0381640000000005
176.0,-0.8101925286355286,3.814944730682243,25.09166670738801,25.0,0.7807730748310978,-0.805,3.8160000000000003,25.52,25.11,-3.0718800000000006
177.0,-0.8101925286355286,3.8148784133827554,25.09217516889589,25.0,0.7806915755131999,-0.791,3.813,25.29,25.13,-3.016083
178.0,-0.8101925286355286,3.814804841692962,25.09267897879846,25.0,0.780612455344662,-0.808,3.8120000000000003,25.34,25.11,-3.0800960000000006
179.0,-0.8101925286355286,3.814725466376951,25.09317884788362,25.0,0.7805352637661537,-0.778,3.8120000000000003,25.3,25.09,-2.965736
180.0,-0.8101925286355286,3.8146416803072873,25.09367597349677,25.0,0.7804595616170249,-0.799,3.8120000000000003,25.22,25.22,-3.0457880000000004
181.0,-0.8101925286355286,3.814554818465016,25.09417141280437,25.0,0.7803849211353056,-0.8140000000000001,3.815,25.11,25.150000000000002,-3.10541
182.0,-0.8101925286355286,3.814466157939657,25.09466417220972,25.0,0.7803109259577055,-0.8160000000000001,3.813,25.22,25.25,-3.1114080000000004
183.0,-0.8101925286355286,3.814376917929207,25.095154190781443,25.0,0.7802371711196148,-0.8,3.811,25.16,25.03,-3.0488
184.0,-0.8101925286355286,3.814288259740143,25.095641537081804,25.0,0.7801632630551034,-0.807,3.813,25.47,25.09,-3.0770910000000002
185.0,-0.8101925286355286,3.8142012867874167,25.0961262780952,25.0,0.7800888195969214,-0.798,3.814,25.28,25.21,-3.043572
186.0,-0.8101925286355286,3.814116042677071,25.096608479228053,25.0,0.7800138195904992,-0.8,3.8120000000000003,25.26,25.35,-3.0496000000000003
187.0,-0.8101925286355286,3.814030968319035,25.097088204308875,25.0,0.7799388017637737,-0.806,3.815,25.39,25.240000000000002,-3.0748900000000003
188.0,-0.8101925286355286,3.813946011117949,25.0975655155882,25.0,0.7798637839370481,-0.8140000000000001,3.8120000000000003,25.19,25.14,-3.1029680000000006
189.0,-0.8101925286355286,3.813861169790454,25.098040473738763,25.0,0.7797887661103227,-0.8200000000000001,3.815,25.22,25.05,-3.1283000000000003
190.0,-0.8101925286355286,3.8137764430653127,25.098513137855207,25.0,0.7797137482835972,-0.81,3.814,25.310000000000002,25.14,-3.0893400000000004
191.0,-0.8101925286355286,3.813691829683408,25.098983565454432,25.0,0.7796387304568716,-0.797,3.815,25.400000000000002,25.2,-3.040555
192.0,-0.8101925286355286,3.8136073283977474,25.099451812475195,25.0,0.7795637126301461,-0.803,3.81,25.35,24.96,-3.0594300000000003
193.0,-0.8101925286355286,3.813522937973458,25.09991793329084,25.0,0.7794886948034206,-0.8180000000000001,3.813,25.32,25.080000000000002,-3.1190340000000005
194.0,-0.8101925286355286,3.81343865718779,25.10038198076046,25.0,0.7794136769766951,-0.803,3.8120000000000003,25.310000000000002,25.13,-3.0610360000000005
195.0,-0.8101925286355286,3.813354484830117,25.100844002323697,25.0,0.7793386591499696,-0.801,3.81,25.34,25.17,-3.05181
196.0,-0.8101925286355286,3.81327041970193,25.101304042899585,25.0,0.7792636413232441,-0.8140000000000001,3.814,25.32,25.19,-3.1045960000000004
197.0,-0.8101925286355286,3.813186460616847,25.10176214645952,25.0,0.7791886234965185,-0.804,3.811,25.2,25.14,-3.064044
198.0,-0.8101925286355286,3.813102606400604,25.10221835602732,25.0,0.779113605669793,-0.805,3.811,25.310000000000002,25.25,-3.067855
199.0,-0.8101925286355286,3.813018855891063,25.1026727136794,25.0,0.7790385878430676,-0.8170000000000001,3.81,25.2,25.21,-3.1127700000000003
200.0,-0.8101925286355286,3.812935207938205,25.103125260544573,25.0,0.778963570016342,-0.802,3.813,25.310000000000002,25.16,-3.0580260000000004
201.0,-0.8101925286355286,3.8128516614041312,25.10357603680416,25.0,0.7788885521896165,-0.8,3.809,25.26,25.26,-3.0472
202.0,-0.8101925286355286,3.812768215163071,25.104025081691987,25.0,0.778813534362891,-0.794,3.813,25.560000000000002,25.26,-3.0275220000000003
203.0,-0.8101925286355286,3.8126848681013694,25.104472433494266,25.0,0.7787385165361655,-0.795,3.814,25.3,25.05,-3.03213
204.0,-0.8101925286355286,3.812601619117496,25.10491812954973,25.0,0.77866349870944,-0.8190000000000001,3.813,25.16,25.2,-3.122847
205.0,-0.8101925286355286,3.812518467122044,25.10536220624965,25.0,0.7785884808827145,-0.8150000000000001,3.813,25.29,25.29,-3.1075950000000003
206.0,-0.8101925286355286,3.812435411037724,25.105804699037662,25.0,0.778513463055989,-0.8,3.813,25.36,25.310000000000002,-3.0504000000000002
207.0,-0.8101925286355286,3.812352449799373,25.106245642409988,25.0,0.7784384452292634,-0.8,3.809,25.47,25.240000000000002,-3.0472
208.0,-0.8101925286355286,3.8122757065590074,25.10668503365133,25.0,0.778361351641749,-0.8,3.814,25.25,25.18,-3.0512
209.0,-0.8101925286355286,3.8122352592558646,25.107120914517395,25.0,0.7782719498417047,-0.767,3.81,25.150000000000002,25.240000000000002,-2.92227
210.0,-0.8101925286355286,3.812215976822088,25.10755400849604,25.0,0.7781752861387591,-0.799,3.811,25.39,25.28,-3.044989
211.0,-0.8101925286355286,3.812197584370697,25.107986381875666,25.0,0.778078174955589,-0.794,3.811,25.17,25.21,-3.025934
212.0,-0.8101925286355286,3.81216276341668,25.108419420102564,25.0,0.7779864584792113,-0.796,3.8120000000000003,25.26,25.22,-3.034352
213.0,-0.8101925286355286,3.812097151876993,25.108853827781275,25.0,0.7779050066609827,-0.799,3.81,25.28,25.18,-3.0441900000000004
214.0,-0.8101925286355286,3.811989344070555,25.109289628674446,25.0,0.7778377172165998,-0.808,3.811,25.3,25.07,-3.079288
215.0,-0.8101925286355286,3.811830890718255,25.1097261657028,25.0,0.7777875156260992,-0.798,3.8080000000000003,25.38,25.18,-3.0387840000000006
216.0,-0.8101925286355286,3.811616298942949,25.11016210094516,25.0,0.7777563551338574,-0.8130000000000001,3.813,25.240000000000002,25.13,-3.099969
217.0,-0.8101925286355286,3.811343032269456,25.11059541563856,25.0,0.7777452167485909,-0.808,3.8120000000000003,25.28,25.13,-3.0800960000000006
218.0,-0.4887736444421316,3.810649271542081,25.111023410178063,25.0,0.777754109243356,-0.489,3.809,25.310000000000002,25.34,-1.862601
219.0,-0.1673547602487345,3.809900632172064,25.111442123394227,25.0,0.777782069155549,-0.162,3.8080000000000003,25.330000000000002,25.3,-0.6168960000000001
220.0,0.1540641239446624,3.809103446890127,25.111840779877355,25.0,0.7778271607869062,0.182,3.809,25.32,25.03,0.693238
221.0,0.4754830081380595,3.808267004828959,25.11221290956468,25.0,0.7778864762035035,0.462,3.806,25.36,25.09,1.758372
222.0,0.7969018923314565,3.8074035515232154,25.112555083928385,25.0,0.7779561352357572,0.809,3.807,25.400000000000002,25.16,3.079863
223.0,0.7969018923314565,3.806890527992003,25.112865284912004,25.0,0.7780312854784234,0.786,3.8080000000000003,25.35,25.14,2.993088
224.0,0.7969018923314565,3.8063838534914263,25.11314290493061,25.0,0.7781061022905977,0.797,3.8040000000000003,25.36,25.23,3.0317880000000006
225.0,0.6375215138651653,3.806084264448573,25.113388746870555,25.0,0.7781737887957162,0.653,3.806,25.16,25.080000000000002,2.485318
226.0,0.4781411353988741,3.805835548777689,25.11360502408985,25.0,0.7782267698781299,0.484,3.805,25.32,25.3,1.84162
227.0,0.3187607569325829,3.805638145279304,25.113795360417782,25.0,0.7782643757665458,0.313,3.8040000000000003,25.36,25.2,1.190652
228.0,0.1593803784662917,3.805479985963256,25.113964790155197,25.0,0.7782902433605137,0.157,3.803,25.39,25.17,0.597071
229.0,5.329070518200751e-16,3.805353763907792,25.114119758074253,25.0,0.778306697119276,0.012,3.807,25.240000000000002,25.2,0.045684
230.0,5.329070518200751e-16,3.805073301917024,25.114265537057577,25.0,0.7783158205415786,-0.002,3.803,25.25,25.16,-0.007606
231.0,5.329070518200751e-16,3.804812417580529,25.114400619156413,25.0,0.7783194561656703,0.007,3.8000000000000003,25.26,25.0,0.026600000000000002
232.0,5.329070518200751e-16,3.804566058213746,25.1145251759379,25.0,0.7783192055693031,0.005,3.805,25.37,25.2,0.019025
233.0,5.329070518200751e-16,3.804329922544513,25.114639530503325,25.0,0.7783164293697318,-0.002,3.801,25.42,25.17,-0.007602
234.0,5.329070518200751e-16,3.8041004607130655,25.114744013241648,25.0,0.7783122472237145,0.026000000000000002,3.8040000000000003,25.27,25.1,0.09890400000000002
235.0,5.329070518200751e-16,3.803874874272036,25.114838961829435,25.0,0.7783075378275124,0.011,3.806,25.41,25.310000000000002,0.041866
236.0,5.329070518200751e-16,3.803651116186456,25.114924721230807,25.0,0.7783029389168895,-0.015,3.8040000000000003,25.330000000000002,25.27,-0.05706
237.0,5.329070518200751e-16,3.8034278908337527,25.115001643697667,25.0,0.7782988472671132,0.007,3.805,25.3,25.44,0.026635000000000002
238.0,5.329070518200751e-16,3.803204654003753,25.1150700887693,25.0,0.7782954186929538,-0.002,3.806,25.29,25.28,-0.007612
239.0,5.329070518200751e-16,3.802981612898679,25.11513042327277,25.0,0.7782925680486847,0.014,3.8040000000000003,25.39,25.14,0.053256000000000005
240.0,5.329070518200751e-16,3.8027597261331527,25.115183021322764,25.0,0.7782899692280824,-0.003,3.802,25.35,25.11,-0.011406000000000001
241.0,5.329070518200751e-16,3.802540703734192,25.1152282643215,25.0,0.7782870551644262,0.004,3.805,25.54,25.150000000000002,0.015220000000000001
242.0,5.329070518200751e-16,3.802327007141214,25.115266540958828,25.0,0.778283017830499,0.01,3.805,25.23,25.13,0.03805
243.0,-0.0449773544546254,3.802172538684502,25.11529827396015,25.0,0.7782768082385864,-0.031,3.805,25.37,25.21,-0.117955
244.0,-0.1267790521933426,3.802072074184679,25.1153247917955,25.0,0.7782671364404771,-0.134,3.8000000000000003,25.26,25.05,-0.5092000000000001
245.0,-0.2387299722406459,3.802036362589409,25.11534841011803,25.0,0.7782478944754769,-0.23700000000000002,3.798,25.23,25.26,-0.9001260000000001
246.0,-0.3753649877733734,3.8020726195180594,25.115371335123317,25.0,0.7782144632214175,-0.375,3.8000000000000003,25.310000000000002,25.21,-1.425
247.0,-0.5322096313919312,3.802170510210001,25.115395597568806,25.0,0.7781684428861962,-0.534,3.803,25.330000000000002,25.25,-2.030802
248.0,-0.6606231645780006,3.8022702461190017,25.11542305277368,25.0,0.7781113383378564,-0.638,3.802,25.61,25.09,-2.425676
249.0,-0.7657592733088358,3.8023730000055016,25.11545538061893,25.0,0.7780445546219303,-0.757,3.801,25.3,25.22,-2.877357
250.0,-0.8518374387857209,3.802479226771428,25.11549408554748,25.0,0.7779693969614394,-0.859,3.803,25.2,25.330000000000002,-3.266777
251.0,-0.9223122800301824,3.802588854309299,25.11554049656388,25.0,0.7778870707568937,-0.908,3.799,25.34,25.11,-3.4494920000000002
252.0,-0.9800121998753112,3.802701439756255,25.115595767234595,25.0,0.7777986815862925,-0.9540000000000001,3.802,25.11,25.11,-3.627108
253.0,-1.027252898702653,3.802816297424043,25.11566087568792,25.0,0.7777052352051239,-1.012,3.8040000000000003,25.310000000000002,25.27,-3.849648
254.0,-1.0659303116294925,3.8029326035392255,25.115736624613877,25.0,0.7776076375463649,-1.076,3.803,25.32,25.1,-4.092028
255.0,-1.097596699042192,3.8030494819972094,25.115823641264285,25.0,0.7775066947204815,-1.097,3.803,25.400000000000002,25.18,-4.171891
256.0,-1.1235229442558503,3.8031660745717097,25.115922377452875,25.0,0.7774031130154287,-1.106,3.805,25.41,25.35,-4.20833
257.0,-1.1447495585241136,3.803281598397399,25.11603310955508,25.0,0.7772974988966503,-1.147,3.802,25.27,25.11,-4.360894
258.0,-1.1621284404092644,3.803395393032712,25.1161559385082,25.0,0.7771903590070791,-1.153,3.801,25.3,25.35,-4.382553000000001
259.0,-1.176357065462747,3.8035069589916186,25.116290789811387,25.0,0.777082100167137,-1.164,3.805,25.240000000000002,25.17,-4.4290199999999995
260.0,-1.1880064783680495,3.803615989290769,25.116437413525432,25.0,0.7769730293747344,-1.192,3.805,25.2,25.09,-4.53556
261.0,-1.197544210968924,3.80372239527811,25.116595422040405,25.0,0.7768633538052714,-1.193,3.8040000000000003,25.35,25.26,-4.538172
262.0,-1.2053530459638944,3.803826327779571,25.116764838642723,25.0,0.7767531808116361,-1.233,3.803,25.19,25.21,-4.689099000000001
263.0,-1.211746379319988,3.8039281944125016,25.116945612115444,25.0,0.7766425179242062,-1.217,3.803,25.28,25.2,-4.628251000000001
264.0,-1.2094125179552546,3.8040201443091606,25.117137584679085,25.0,0.7765312728508483,-1.207,3.8000000000000003,25.22,25.12,-4.586600000000001
265.0,-1.2055776151982056,3.8041167474819657,25.117340593296035,25.0,0.776417232132409,-1.213,3.805,25.37,25.21,-4.615465
266.0,-1.200513763691625,3.804234247275976,25.11755446967072,25.0,0.7762947421623351,-1.179,3.805,25.5,24.990000000000002,-4.486095000000001
267.0,-1.194443734049846,3.804367690943534,25.117779040249445,25.0,0.7761655598345613,-1.204,3.801,25.19,25.22,-4.576404
268.0,-1.1875499154257052,3.804510887772614,25.118014126220658,25.0,0.7760318724871729,-1.187,3.805,25.13,25.330000000000002,-4.516535
269.0,-1.1875499154257052,3.804666560539752,25.11825954351451,25.0,0.7758957292937004,-1.181,3.8040000000000003,25.310000000000002,25.02,-4.492524
270.0,-1.1875499154257052,3.8048213862414872,25.118515102803254,25.0,0.7757590412631202,-1.168,3.802,25.32,25.16,-4.440735999999999
271.0,-1.1875499154257052,3.804970232505312,25.11878060950113,25.0,0.7756235812398535,-1.197,3.802,25.34,25.11,-4.550994
272.0,-1.1875499154257052,3.8051083882560826,25.11905586376423,25.0,0.775490983903767,-1.171,3.805,25.27,25.05,-4.455655
273.0,-1.1875499154257052,3.8052315637160223,25.119340660490597,25.0,0.775362745770173,-1.182,3.803,25.3,24.990000000000002,-4.495146
274.0,-1.1875499154257052,3.8053358904047143,25.1196347893204,25.0,0.7752402251898288,-1.192,3.8080000000000003,25.36,25.080000000000002,-4.539136
275.0,-1.1875499154257052,3.805417921139112,25.11993803463554,25.0,0.7751246423489374,-1.178,3.806,25.42,25.18,-4.483468
276.0,-1.1875499154257052,3.805474630033527,25.120250175560045,25.0,0.7750170792691471,-1.181,3.805,25.12,25.310000000000002,-4.493705
277.0,-1.1875499154257052,3.805503412499641,25.120570985959773,25.0,0.7749184798075512,-1.189,3.806,25.28,25.05,-4.525334
278.0,-1.1875499154257052,3.805502085246494,25.12090023444261,25.0,0.774829649656689,-1.182,3.807,25.34,25.23,-4.499873999999999
279.0,-1.1875499154257052,3.8054688862804977,25.121237684358448,25.0,0.7747512563445447,-1.186,3.806,25.23,25.22,-4.513916
280.0,-1.1875499154257052,3.805402474905422,25.12158309379896,25.0,0.7746838292345478,-1.181,3.805,25.490000000000002,25.37,-4.493705
281.0,-1.1875499154257052,3.8053019317224046,25.121936215598,25.0,0.7746277595255737,-1.176,3.802,25.26,25.26,-4.471152
282.0,-1.1875499154257052,3.805166758629946,25.12229679733116,25.0,0.7745833002519426,-1.167,3.81,25.32,25.26,-4.44627
283.0,-1.1875499154257052,3.804996878823913,25.1226645813162,25.0,0.7745505662834202,-1.195,3.802,25.38,25.27,-4.5433900000000005
284.0,-1.1875499154257052,3.804792636797534,25.123039304612632,25.0,0.7745295343252179,-1.161,3.803,25.26,25.11,-4.415283
285.0,-1.1875499154257052,3.804554798341404,25.123419912446707,25.0,0.7745200429179921,-1.202,3.8000000000000003,25.14,25.14,-4.5676000000000005
286.0,-0.8255901268649376,3.803876621861773,25.123799097597896,25.0,0.7745217924378447,-0.8220000000000001,3.8040000000000003,25.28,25.310000000000002,-3.1268880000000006
287.0,-0.4636303383041699,3.803167644425675,25.12417022794756,25.0,0.7745343450963228,-0.453,3.802,25.43,24.990000000000002,-1.7223060000000001
288.0,-0.1016705497434022,3.8024298957157936,25.12452798429638,25.0,0.7745571249404193,-0.094,3.803,25.29,25.13,-0.357482
289.0,0.2602892388173654,3.801665826712183,25.12486786412734,25.0,0.774589417852572,0.259,3.797,25.240000000000002,25.07,0.983423
290.0,0.622249027378133,3.80087830969226,25.125186181605784,25.0,0.7746303715506642,0.625,3.802,25.42,25.22,2.37625
291.0,0.622249027378133,3.800478566912513,25.125480067579304,25.0,0.7746789955880247,0.622,3.798,25.29,25.16,2.362356
292.0,0.622249027378133,3.8000623845633776,25.12574746957773,25.0,0.7747341613534274,0.621,3.799,25.27,25.26,2.359179
293.0,0.622249027378133,3.7996338988143656,25.12598715181332,25.0,0.7747946020710921,0.636,3.8000000000000003,25.34,25.19,2.4168000000000003
294.0,0.622249027378133,3.799197667132351,25.12619869518056,25.0,0.7748589128006833,0.631,3.799,25.400000000000002,25.05,2.397169
295.0,0.622249027378133,3.798758668281572,25.12638249725626,25.0,0.7749255504373113,0.62,3.798,25.560000000000002,25.05,2.35476
296.0,0.622249027378133,3.7983223023236303,25.12653977229951,25.0,0.7749928337115316,0.636,3.799,25.41,25.2,2.416164
297.0,0.622249027378133,3.797894390617495,25.12667255125172,25.0,0.7750589431893451,0.63,3.798,25.44,25.12,2.39274
298.0,0.622249027378133,3.797481175819496,25.126783681736526,25.0,0.775121921272198,0.635,3.7960000000000003,25.28,25.150000000000002,2.41046
299.0,0.622249027378133,3.797089321883331,25.12687682806001,25.0,0.775179672196982,0.634,3.7960000000000003,25.22,25.29,2.406664
300.0,0.4977992219025066,3.7968661689908303,25.12695603314637,25.0,0.7752299620360342,0.495,3.7960000000000003,25.330000000000002,25.28,1.8790200000000001
301.0,0.3733494164268801,3.796678425790503,25.127022488522584,25.0,0.7752703236864026,0.373,3.794,25.34,25.38,1.415162
302.0,0.2488996109512537,3.796527339053206,25.127076710172677,25.0,0.7752997256945361,0.261,3.798,25.22,25.17,0.9912780000000001
303.0,0.1244498054756272,3.796410697004288,25.127119427436867,25.0,0.775318751480156,0.136,3.7960000000000003,25.310000000000002,25.14,0.516256
304.0,7.549516567451064e-16,3.79632631752428,25.12715148263561,25.0,0.7753279988834229,0.005,3.795,25.37,25.240000000000002,0.018975
305.0,7.549516567451064e-16,3.796131831728548,25.127173831070195,25.0,0.7753280480895454,0.006,3.798,25.36,25.14,0.022788
306.0,7.549516567451064e-16,3.7959654487596017,25.12718754102229,25.0,0.7753194616287812,0.018000000000000002,3.795,25.38,25.150000000000002,0.06831000000000001
307.0,7.549516567451064e-16,3.795825190994788,25.127193793754145,25.0,0.7753027843764365,-0.001,3.794,25.36,25.18,-0.003794
308.0,7.549516567451064e-16,3.795709148977054,25.127193883508653,25.0,0.775278543552866,0.01,3.794,25.28,25.37,0.03794
309.0,7.549516567451064e-16,3.795615481414953,25.12718921750917,25.0,0.7752472487234732,0.003,3.795,25.28,25.27,0.011385
310.0,-0.0934440814800996,3.795647726662471,25.12718131595966,25.0,0.7752093917987098,-0.091,3.795,25.21,25.28,-0.34534499999999996
311.0,-0.2633937061610828,3.795785090026727,25.127171812044537,25.0,0.7751654470340767,-0.247,3.793,25.51,25.36,-0.936871
312.0,-0.495980771841565,3.796010305361907,25.12716245192894,25.0,0.775115871030123,-0.483,3.795,25.330000000000002,25.29,-1.8329849999999999
313.0,-0.7798510367624446,3.796309007808518,25.127155094758397,25.0,0.7750611027324465,-0.767,3.794,25.3,25.09,-2.9099980000000003
314.0,-1.105708434017663,3.796669220235732,25.1271517126591,25.0,0.7750015634316937,-1.088,3.794,25.23,25.29,-4.127872
315.0,-1.372497906268459,3.796975621296103,25.127155884997308,25.0,0.7749376567635596,-1.367,3.793,25.62,25.3,-5.185031
316.0,-1.5909266517976306,3.797238913869882,25.12717548994021,25.0,0.7748697687087879,-1.579,3.7960000000000003,25.22,25.27,-5.993884
317.0,-1.769760983118608,3.797467681624657,25.127213809851582,25.0,0.7747982675931706,-1.768,3.793,25.28,25.18,-6.706024
318.0,-1.9161781498772288,3.7976687855197686,25.12727329648999,25.0,0.774723504087549,-1.9080000000000001,3.7960000000000003,25.37,25.25,-7.242768000000001
319.0,-2.03605438708106,3.797847688436666,25.127356018741068,25.0,0.7746458112078123,-2.032,3.7960000000000003,25.39,25.2,-7.713472
320.0,-2.1342007490431065,3.79800872096376,25.12746366261746,25.0,0.7745655043148987,-2.128,3.799,25.42,25.1,-8.084272
321.0,-2.2145561938841576,3.798155299002654,25.127597531259084,25.0,0.7744828811147948,-2.204,3.795,25.51,25.13,-8.364180000000001
322.0,-2.280345667752788,3.798290101929068,25.127758544932878,25.0,0.774398221658536,-2.2840000000000003,3.7960000000000003,25.38,25.27,-8.670064000000002
323.0,-2.3342095332378547,3.7984152184586497,25.12794724103281,25.0,0.7743117883422063,-2.308,3.797,25.22,25.11,-8.763475999999999
324.0,-2.378309536390135,3.798532266071815,25.128163774080008,25.0,0.7742238259069382,-2.383,3.7960000000000003,25.3,25.12,-9.045868
325.0,-2.414415565181743,3.798642488790528,25.128407914975757,25.0,0.7741345614389127,-2.422,3.8000000000000003,25.36,25.28,-9.203600000000002
326.0,-2.1478910408565164,3.798413148714356,25.12867769030072,25.0,0.7740442043693597,-2.1310000000000002,3.795,25.54,25.21,-8.087145000000001
327.0,-1.8728894607124056,3.798175142524182,25.12896773810303,25.0,0.7739529464745576,-1.86,3.7960000000000003,25.19,25.26,-7.060560000000001
328.0,-1.5909474542738162,3.797929655856513,25.1292728451279,25.0,0.7738609618758332,-1.58,3.798,25.45,25.080000000000002,-6.00084
329.0,-1.303323107388466,3.797677628594736,25.12958852658789,25.0,0.7737684070395624,-1.292,3.798,25.35,25.25,-4.9070160000000005
330.0,-1.0110464536298938,3.7974198117729303,25.12991102616286,25.0,0.7736754207771691,-1.006,3.7960000000000003,25.41,25.13,-3.818776
331.0,-1.0110464536298938,3.7974905026815735,25.13023731599958,25.0,0.7735821242451263,-1.0150000000000001,3.793,25.32,25.1,-3.8498950000000005
332.0,-1.0110464536298938,3.797560032049329,25.130565096712417,25.0,0.7734886209449553,-1.0050000000000001,3.7960000000000003,25.25,25.150000000000002,-3.8149800000000007
333.0,-1.0110464536298938,3.7976281945592514,25.13089279738261,25.0,0.7733949967232263,-1.0130000000000001,3.799,25.41,25.34,-3.8483870000000002
334.0,-1.0110464536298938,3.7976948530599977,25.131219575558877,25.0,0.7733013197715578,-0.996,3.797,25.400000000000002,25.16,-3.781812
335.0,-1.0110464536298938,3.797759938565832,25.131545317257064,25.0,0.7732076406266172,-1.008,3.797,25.43,25.42,-3.827376
336.0,-1.0110464536298938,3.7978234502566175,25.13187050217607,25.0,0.7731139921701201,-1.014,3.795,25.330000000000002,24.990000000000002,-3.84813
337.0,-1.0110464536298938,3.7978854554778296,25.132195391747643,25.0,0.7730203896288312,-1.0090000000000001,3.795,25.27,25.05,-3.8291550000000005
338.0,-1.0110464536298938,3.797946089740541,25.13252009162619,25.0,0.7729268305745637,-1.002,3.797,25.18,25.330000000000002,-3.8045940000000003
339.0,-1.0110464536298938,3.798005556721429,25.13284471092834,25.0,0.7728332949241791,-1.012,3.794,25.41,25.36,-3.839528
340.0,-1.0110464536298938,3.79806412826278,25.133169361670184,25.0,0.7727397449395876,-1.014,3.799,25.38,25.11,-3.852186
341.0,-1.0110464536298938,3.798126734277681,25.13349415876712,25.0,0.7726444864230853,-1.004,3.795,25.240000000000002,25.21,-3.81018
342.0,-1.0110464536298938,3.7982164018243383,25.133819220033786,25.0,0.7725392900698147,-1.004,3.797,25.28,25.27,-3.8121880000000004
343.0,-1.0110464536298938,3.7983289489713417,25.134144666184117,25.0,0.7724255301314966,-1.0110000000000001,3.794,25.29,25.18,-3.8357340000000004
344.0,-1.0110464536298938,3.7984562390418977,25.13447062083145,25.0,0.7723059987138641,-1.0110000000000001,3.797,25.19,25.21,-3.8387670000000007
345.0,-1.0110464536298938,3.79859072611089,25.134797210488387,25.0,0.7721832913293044,-1.004,3.795,25.25,25.2,-3.81018
346.0,-1.0110464536298938,3.798725455004877,25.13512456456681,25.0,0.7720598068968588,-1.0210000000000001,3.793,25.22,25.05,-3.8726530000000006
347.0,-1.0110464536298938,3.7988540613020936,25.13545281537796,25.0,0.7719377477422226,-1.02,3.799,25.29,25.17,-3.87498
348.0,-1.0110464536298938,3.7989707713324505,25.13578209813238,25.0,0.7718191195977447,-1.0130000000000001,3.801,25.26,25.2,-3.8504130000000005
349.0,-1.0110464536298938,3.799070402177534,25.13611254331664,25.0,0.7717057316024285,-1.008,3.8000000000000003,25.17,25.21,-3.8304000000000005
350.0,-1.0110464536298938,3.799148361670606,25.136444251851685,25.0,0.771599196301931,-1.0030000000000001,3.8000000000000003,25.54,25.03,-3.811400000000001
351.0,-1.0110464536298938,3.7992006483966048,25.13677729716693,25.0,0.7715009296485634,-0.991,3.797,25.46,25.28,-3.762827
352.0,-1.0110464536298938,3.799223851692144,25.137111721874877,25.0,0.7714121510012908,-0.997,3.8000000000000003,25.26,25.21,-3.7886
353.0,-1.0110464536298938,3.799215151645513,25.13744753767025,25.0,0.7713338831257321,-1.008,3.801,25.36,25.09,-3.831408
354.0,-1.0110464536298938,3.799172319096678,25.137784725329997,25.0,0.7712669521941606,-1.006,3.798,25.38,25.38,-3.820788
355.0,-1.0110464536298938,3.7990937156372793,25.138123234713305,25.0,0.7712119877855033,-1.016,3.7960000000000003,25.46,25.17,-3.856736
356.0,-1.0110464536298938,3.798978293610634,25.13846298476153,25.0,0.771169422885341,-1.006,3.797,25.26,25.17,-3.819782
357.0,-1.0110464536298938,3.798825596111736,25.138803879490865,25.0,0.7711394938859089,-1.0090000000000001,3.801,25.45,25.26,-3.8352090000000008
358.0,-1.0110464536298938,3.798635756987252,25.139146526144827,25.0,0.7711222405860959,-1.0030000000000001,3.797,25.28,25.39,-3.8083910000000007
359.0,-0.6716051701801724,3.79802695050908,25.13948674430844,25.0,0.771117506191445,-0.675,3.79,25.21,25.27,-2.55825
360.0,-0.3321638867304511,3.797383042353688,25.139818627216584,25.0,0.7711249373141531,-0.322,3.793,25.41,25.28,-1.221346
361.0,0.0072773967192701,3.796705938622771,25.14013693973459,25.0,0.771143983973071,0.028,3.795,25.47,25.1,0.10626
362.0,0.3467186801689915,3.795998136169702,25.14043711835853,25.0,0.7711738995937039,0.35100000000000003,3.797,25.6,25.21,1.3327470000000001
363.0,0.6861599636187128,3.795262722599529,25.1407152712153,25.0,0.7712137410082104,0.6950000000000001,3.794,25.22,25.150000000000002,2.6368300000000002
364.0,0.6861599636187128,3.794885926595422,25.14096817806228,25.0,0.7712623684554034,0.6980000000000001,3.7960000000000003,25.41,25.27,2.6496080000000006
365.0,0.6861599636187128,3.794489466939333,25.14119329028756,25.0,0.7713184455807498,0.687,3.7920000000000003,25.3,25.28,2.6051040000000003
366.0,0.6861599636187128,3.7940782034913374,25.141388991179383,25.0,0.7713804394363704,0.6930000000000001,3.789,25.42,25.36,2.6257770000000002
367.0,0.6861599636187128,3.793657586863187,25.141558100971167,25.0,0.7714466204810398,0.6910000000000001,3.7920000000000003,25.19,24.98,2.6202720000000004
368.0,0.6861599636187128,3.793233658418307,25.14170273699301,25.0,0.7715150625801871,0.6920000000000001,3.793,25.22,25.14,2.6247560000000005
369.0,0.6861599636187128,3.7928130502718,25.14182431316368,25.0,0.7715836430058949,0.683,3.7920000000000003,25.26,25.330000000000002,2.5899360000000002
370.0,0.6861599636187128,3.792402985290445,25.141924457857385,25.0,0.7716500424368998,0.6910000000000001,3.789,25.35,25.060000000000002,2.618199
371.0,0.5489279708949703,3.792165937548496,25.142005013903315,25.0,0.7717117449585927,0.559,3.79,25.28,25.28,2.1186100000000003
372.0,0.4116959781712276,3.791955650960284,25.14206803858582,25.0,0.7717660380630182,0.431,3.7960000000000003,25.41,25.310000000000002,1.636076
373.0,0.2744639854474851,3.791781120647612,25.1421158036444,25.0,0.771810012648875,0.289,3.7880000000000003,25.44,25.2,1.094732
374.0,0.1372319927237425,3.791651932483964,25.14215079527372,25.0,0.7718405630215158,0.164,3.7920000000000003,25.400000000000002,25.060000000000002,0.6218880000000001
375.0,0.0,3.7915782630944967,25.142175897543268,25.0,0.7718543868929472,-0.003,3.786,25.5,25.19,-0.011358
376.0,0.0,3.791381054250528,25.142194175149143,25.0,0.7718594162488349,0.014,3.7920000000000003,25.38,25.35,0.053088
377.0,0.0,3.791152505513872,25.142205273103,25.0,0.7718758693610028,0.007,3.7880000000000003,25.22,25.35,0.026516
378.0,0.0,3.790903053802495,25.14220859056809,25.0,0.771900196157028,0.027,3.791,25.48,25.22,0.102357
379.0,0.0,3.790644633269925,25.14220385953888,25.0,0.7719283586614145,-0.003,3.787,25.28,25.1,-0.011361
380.0,0.0,3.790388188363734,25.142191144840865,25.0,0.7719566405449632,-0.003,3.79,25.43,25.37,-0.01137
381.0,0.0,3.7901436738255394,25.142170844130877,25.0,0.7719816471247705,-0.001,3.787,25.5,25.28,-0.003787
382.0,0.0,3.789920054691004,25.14214368789669,25.0,0.7720003053642296,-0.016,3.787,25.39,25.11,-0.060592
383.0,0.0,3.789725306289839,25.142110739457397,25.0,0.7720098638730297,-0.0,3.79,25.19,25.23,-0.0
384.0,-0.0990277929827405,3.78967801856849,25.14207339496301,25.0,0.7720078929071563,-0.10200000000000001,3.7880000000000003,25.25,25.23,-0.38637600000000005
385.0,-0.2791326854898906,3.789763957013232,25.14203338339485,25.0,0.7719922843688911,-0.273,3.79,25.47,25.14,-1.03467
386.0,-0.5256178927480392,3.789971564559474,25.14199276656535,25.0,0.7719612518068117,-0.517,3.789,25.330000000000002,25.23,-1.9589130000000001
387.0,-0.8264507050918259,3.7902912968493134,25.14195393911814,25.0,0.7719133304157926,-0.803,3.789,25.35,25.310000000000002,-3.0425670000000005
388.0,-1.1717795730753622,3.790715077986469,25.141919628527774,25.0,0.7718473770370038,-1.157,3.791,25.42,25.17,-4.386187
389.0,-1.4545109372190896,3.7911242506233873,25.14189463966244,25.0,0.771762570157912,-1.455,3.789,25.41,25.32,-5.512995
390.0,-1.685991799903249,3.7915326502197857,25.14188443164221,25.0,0.77165840991228,-1.69,3.789,25.37,25.02,-6.40341
391.0,-1.875512300931792,3.791950804445299,25.14189183919757,25.0,0.7715347180801666,-1.866,3.79,25.32,25.42,-7.07214
392.0,-2.030678563462607,3.79238635337685,25.141919474292425,25.0,0.7713916380879273,-2.039,3.794,25.310000000000002,25.21,-7.735966
393.0,-2.1577179544367566,3.7928443935271496,25.141969740503384,25.0,0.7712296350082133,-2.134,3.7920000000000003,25.43,25.310000000000002,-8.092128
394.0,-2.2617290106795904,3.793327759511416,25.14204483301989,25.0,0.7710494955599723,-2.245,3.791,25.400000000000002,25.22,-8.510795
395.0,-2.3468860610857227,3.7938372546565735,25.14214673864427,25.0,0.7708523281084482,-2.347,3.794,25.32,25.12,-8.904518
396.0,-2.416606757094635,3.794371839808102,25.1422772357916,25.0,0.7706395626651811,-2.4290000000000003,3.794,25.45,25.2,-9.215626
397.0,-2.4736892350431323,3.794928787912006,25.14243789448983,25.0,0.7704129508880072,-2.455,3.795,25.330000000000002,25.01,-9.316725
398.0,-2.520424415201463,3.795503810575828,25.14263007637965,25.0,0.7701745660810592,-2.517,3.793,25.26,25.27,-9.546981
399.0,-2.5586879444477284,3.796091161688046,25.14285493471453,25.0,0.7699268031947658,-2.541,3.794,25.27,25.22,-9.640554
400.0,-2.5900154725629445,3.796683722254452,25.14311341436093,25.0,0.7696723788258519,-2.601,3.794,25.25,25.18,-9.868194
401.0,-2.6156642832487877,3.797273069856316,25.1434062517979,25.0,0.7694143312173388,-2.617,3.7960000000000003,25.32,25.28,-9.934132
402.0,-2.636663753337161,3.79784953551791,25.143734447486395,25.0,0.7691560202585439,-2.632,3.798,25.47,25.2,-9.996336000000001
403.0,-2.6538566652968547,3.798402250265704,25.144101993884703,25.0,0.7689011274850808,-2.648,3.798,25.26,25.26,-10.057104
404.0,-2.667933031053218,3.798919393790505,25.144508780604724,25.0,0.7686536661555672,-2.6670000000000003,3.799,25.36,25.3,-10.131933
405.0,-2.679457784589526,3.79939574745201,25.14495354542663,25.0,0.7684162427332106,-2.668,3.801,25.28,25.150000000000002,-10.141068
406.0,-2.688893454731346,3.7998350933204335,25.14543489970333,25.0,0.7681880782124596,-2.695,3.8000000000000003,25.32,25.12,-10.241
407.0,-2.696618728052354,3.800241495552078,25.145951328359843,25.0,0.7679680819280511,-2.693,3.799,25.19,25.03,-10.230707
408.0,-2.56028466502113,3.800457949003664,25.146501189893684,25.0,0.7677552276359351,-2.5540000000000003,3.797,25.32,25.21,-9.697538000000002
409.0,-2.4221368446936866,3.8006479712894015,25.147082716374825,25.0,0.7675485535132751,-2.412,3.798,25.330000000000002,25.25,-9.160776
410.0,-2.2825040454892074,3.8008149245242175,25.14769401344552,25.0,0.7673471621584483,-2.27,3.799,25.400000000000002,25.07,-8.62373
411.0,-2.141655448410429,3.800961888391791,25.14833306032051,25.0,0.7671502205910451,-2.148,3.802,25.37,25.34,-8.166696
412.0,-1.9998114402224345,3.801091672319732,25.148997709786958,25.0,0.7669569602518693,-2.0100000000000002,3.8000000000000003,25.23,25.12,-7.638000000000002
413.0,-1.9998114402224345,3.8013676021203535,25.149685688204386,25.0,0.7667666770029383,-1.982,3.799,25.46,24.990000000000002,-7.529618
414.0,-1.9998114402224345,3.801631950118232,25.150394595504626,25.0,0.7665787311274829,-1.991,3.799,25.37,25.35,-7.563809
415.0,-1.9998114402224345,3.8018866315702073,25.15112190519204,25.0,0.766392547329947,-2.0020000000000002,3.801,25.37,25.0,-7.6096020000000015
416.0,-1.9998114402224345,3.80213334646816,25.15186496434336,25.0,0.7662076147359885,-1.979,3.803,25.35,25.3,-7.526137
417.0,-1.9998114402224345,3.802373579539006,25.152620993607627,25.0,0.7660234868924782,-1.994,3.805,25.3,25.27,-7.58717
418.0,-1.9998114402224345,3.802608600244703,25.15339090513379,25.0,0.7658397817675009,-1.983,3.801,25.38,25.23,-7.537383000000001
419.0,-1.9998114402224345,3.8028394627822446,25.15417829569452,25.0,0.7656561817503542,-1.994,3.802,25.400000000000002,25.150000000000002,-7.581188
420.0,-1.9998114402224345,3.8030670060836647,25.15498307850356,25.0,0.7654724336515496,-1.974,3.8000000000000003,25.18,25.25,-7.501200000000001
421.0,-1.9998114402224345,3.803291853816033,25.155805157179145,25.0,0.7652883487028118,-1.977,3.806,25.3,25.3,-7.524462000000001
422.0,-1.9998114402224345,3.803514414381459,25.15664443835442,25.0,0.7651038025570791,-1.997,3.8000000000000003,25.330000000000002,25.1,-7.588600000000001
423.0,-1.9998114402224345,3.8037348809170894,25.157500831677112,25.0,0.7649187352885031,-1.985,3.805,25.38,25.3,-7.552925000000001
424.0,-1.9998114402224345,3.803953231295112,25.158374249809697,25.0,0.7647331513924488,-1.988,3.802,25.48,25.29,-7.558376
425.0,-1.9998114402224345,3.8041692281227486,25.15926460842951,25.0,0.7645471197854948,-1.981,3.802,25.28,25.23,-7.5317620000000005
426.0,-1.9998114402224345,3.804382418742263,25.16017182622852,25.0,0.7643607738054331,-2.004,3.801,25.310000000000002,25.150000000000002,-7.617204
427.0,-1.9998114402224345,3.8045921352309535,25.16109582491345,25.0,0.7641743112112689,-1.988,3.8080000000000003,25.310000000000002,25.29,-7.570304
428.0,-1.9998114402224345,3.8047974944011607,25.162036529205807,25.0,0.7639879941832212,-1.984,3.8040000000000003,25.28,25.25,-7.547136
429.0,-1.9998114402224345,3.804997397800262,25.16299386684176,25.0,0.7638021493227221,-2.012,3.8040000000000003,25.330000000000002,25.1,-7.6536480000000005
430.0,-1.9998114402224345,3.805203846462351,25.16396776857232,25.0,0.7636126531784112,-2.007,3.806,25.44,25.16,-7.638642000000001
431.0,-1.9998114402224345,3.8054521091974336,25.1649581681632,25.0,0.7634075044031089,-2.015,3.803,25.26,25.28,-7.663045
432.0,-1.9998114402224345,3.805729071386251,25.16596496234655,25.0,0.7631911343797249,-1.998,3.805,25.41,25.21,-7.602390000000001
433.0,-1.9998114402224345,3.806019149918405,25.16698821758524,25.0,0.7629688273003379,-1.988,3.805,25.2,25.310000000000002,-7.5643400000000005
434.0,-1.9998114402224345,3.8063081374649936,25.168028084874837,25.0,0.7627454161355264,-1.98,3.8040000000000003,25.310000000000002,25.17,-7.53192
435.0,-1.9998114402224345,3.8065832024786106,25.1690846500606,25.0,0.7625252826343677,-1.994,3.8080000000000003,25.34,25.1,-7.593152000000001
436.0,-1.9998114402224345,3.8068328891933456,25.17015793381063,25.0,0.762312357324439,-1.979,3.805,25.54,25.42,-7.530095000000001
437.0,-1.9998114402224345,3.807047117624784,25.171247891615906,25.0,0.7621101195118167,-2.009,3.803,25.34,25.03,-7.640226999999999
438.0,-1.9998114402224345,3.8072171835700064,25.17235441379006,25.0,0.7619215972810763,-2.012,3.806,25.150000000000002,25.150000000000002,-7.657672
439.0,-1.9998114402224345,3.8073357586075898,25.173477325469605,25.0,0.7617493674952931,-1.995,3.807,25.17,25.23,-7.594965
440.0,-1.9998114402224345,3.8073968900976047,25.17461638661382,25.0,0.7615955557960414,-1.991,3.805,25.38,25.3,-7.575755000000001
441.0,-1.9998114402224345,3.80739600118162,25.175771292004868,25.0,0.7614618366033952,-1.995,3.805,25.44,25.26,-7.590975000000001
442.0,-1.9998114402224345,3.8073298907826985,25.176941786111342,25.0,0.7613494331159275,-2.015,3.805,25.41,25.43,-7.6670750000000005
443.0,-1.9998114402224345,3.8071967336053993,25.178131424005528,25.0,0.761259117310711,-1.996,3.809,25.39,25.19,-7.6027640000000005
444.0,-1.9998114402224345,3.806996080135778,25.17933798965612,25.0,0.7611912099433178,-2.008,3.805,25.5,25.11,-7.640440000000001
445.0,-1.4640752611140695,3.806125081967528,25.1805531957794,25.0,0.7611455805478191,-1.452,3.8080000000000003,25.330000000000002,25.18,-5.529216
446.0,-0.9283390820057048,3.805189815823551,25.1817653505708,25.0,0.7611216474367856,-0.92,3.803,25.47,25.17,-3.4987600000000003
447.0,-0.3926029028973399,3.804193959534389,25.182959357704817,25.0,0.7611183777012872,-0.397,3.8040000000000003,25.22,25.19,-1.510188
448.0,0.1431332762110248,3.803142566712078,25.184116716334927,25.0,0.7611342872108936,0.14300000000000002,3.801,25.29,25.1,0.5435430000000001
449.0,0.6788694553193896,3.802042066750153,25.18521576878652,25.0,0.7611674406136736,0.673,3.803,25.2,25.28,2.559419
450.0,0.6788694553193896,3.801504039497496,25.18624649182783,25.0,0.7612154513361953,0.683,3.798,25.36,25.240000000000002,2.594034
451.0,0.6788694553193896,3.800933891236775,25.187211122581687,25.0,0.7612754815835262,0.6930000000000001,3.801,25.38,25.07,2.6340930000000005
452.0,0.6788694553193896,3.800342178706011,25.188111126973524,25.0,0.7613442423392334,0.674,3.8000000000000003,25.400000000000002,25.3,2.5612000000000004
453.0,0.6788694553193896,3.7997408344247208,25.188948629627987,25.0,0.761417993365383,0.6890000000000001,3.797,25.400000000000002,25.12,2.6161330000000005
454.0,0.6788694553193896,3.799143166693913,25.189726413868925,25.0,0.7614925432025409,0.679,3.798,25.3,25.080000000000002,2.5788420000000003
455.0,0.6788694553193896,3.798563859596095,25.190447921719283,25.0,0.761563249169772,0.676,3.801,25.37,25.21,2.5694760000000003
456.0,0.5430955642555116,3.798171990170498,25.191117228670866,25.0,0.7616250173646407,0.547,3.797,25.240000000000002,25.02,2.0769590000000004
457.0,0.4073216731916337,3.797831976887392,25.191738539534924,25.0,0.7616723026632111,0.402,3.795,25.53,25.26,1.52559
458.0,0.2715477821277559,3.797523156593028,25.19231705238468,25.0,0.7617117038316472,0.271,3.794,25.36,24.92,1.0281740000000001
459.0,0.135773891063878,3.7972109570000487,25.192857701262994,25.0,0.7617540962136962,0.129,3.797,25.34,25.1,0.48981300000000005
460.0,1.3322676295501878e-16,3.796903377155729,25.19336465207482,25.0,0.7617966905509481,0.025,3.7960000000000003,25.55,25.36,0.09490000000000001
461.0,1.3322676295501878e-16,3.796454749964334,25.193841302587657,25.0,0.7618369142567069,0.005,3.797,25.27,25.13,0.018985000000000002
462.0,1.3322676295501878e-16,3.796024706220689,25.194290282431155,25.0,0.7618724394180993,-0.002,3.7920000000000003,25.28,25.150000000000002,-0.0075840000000000005
463.0,1.3322676295501878e-16,3.7956191230844976,25.194713453097396,25.0,0.7619011827960749,0.007,3.7920000000000003,25.29,25.330000000000002,0.026544
464.0,1.3322676295501878e-16,3.795243141255567,25.195111032777504,25.0,0.7619213058254056,0.004,3.797,25.39,25.12,0.015188
465.0,1.3322676295501878e-16,3.7949011649738087,25.195482397064666,25.0,0.7619312146146865,0.003,3.795,25.44,25.28,0.011385
466.0,1.3322676295501878e-16,3.7945968620192425,25.19582976084177,25.0,0.7619295599463352,0.011,3.795,25.47,25.32,0.041745
467.0,-0.073344601039432,3.7944158230773617,25.19615589648976,25.0,0.761915237276592,-0.061,3.791,25.650000000000002,25.25,-0.23125099999999998
468.0,-0.2067386825220827,3.7943452594074825,25.1964640475278,25.0,0.7618873867355204,-0.20700000000000002,3.791,25.17,25.060000000000002,-0.784737
469.0,-0.3892971203499512,3.794374361875079,25.19675792861335,25.0,0.7618453931270057,-0.39,3.795,25.46,25.14,-1.48005
470.0,-0.6121079286729341,3.7944938086125366,25.197041725541908,25.0,0.761788885928757,-0.61,3.7960000000000003,25.34,25.47,-2.31556
471.0,-0.867874590604556,3.794695361925867,25.19732009524722,25.0,0.7617177392923055,-0.886,3.7920000000000003,25.34,25.150000000000002,-3.3597120000000005
472.0,-1.0772786223400743,3.7948888789044712,25.19759816580131,25.0,0.7616320720430051,-1.087,3.791,25.34,25.5,-4.120817
473.0,-1.248724142940461,3.7950823435512833,25.197881536414343,25.0,0.7615322476800329,-1.23,3.794,25.310000000000002,25.37,-4.66662
474.0,-1.389091863133462,3.795281286528151,25.198176263586447,25.0,0.7614188743763882,-1.368,3.793,25.57,25.25,-5.188824
475.0,-1.5040152323949172,3.7954890963736,25.198487153053748,25.0,0.7612928049788936,-1.502,3.793,25.48,25.23,-5.6970860000000005
476.0,-1.5981065290566074,3.795707274306375,25.19881582186264,25.0,0.7611551370081939,-1.587,3.7920000000000003,25.400000000000002,25.150000000000002,-6.017904000000001
477.0,-1.6751419672305168,3.795935642840956,25.199163274945533,25.0,0.761007212658757,-1.667,3.794,25.53,25.19,-6.324598
478.0,-1.738213249540334,3.7961725165874776,25.199530254925666,25.0,0.7608506187988734,-1.702,3.793,25.25,25.13,-6.455686
479.0,-1.7898516480034443,3.796414842090887,25.199917242117067,25.0,0.7606871869706564,-1.774,3.793,25.27,25.19,-6.728782000000001
480.0,-1.832129592864888,3.796658312321559,25.200324454524832,25.0,0.7605189933900419,-1.828,3.7960000000000003,25.18,25.060000000000002,-6.939088000000001
481.0,-1.8667438464998871,3.796897460412284,25.200751847844856,25.0,0.7603483589467886,-1.871,3.7960000000000003,25.330000000000002,25.060000000000002,-7.102316
482.0,-1.809856906738959,3.797029685919816,25.20119911546385,25.0,0.7601778492044782,-1.821,3.797,25.42,25.330000000000002,-6.914337
483.0,-1.7448431535340363,3.797140099732166,25.201665688459457,25.0,0.7600102744005147,-1.738,3.793,25.41,25.04,-6.592234
484.0,-1.6731757282379882,3.797220773581545,25.2021507356003,25.0,0.7598486894461252,-1.676,3.7960000000000003,25.42,25.29,-6.362096
485.0,-1.5960607369800386,3.7972638125094407,25.20265316334576,25.0,0.759696062912029,-1.605,3.8000000000000003,25.26,25.01,-6.099
486.0,-1.5144856559396591,3.7972863122696543,25.203171615846145,25.0,0.7595475451011231,-1.516,3.7960000000000003,25.48,25.26,-5.754736
487.0,-1.5144856559396591,3.797394429284824,25.203704474942697,25.0,0.7594003120574889,-1.52,3.798,25.43,25.18,-5.77296
488.0,-1.5144856559396591,3.797496629193072,25.20424986016741,25.0,0.7592542471496253,-1.493,3.798,25.48,25.330000000000002,-5.670414
489.0,-1.5144856559396591,3.797593296301355,25.20480621342864,25.0,0.7591092387126959,-1.5010000000000001,3.798,25.22,25.17,-5.700798000000001
490.0,-1.5144856559396591,3.797684798469138,25.20537424390864,25.0,0.7589651800485289,-1.51,3.797,25.44,25.0,-5.7334700000000005
491.0,-1.5144856559396591,3.7977714871083896,25.20595388294788,25.0,0.7588219694256174,-1.495,3.798,25.29,25.18,-5.6780100000000004
492.0,-1.5144856559396591,3.7978536971835815,25.206544927438244,25.0,0.7586795100791192,-1.5090000000000001,3.798,25.37,25.22,-5.731182
493.0,-1.5144856559396591,3.7979317472116914,25.20714717614544,25.0,0.7585377102108567,-1.518,3.798,25.46,25.19,-5.765364
494.0,-1.5144856559396591,3.798005939262202,25.20776042970914,25.0,0.7583964829893172,-1.494,3.795,25.42,25.26,-5.6697299999999995
495.0,-1.5144856559396591,3.7980765589571,25.208384490642917,25.0,0.7582557465496526,-1.504,3.794,25.32,25.14,-5.706176
496.0,-1.5144856559396591,3.7981438754708776,25.209019163334347,25.0,0.7581154239936795,-1.52,3.794,25.41,25.07,-5.7668800000000005
497.0,-1.5144856559396591,3.798208141530532,25.20966425404481,25.0,0.7579754433898793,-1.5110000000000001,3.797,25.26,25.1,-5.737267000000001
498.0,-1.5144856559396591,3.798269593415563,25.210319570909743,25.0,0.7578357377733983,-1.518,3.798,25.53,25.150000000000002,-5.765364
499.0,-1.5144856559396591,3.798328450957977,25.210984923938327,25.0,0.7576962451460472,-1.5230000000000001,3.795,25.39,25.150000000000002,-5.779785
500.0,-1.5144856559396591,3.7983849175422857,25.21166012501385,25.0,0.7575569084763014,-1.5,3.799,25.52,25.44,-5.6985
501.0,-1.5144856559396591,3.798439180105503,25.212344987893403,25.0,0.7574176756993013,-1.49,3.7960000000000003,25.36,25.330000000000002,-5.65604
502.0,-1.5144856559396591,3.798491409137151,25.213039328208023,25.0,0.757278499716852,-1.5230000000000001,3.797,25.36,25.27,-5.782831000000001
503.0,-1.5144856559396591,3.798541758679254,25.213742963462664,25.0,0.7571393383974232,-1.504,3.7960000000000003,25.34,25.240000000000002,-5.7091840000000005
504.0,-1.5144856559396591,3.79859036632634,25.21445571484708,25.0,0.7570001545761492,-1.516,3.794,25.5,25.23,-5.751704
505.0,-1.5144856559396591,3.7986373532254456,25.21517741968444,25.0,0.7568609160548293,-1.514,3.798,25.34,25.23,-5.750172
506.0,-1.5144856559396591,3.7986828240761095,25.21590792411405,25.0,0.7567215956019274,-1.5150000000000001,3.801,25.48,25.22,-5.758515000000001
507.0,-1.5144856559396591,3.7987268671303753,25.21664707673284,25.0,0.7565821709525722,-1.518,3.798,25.38,25.2,-5.765364
508.0,-1.5144856559396591,3.798769554192791,25.217394728567967,25.0,0.7564426248085568,-1.5090000000000001,3.794,25.22,24.990000000000002,-5.7251460000000005
509.0,-1.5144856559396591,3.798810940620411,25.2181507330763,25.0,0.7563029448383396,-1.518,3.799,25.36,25.16,-5.766882
510.0,-1.5144856559396591,3.798851065322793,25.21891494614505,25.0,0.7561631236770431,-1.5070000000000001,3.795,25.3,25.18,-5.7190650000000005
511.0,-1.5144856559396591,3.798889950762,25.21968722609108,25.0,0.756023158926455,-1.51,3.795,25.42,25.13,-5.73045
512.0,-1.5144856559396591,3.7989276029525993,25.220467433661558,25.0,0.7558830531550276,-1.512,3.797,25.3,25.14,-5.741064000000001
513.0,-1.5144856559396591,3.798964011461663,25.2212554320335,25.0,0.7557428138978776,-1.5190000000000001,3.798,25.51,25.23,-5.769162000000001
514.0,-1.5144856559396591,3.7989991494087687,25.22205108681385,25.0,0.7556024536567869,-1.5150000000000001,3.7960000000000003,25.41,25.28,-5.750940000000001
515.0,-1.5144856559396591,3.799032973465998,25.222854266039803,25.0,0.755461989900202,-1.502,3.797,25.41,25.23,-5.703094
516.0,-1.5144856559396591,3.799065423857937,25.223664840178287,25.0,0.7553214450632338,-1.504,3.799,25.490000000000002,25.27,-5.713696
517.0,-1.5144856559396591,3.7990964243616783,25.224482682126396,25.0,0.7551808465476584,-1.5190000000000001,3.8000000000000003,25.52,25.28,-5.772200000000001
518.0,-1.5144856559396591,3.799125882306816,25.225307667211155,25.0,0.7550402267219162,-1.508,3.801,25.42,25.17,-5.731908000000001
519.0,-1.5144856559396591,3.799153688575452,25.226139673189607,25.0,0.7548996229211126,-1.502,3.802,25.35,25.25,-5.710604
520.0,-1.5144856559396591,3.799179717602192,25.2269785770136,25.0,0.7547590774470176,-1.526,3.8000000000000003,25.25,25.03,-5.798800000000001
521.0,-1.5144856559396591,3.7992038273741455,25.22782417215524,25.0,0.7546186375680662,-1.504,3.798,25.36,25.16,-5.712192
522.0,-1.5144856559396591,3.799226413785761,25.228676370160542,25.0,0.7544781636062348,-1.516,3.8000000000000003,25.37,25.150000000000002,-5.760800000000001
523.0,-1.5144856559396591,3.7992616957479375,25.22953514457072,25.0,0.7543327238663715,-1.504,3.799,25.44,25.35,-5.713696
524.0,-1.5144856559396591,3.799312754352322,25.230400465527453,25.0,0.7541812285449434,-1.5170000000000001,3.799,25.400000000000002,25.23,-5.763083
525.0,-1.5144856559396591,3.799375434993197,25.231272299772684,25.0,0.7540250947698457,-1.528,3.799,25.5,25.07,-5.804872
526.0,-1.5144856559396591,3.7994458048915862,25.232150610648773,25.0,0.7538656675470653,-1.526,3.797,25.37,25.26,-5.794222
527.0,-1.5144856559396591,3.7995201530952536,25.233035358098448,25.0,0.7537042197606805,-1.5090000000000001,3.7960000000000003,25.43,25.29,-5.7281640000000005
528.0,-1.5144856559396591,3.799594990478704,25.2339264986648,25.0,0.7535419521728607,-1.5070000000000001,3.798,25.55,25.19,-5.723586000000001
529.0,-1.5144856559396591,3.7996670497431833,25.234823985491232,25.0,0.753379993423867,-1.5190000000000001,3.799,25.47,25.27,-5.770681000000001
530.0,-1.5144856559396591,3.799733285416681,25.23572776832151,25.0,0.7532194000320516,-1.5030000000000001,3.797,25.43,24.95,-5.706891000000001
531.0,-1.5144856559396591,3.799790873853928,25.236637793499824,25.0,0.7530611563938582,-1.526,3.8000000000000003,25.38,24.93,-5.798800000000001
532.0,-1.5144856559396591,3.799837213236391,25.23755400397073,25.0,0.7529061747838218,-1.51,3.803,25.37,25.080000000000002,-5.74253
533.0,-1.5144856559396591,3.799869923572284,25.23847633927897,25.0,0.7527552953545691,-1.522,3.795,25.35,25.21,-5.77599
534.0,-1.5144856559396591,3.79988684669656,25.239404735569902,25.0,0.7526092861368175,-1.516,3.8000000000000003,25.39,25.35,-5.760800000000001
535.0,-1.5144856559396591,3.799886046270913,25.24033912558906,25.0,0.7524688430393766,-1.5090000000000001,3.799,25.52,25.09,-5.732691
536.0,-1.5144856559396591,3.79986580778378,25.2412794386824,25.0,0.7523345898491466,-1.518,3.8000000000000003,25.29,25.11,-5.768400000000001
537.0,-1.5144856559396591,3.799824638550336,25.24222661679579,25.0,0.7522070782311197,-1.5130000000000001,3.798,25.310000000000002,25.21,-5.746374
538.0,-1.5144856559396591,3.7997612677125,25.243180731904545,25.0,0.752086787728379,-1.499,3.798,25.62,25.150000000000002,-5.693202
539.0,-1.124384551950893,3.799235002294736,25.244130891313148,25.0,0.7519741257620993,-1.125,3.798,25.48,25.150000000000002,-4.27275
540.0,-0.7342834479621267,3.798684659036639,25.24506633862728,25.0,0.7518694276315465,-0.721,3.797,25.3,25.16,-2.737637
541.0,-0.3441823439733603,3.798109632560353,25.24597764895537,25.0,0.7517729565140783,-0.35000000000000003,3.794,25.400000000000002,25.330000000000002,-1.3279
542.0,0.045918760015406,3.7975095393147593,25.246856728908316,25.0,0.7516849034651432,0.056,3.7960000000000003,25.46,25.310000000000002,0.21257600000000001
543.0,0.4360198640041725,3.796884217575483,25.247696816599728,25.0,0.7516053874182814,0.455,3.793,25.62,25.2,1.725815
544.0,0.4360198640041725,3.796673371389085,25.248492481645712,25.0,0.7515344551851246,0.41600000000000004,3.797,25.34,25.37,1.5795520000000003
545.0,0.4360198640041725,3.7964376387404775,25.24923962516488,25.0,0.7514720814553957,0.433,3.7920000000000003,25.55,25.25,1.641936
546.0,0.4360198640041725,3.796177523385509,25.249935479778628,25.0,0.7514181687969089,0.447,3.797,25.59,25.32,1.697259
547.0,0.3488158912033381,3.7959920297841134,25.250578609610784,25.0,0.7513725476555698,0.352,3.7960000000000003,25.39,25.11,1.336192
548.0,0.2616119184025037,3.7957838264682775,25.251170645460093,25.0,0.7513349763553756,0.27,3.7960000000000003,25.42,25.13,1.02492
549.0,0.1744079456016693,3.795554082674072,25.251720701232045,25.0,0.7513051410984147,0.17300000000000001,3.79,25.35,25.13,0.6556700000000001
550.0,0.0872039728008349,3.79530418946431,25.252233233043512,25.0,0.7512826559648668,0.093,3.794,25.43,25.19,0.352842
551.0,5.551115123125784e-16,3.795035759728546,25.252711559048294,25.0,0.7512670629130029,0.003,3.7960000000000003,25.45,25.21,0.011388
552.0,5.551115123125784e-16,3.794652349305729,25.25315849183073,25.0,0.7512578317791858,0.017,3.793,25.52,25.23,0.06448100000000001
553.0,5.551115123125784e-16,3.794254293616244,25.253576338406333,25.0,0.7512543602778693,0.008,3.791,25.560000000000002,25.400000000000002,0.030328
554.0,5.551115123125784e-16,3.793843871029868,25.253966900221144,25.0,0.7512559740015987,0.008,3.7920000000000003,25.38,25.27,0.030336000000000002
555.0,5.551115123125784e-16,3.7934235817431214,25.25433147315232,25.0,0.7512619264210106,0.001,3.7920000000000003,25.26,25.150000000000002,0.0037920000000000002
556.0,5.551115123125784e-16,3.792996147779264,25.25467084750767,25.0,0.7512713988848331,0.0,3.79,25.45,25.2,0.0
557.0,5.551115123125784e-16,3.792564512988299,25.25498530802588,25.0,0.7512835006198855,0.001,3.794,25.48,25.35,0.003794
558.0,5.551115123125784e-16,3.7921318430469695,25.255274636278276,25.0,0.7512972687310785,0.009000000000000001,3.791,25.48,25.28,0.034119000000000003
559.0,5.551115123125784e-16,3.79170152545876,25.255538931446267,25.0,0.7513116682014145,0.001,3.79,25.42,25.35,0.00379
560.0,5.551115123125784e-16,3.791277169553896,25.255779371426115,25.0,0.7513255918919868,0.008,3.7880000000000003,25.47,25.150000000000002,0.030304
561.0,5.551115123125784e-16,3.790862606489344,25.25599741908195,25.0,0.7513378605419804,0.026000000000000002,3.791,25.61,25.13,0.098566
562.0,5.551115123125784e-16,3.7904618892488138,25.25619475819849,25.0,0.7513472227686715,0.014,3.79,25.490000000000002,25.13,0.05306
563.0,5.551115123125784e-16,3.790079292642755,25.25637329348137,25.0,0.7513523550674277,0.002,3.787,25.42,25.16,0.007574
564.0,5.551115123125784e-16,3.789724665041041,25.25653515055689,25.0,0.7513499114974335,0.017,3.7840000000000003,25.41,25.09,0.06432800000000001
565.0,-0.0550276891672519,3.789485128815578,25.25668267597206,25.0,0.7513307653698784,-0.054,3.789,25.44,25.23,-0.204606
566.0,-0.1551082397265501,3.7893473507237903,25.25681843719468,25.0,0.7512954006684585,-0.17,3.7880000000000003,25.62,25.23,-0.6439600000000001
567.0,-0.2920749534216759,3.789296862743989,25.25694522261324,25.0,0.7512454535618294,-0.297,3.789,25.44,25.330000000000002,-1.125333
568.0,-0.4592415032391551,3.7893210959115553,25.25706604153703,25.0,0.7511824895769383,-0.47300000000000003,3.7920000000000003,25.46,25.02,-1.7936160000000003
569.0,-0.6511335876279202,3.78940907789325,25.257184124196044,25.0,0.7511080035990253,-0.65,3.7880000000000003,25.41,25.11,-2.4622
570.0,-0.8082415383892375,3.7894891691763015,25.25730292174103,25.0,0.7510234198716217,-0.803,3.787,25.57,25.28,-3.0409610000000002
571.0,-0.9368706492305894,3.7895641343886872,25.257426106243543,25.0,0.7509300919965511,-0.915,3.786,25.650000000000002,25.22,-3.4641900000000003
572.0,-1.0421832580174804,3.7896356807258336,25.257557570695667,25.0,0.7508293029339294,-1.034,3.7880000000000003,25.5,25.2,-3.9167920000000005
573.0,-1.1284059295181788,3.789704691445565,25.257701431137377,25.0,0.7507222650021639,-1.1260000000000001,3.789,25.47,25.330000000000002,-4.266414
574.0,-1.198999082288341,3.789771417037608,25.25786245162749,25.0,0.7506101198779545,-1.186,3.789,25.46,25.1,-4.493754
575.0,-1.2567958674180049,3.7898356317399338,25.25804172584856,25.0,0.7504939385962929,-1.274,3.7920000000000003,25.22,25.13,-4.831008000000001
576.0,-1.304115872832701,3.789896761683511,25.258238288875475,25.0,0.7503747215504628,-1.297,3.79,25.53,25.12,-4.91563
577.0,-1.342858216501529,3.789953989808346,25.258451121547296,25.0,0.75025339849204,-1.33,3.789,25.47,25.0,-5.039370000000001
578.0,-1.2705656090224169,3.789889120062021,25.258679150467344,25.0,0.7501308285308923,-1.28,3.787,25.5,25.21,-4.84736
579.0,-1.1891769857025545,3.7898145416160447,25.25892124800299,25.0,0.7500078001351794,-1.173,3.789,25.39,25.150000000000002,-4.444497
580.0,-1.100341174483386,3.789729847369608,25.25917623228611,25.0,0.7498850311313532,-1.092,3.787,25.42,25.13,-4.135404
581.0,-1.0054081215071051,3.789634524060793,25.25944286721267,25.0,0.7497631687041576,-1.0050000000000001,3.789,25.42,25.11,-3.8079450000000006
582.0,-0.905483069195325,3.78952801332527,25.25971986244275,25.0,0.7496427893966283,-0.894,3.79,25.560000000000002,25.2,-3.3882600000000003
583.0,-0.905483069195325,3.789526983386389,25.26000587340087,25.0,0.7495243991100934,-0.878,3.7880000000000003,25.42,25.12,-3.325864
584.0,-0.905483069195325,3.78951747609502,25.26029950127571,25.0,0.7494084331041727,-0.899,3.787,25.67,25.22,-3.404513
585.0,-0.905483069195325,3.789498379514666,25.260599293020107,25.0,0.749295255996778,-0.898,3.7840000000000003,25.5,25.25,-3.398032
586.0,-0.905483069195325,3.789468812387515,25.26090374135123,25.0,0.7491851617641136,-0.905,3.791,25.330000000000002,25.17,-3.430855
587.0,-0.905483069195325,3.789428124134433,25.2612112847504,25.0,0.7490783737406753,-0.909,3.789,25.45,25.16,-3.444201
588.0,-0.905483069195325,3.789375894854969,25.26152030746323,25.0,0.748975044619251,-0.892,3.789,25.400000000000002,25.22,-3.379788
589.0,-0.905483069195325,3.789311935327351,25.26182915338813,25.0,0.7488752564509209,-0.909,3.785,25.240000000000002,25.2,-3.4405650000000003
590.0,-0.905483069195325,3.789236287008493,25.262138938834998,25.0,0.748779020645057,-0.9,3.791,25.62,25.330000000000002,-3.4119
591.0,-0.905483069195325,3.789149222033983,25.26245117907513,25.0,0.7486862779693233,-0.905,3.787,25.53,25.23,-3.427235
592.0,-0.905483069195325,3.789051243218096,25.26276575435565,25.0,0.7485968985496759,-0.896,3.787,25.52,25.310000000000002,-3.393152
593.0,-0.905483069195325,3.788943084053785,25.26308254630578,25.0,0.7485106818703631,-0.897,3.786,25.48,25.26,-3.396042
594.0,-0.905483069195325,3.788825708712685,25.263401437937148,25.0,0.7484273567739248,-0.89,3.7840000000000003,25.330000000000002,25.07,-3.36776
595.0,-0.905483069195325,3.788700312045113,25.2637223136436,25.0,0.7483465814611934,-0.906,3.79,25.42,25.14,-3.4337400000000002
596.0,-0.905483069195325,3.788568319580065,25.26404505920118,25.0,0.7482679434912929,-0.903,3.79,25.55,25.2,-3.42237
597.0,-0.905483069195325,3.788431387525221,25.264369561768376,25.0,0.7481909597816395,-0.91,3.787,25.36,25.29,-3.44617
598.0,-0.905483069195325,3.7882914027669377,25.264695709885927,25.0,0.7481150766079416,-0.905,3.786,25.21,25.39,-3.42633
599.0,-0.905483069195325,3.7881504828702575,25.26502339347661,25.0,0.7480396696041993,-0.897,3.786,25.44,25.150000000000002,-3.396042
600.0,-0.905483069195325,3.7880109760789016,25.26535250384586,25.0,0.747964043762705,-0.893,3.786,25.45,25.21,-3.380898
601.0,-0.905483069195325,3.787875461315273,25.26568293368109,25.0,0.747887433434043,-0.91,3.7840000000000003,25.48,25.28,-3.4434400000000003
602.0,-0.905483069195325,3.787746748180455,25.26601457705209,25.0,0.7478090023270894,-0.892,3.786,25.54,25.19,-3.377112
603.0,-0.905483069195325,3.787627876954212,25.26634732941096,25.0,0.7477278435090127,-0.887,3.787,25.53,25.36,-3.359069
604.0,-0.905483069195325,3.7875314408829777,25.26668108484637,25.0,0.7476395613654179,-0.896,3.789,25.490000000000002,25.07,-3.394944
605.0,-0.905483069195325,3.78747493363438,25.267015759668084,25.0,0.7475376325047772,-0.882,3.787,25.59,25.27,-3.340134
606.0,-0.905483069195325,3.787445046287617,25.26735138403285,25.0,0.7474265301345102,-0.908,3.783,25.32,25.27,-3.434964
607.0,-0.905483069195325,3.787428395587528,25.267687990849367,25.0,0.7473107929802246,-0.913,3.787,25.52,25.32,-3.457531
608.0,-0.905483069195325,3.787412903074399,25.268025595681596,25.0,0.7471945275450759,-0.918,3.786,25.53,25.21,-3.4755480000000003
609.0,-0.905483069195325,3.7873877950839674,25.26836419674885,25.0,0.7470814081097663,-0.886,3.789,25.34,25.29,-3.357054
610.0,-0.905483069195325,3.787343602747417,25.268703774926053,25.0,0.7469746767325458,-0.894,3.789,25.32,25.18,-3.387366
611.0,-0.905483069195325,3.787272161991388,25.26904429374349,25.0,0.7468771432492117,-0.901,3.789,25.39,25.12,-3.413889
612.0,-0.905483069195325,3.787166613537965,25.269385699386817,25.0,0.7467911852731086,-0.898,3.785,25.400000000000002,25.11,-3.39893
613.0,-0.905483069195325,3.787021402904683,25.26972792069722,25.0,0.7467187481951282,-0.912,3.79,25.55,25.060000000000002,-3.45648
614.0,-0.905483069195325,3.786832280404528,25.270070869171263,25.0,0.74666134518371,-0.876,3.787,25.41,25.16,-3.317412
615.0,-0.905483069195325,3.7865963011459343,25.270414438960984,25.0,0.7466200571848403,-0.899,3.789,25.38,25.23,-3.406311
616.0,-0.905483069195325,3.786311825032788,25.270758474226795,25.0,0.7465955329220533,-0.899,3.7840000000000003,25.41,25.18,-3.401816
617.0,-0.5658919862083538,3.785595797613896,25.27109906619984,25.0,0.7465879888964301,-0.554,3.7840000000000003,25.580000000000002,25.22,-2.0963360000000004
618.0,-0.2263009032213826,3.7848319075345698,25.271426874888448,25.0,0.7465972093865995,-0.216,3.7840000000000003,25.47,25.32,-0.8173440000000001
619.0,0.1132901797655884,3.784022429085043,25.27173358986573,25.0,0.7466225464487373,0.121,3.783,25.45,25.150000000000002,0.45774299999999996
620.0,0.4528812627525596,3.783170941350999,25.27201240761548,25.0,0.7466629199165667,0.45,3.785,25.46,25.43,1.7032500000000002
621.0,0.7924723457395307,3.782282328213572,25.27225803153237,25.0,0.7467168174013588,0.802,3.781,25.6,25.28,3.0323620000000004
622.0,0.7924723457395307,3.781745497499871,25.272466671921563,25.0,0.7467822942919311,0.8160000000000001,3.783,25.400000000000002,25.18,3.0869280000000003
623.0,0.7924723457395307,3.781185223531402,25.272636045999093,25.0,0.7468569737546492,0.811,3.782,25.6,25.18,3.0672020000000004
624.0,0.7924723457395307,3.780610304575649,25.272765377891687,25.0,0.7469380467334257,0.8130000000000001,3.779,25.490000000000002,25.1,3.072327
625.0,0.7924723457395307,3.780030843695542,25.27285539863664,25.0,0.7470222719497206,0.792,3.7800000000000002,25.46,25.2,2.9937600000000004
626.0,0.7924723457395307,3.779458248749465,25.27290834618219,25.0,0.7471059759025412,0.788,3.778,25.72,24.98,2.977064
627.0,0.6339778765916247,3.779083855657979,25.27292796538711,25.0,0.7471850528684424,0.638,3.783,25.37,25.330000000000002,2.413554
628.0,0.4754834074437187,3.7787430586036352,25.272919508020948,25.0,0.7472549649015261,0.481,3.7720000000000002,25.44,24.92,1.814332
629.0,0.3169889382958127,3.778451179831164,25.272890218889245,25.0,0.7473107418334416,0.333,3.779,25.35,25.2,1.258407
630.0,0.1584944691479068,3.778224846380749,25.27284419833745,25.0,0.7473469812733858,0.147,3.774,25.57,25.09,0.554778
631.0,7.993605777301127e-16,3.778078268570081,25.272782868944542,25.0,0.7473590468263729,0.02,3.777,25.64,25.13,0.07554000000000001
632.0,7.993605777301127e-16,3.7777621114023776,25.27270758266559,25.0,0.7473696130592127,0.003,3.777,25.64,25.14,0.011331
633.0,7.993605777301127e-16,3.777431579324948,25.27261962148617,25.0,0.7473860708510814,0.001,3.779,25.6,25.39,0.003779
634.0,7.993605777301127e-16,3.77709901206196,25.272520197422807,25.0,0.747404287924774,-0.005,3.775,25.45,25.09,-0.018875
635.0,7.993605777301127e-16,3.7767755065013247,25.272410452522763,25.0,0.7474205299287199,-0.012,3.778,25.44,25.29,-0.045336
636.0,7.993605777301127e-16,3.776470916694693,25.27229145886412,25.0,0.7474314604369842,0.013000000000000001,3.773,25.310000000000002,25.32,0.04904900000000001
637.0,7.993605777301127e-16,3.776193853857458,25.272164218555645,25.0,0.7474341409492663,0.006,3.778,25.68,24.97,0.022668
638.0,7.993605777301127e-16,3.775951686368753,25.272029663737044,25.0,0.7474260308909012,-0.008,3.774,25.52,25.14,-0.030192
639.0,7.993605777301127e-16,3.775750539771453,25.271888656578653,25.0,0.7474049876128585,-0.008,3.775,25.42,25.35,-0.0302
640.0,-0.0919743547515332,3.775698951869977,25.27174198928168,25.0,0.7473692663917427,-0.09,3.774,25.6,25.07,-0.33965999999999996
641.0,-0.2592509422326521,3.775781773053165,25.271590384078134,25.0,0.7473175204297937,-0.23800000000000002,3.777,25.37,25.32,-0.8989260000000001
642.0,-0.4881797834249175,3.77598601682876,25.27143625188819,25.0,0.7472488008548861,-0.486,3.777,25.51,25.2,-1.835622
643.0,-0.7675852207270647,3.776300242428485,25.27128651588009,25.0,0.7471625567205293,-0.778,3.7760000000000002,25.45,25.19,-2.9377280000000003
644.0,-1.0883173995750686,3.7767140493278273,25.271147217336026,25.0,0.7470586350058681,-1.086,3.773,25.54,25.21,-4.097478000000001
645.0,-1.3509106978996366,3.777114008296034,25.27102380552958,25.0,0.746937280615682,-1.349,3.775,25.46,25.23,-5.092474999999999
646.0,-1.5659039067901417,3.777509422239728,25.27092116641381,25.0,0.7467991363803855,-1.588,3.774,25.330000000000002,25.1,-5.993112
647.0,-1.7419254586117163,3.777906198254986,25.270843622621328,25.0,0.7466452430560281,-1.737,3.7720000000000002,25.48,25.17,-6.551964000000001
648.0,-1.886039716292549,3.7783072378953744,25.27079493346423,25.0,0.7464770393242943,-1.883,3.7800000000000002,25.580000000000002,25.240000000000002,-7.11774
649.0,-2.004030491012852,3.778712756696379,25.27077829493413,25.0,0.7462963617925037,-1.992,3.777,25.47,25.22,-7.523784
650.0,-2.10063316685586,3.779120545779887,25.270796339702088,25.0,0.7461054449936106,-2.077,3.777,25.55,25.23,-7.844829
651.0,-2.179724748398154,3.779525405168344,25.27085113711877,25.0,0.7459071843207624,-2.1630000000000003,3.782,25.37,25.13,-8.180466000000001
652.0,-2.244479458516405,3.779897360047361,25.270944193214348,25.0,0.7457126564033312,-2.242,3.778,25.47,25.26,-8.470276
653.0,-2.297496131096868,3.78022537132864,25.271076450698445,25.0,0.7455266729554417,-2.3040000000000003,3.778,25.41,25.21,-8.704512000000001
654.0,-2.340902511364358,3.7805118270573055,25.271247666024635,25.0,0.7453493944458816,-2.31,3.779,25.55,25.04,-8.72949
655.0,-2.085957621192738,3.7804315465321943,25.27145184160429,25.0,0.7451808934662383,-2.08,3.777,25.47,25.150000000000002,-7.856160000000001
656.0,-1.820821682026311,3.7803097570089848,25.27168218879945,25.0,0.7450211547308994,-1.816,3.7800000000000002,25.54,25.11,-6.86448
657.0,-1.5473420176417103,3.7801492514126127,25.271932840729505,25.0,0.7448700750770526,-1.543,3.778,25.580000000000002,25.11,-5.829454
658.0,-1.2670310888257583,3.779952685582351,25.272198635189795,25.0,0.7447274634646857,-1.26,3.778,25.54,25.150000000000002,-4.76028
659.0,-0.9811271937374516,3.77972264668112,25.2724751146518,25.0,0.7445930409765862,-0.978,3.778,25.5,25.26,-3.694884
660.0,-0.9811271937374516,3.779789083577496,25.27275852626275,25.0,0.7444664408183422,-0.982,3.779,25.37,25.14,-3.710978
661.0,-0.9811271937374516,3.779831454792465,25.27304582184621,25.0,0.7443472083183416,-0.982,3.779,25.47,25.22,-3.710978
662.0,-0.9811271937374516,3.779851672841704,25.2733346579015,25.0,0.7442348009277721,-0.976,3.778,25.42,25.21,-3.687328
663.0,-0.9811271937374516,3.779851890545821,25.273623395603977,25.0,0.7441285882206219,-0.982,3.778,25.44,25.12,-3.709996
664.0,-0.9811271937374516,3.7798345010303462,25.27391110080509,25.0,0.744027851893679,-0.983,3.779,25.44,25.17,-3.7147569999999996
665.0,-0.9811271937374516,3.779802137725744,25.274197544032237,25.0,0.7439317857665317,-0.975,3.778,25.38,25.29,-3.68355
666.0,-0.9811271937374516,3.779757674367403,25.274483200488817,25.0,0.7438394957815682,-0.979,3.779,25.28,25.21,-3.6996409999999997
667.0,-0.9811271937374516,3.779704224995639,25.27476925005419,25.0,0.7437500000039766,-0.961,3.777,25.41,25.25,-3.629697
668.0,-0.9811271937374516,3.7796451439556966,25.27505757728386,25.0,0.7436622286217454,-1.0030000000000001,3.781,25.490000000000002,25.330000000000002,-3.7923430000000007
669.0,-0.9811271937374516,3.7795840258977504,25.275350771409197,25.0,0.7435750239456629,-0.965,3.779,25.34,25.240000000000002,-3.6467349999999996
670.0,-0.9811271937374516,3.779524705776898,25.27564847398264,25.0,0.7434871404093175,-0.964,3.778,25.48,25.01,-3.641992
671.0,-0.9811271937374516,3.779471132814704,25.27594749381024,25.0,0.7433972854494428,-0.997,3.779,25.67,25.23,-3.7676629999999998
672.0,-0.9811271937374516,3.779420235426864,25.27624778630349,25.0,0.7433064403389116,-0.98,3.778,25.580000000000002,25.14,-3.70244
673.0,-0.9811271937374516,3.779368955702963,25.27654931827169,25.0,0.7432155952283803,-0.98,3.775,25.64,25.38,-3.6995
674.0,-0.9811271937374516,3.779317297363407,25.276852057258907,25.0,0.7431247501178492,-0.99,3.779,25.52,25.240000000000002,-3.7412099999999997
675.0,-0.9811271937374516,3.779265264095194,25.277155971544172,25.0,0.7430339050073179,-0.984,3.7760000000000002,25.59,25.14,-3.715584
676.0,-0.9811271937374516,3.779212859551908,25.27746103014141,25.0,0.7429430598967867,-0.987,3.7800000000000002,25.41,25.26,-3.7308600000000003
677.0,-0.9811271937374516,3.779160087353725,25.27776720279951,25.0,0.7428522147862554,-0.9590000000000001,3.778,25.41,25.21,-3.6231020000000003
678.0,-0.9811271937374516,3.779106951087409,25.278074460002188,25.0,0.7427613696757241,-0.967,3.7800000000000002,25.2,25.03,-3.65526
679.0,-0.9811271937374516,3.779053454306316,25.278382772968087,25.0,0.7426705245651929,-0.963,3.777,25.6,25.29,-3.637251
680.0,-0.9811271937374516,3.7789996005303874,25.27869211365072,25.0,0.7425796794546616,-0.969,3.778,25.63,25.16,-3.660882
681.0,-0.9811271937374516,3.7789453932461576,25.27900245473859,25.0,0.7424888343441304,-0.987,3.7800000000000002,25.42,25.34,-3.7308600000000003
682.0,-0.9811271937374516,3.778890835906748,25.27931376965506,25.0,0.7423979892335991,-0.981,3.777,25.45,25.19,-3.705237
683.0,-0.9811271937374516,3.778835931931871,25.279626032558383,25.0,0.7423071441230679,-0.971,3.777,25.400000000000002,25.34,-3.6674670000000003
684.0,-0.9811271937374516,3.778780684707828,25.279939218341724,25.0,0.7422162990125367,-0.988,3.779,25.52,25.240000000000002,-3.7336519999999997
685.0,-0.9811271937374516,3.7787250975875097,25.280253301658547,25.0,0.7421254539020055,-0.969,3.779,25.59,25.3,-3.661851
686.0,-0.9811271937374516,3.7786691738903952,25.280568253192143,25.0,0.7420346087914742,-0.979,3.777,25.310000000000002,25.150000000000002,-3.697683
687.0,-0.9811271937374516,3.778612916902556,25.28088406050398,25.0,0.741943763680943,-0.98,3.774,25.52,25.240000000000002,-3.69852
688.0,-0.9811271937374516,3.778556329876649,25.28120070935404,25.0,0.7418529185704117,-0.969,3.7760000000000002,25.45,25.03,-3.658944
689.0,-0.9811271937374516,3.778499416031925,25.281518178955597,25.0,0.7417620734598804,-0.972,3.779,25.490000000000002,25.19,-3.6731879999999997
690.0,-0.9811271937374516,3.778440728840037,25.28183644197543,25.0,0.7416716516060191,-0.98,3.7760000000000002,25.53,25.05,-3.70048
691.0,-0.9811271937374516,3.77836590108526,25.282155464533677,25.0,0.7415861949190958,-0.965,3.777,25.46,25.09,-3.644805
692.0,-0.9811271937374516,3.778260274691261,25.282475206203685,25.0,0.7415108045339998,-0.987,3.7760000000000002,25.47,25.11,-3.726912
693.0,-0.9811271937374516,3.7781125218790192,25.28279642421296,25.0,0.741449528331861,-0.97,3.773,25.46,25.27,-3.6598100000000002
694.0,-0.562795295179716,3.777442430861837,25.28311495522041,25.0,0.741405540341326,-0.552,3.775,25.580000000000002,25.19,-2.0838
695.0,-0.1444633966219804,3.776715285994367,25.283419987660523,25.0,0.7413811407385582,-0.14300000000000002,3.777,25.53,25.2,-0.5401110000000001
696.0,0.2738685019357552,3.775927487623586,25.283701773057828,25.0,0.7413777558472376,0.28200000000000003,3.77,25.51,25.18,1.0631400000000002
697.0,0.6922004004934909,3.775078012138476,25.283951834056325,25.0,0.741395938138561,0.685,3.775,25.36,25.310000000000002,2.585875
698.0,1.1105322990512263,3.774168411970014,25.284162964419465,25.0,0.7414353662312417,1.125,3.771,25.45,25.2,4.242375
699.0,1.1105322990512263,3.773674275640855,25.284329229030163,25.0,0.7414948448915103,1.114,3.774,25.57,25.22,4.204236000000001
700.0,1.1105322990512263,3.773130847616305,25.28444607558862,25.0,0.7415723050331133,1.11,3.774,25.490000000000002,25.14,4.18914
701.0,1.1105322990512263,3.772547408453345,25.284516830105588,25.0,0.7416648037173147,1.1260000000000001,3.771,25.55,25.310000000000002,4.246146
702.0,1.1105322990512263,3.771935814750957,25.28454599931496,25.0,0.7417685241528946,1.108,3.771,25.66,25.32,4.178268
703.0,1.1105322990512263,3.7713104991501214,25.28453594696822,25.0,0.7418787756961503,1.101,3.769,25.59,25.2,4.149669
704.0,1.1105322990512263,3.7706884703338233,25.284489643236896,25.0,0.7419899938508956,1.1,3.767,25.490000000000002,25.14,4.1437
705.0,0.8884258392409812,3.770339627007249,25.28441066471277,25.0,0.742095740268461,0.899,3.773,25.43,25.04,3.3919270000000004
706.0,0.6663193794307359,3.770035815957178,25.284303194407585,25.0,0.7421887027476938,0.659,3.767,25.23,25.11,2.482453
707.0,0.4442129196204906,3.769801773992592,25.284172021753363,25.0,0.7422606952349579,0.467,3.7720000000000002,25.47,24.98,1.7615240000000003
708.0,0.2221064598102453,3.769664813964478,25.28402361815654,25.0,0.7423026578241341,0.20600000000000002,3.767,25.45,25.11,0.7760020000000001
709.0,0.0,3.7696178900649,25.283862759906924,25.0,0.7423164437002838,0.022,3.77,25.52,25.240000000000002,0.08294
710.0,0.0,3.7693515204766825,25.283691717337888,25.0,0.7423208598002933,0.007,3.766,25.47,25.19,0.026362
711.0,0.0,3.76910361535426,25.28351232124328,25.0,0.7423200295366419,0.004,3.769,25.45,25.43,0.015076
712.0,0.0,3.7688649786263126,25.283325963059667,25.0,0.7423170187864699,-0.0,3.767,25.310000000000002,25.16,-0.0
713.0,0.0,3.7686285442645535,25.283133594866115,25.0,0.7423141771865133,0.009000000000000001,3.767,25.39,25.16,0.033903
714.0,0.0,3.768389376283735,25.28293572938429,25.0,0.7423131381331033,0.005,3.769,25.53,25.310000000000002,0.018845
715.0,0.0,3.768144668741633,25.28273243997853,25.0,0.7423148187821668,0.016,3.766,25.650000000000002,25.01,0.060256000000000004
716.0,0.0,3.767893745739064,25.282523360655603,25.0,0.7423194200492264,0.006,3.7640000000000002,25.47,25.05,0.022584000000000003
717.0,0.0,3.767638061419875,25.28230761936732,25.0,0.7423264266093997,0.007,3.7680000000000002,25.52,25.27,0.026376000000000004
718.0,0.0,3.767381199970946,25.282083454682606,25.0,0.7423346068974006,0.001,3.7640000000000002,25.580000000000002,25.18,0.0037640000000000004
719.0,0.0,3.767128875622191,25.281851656268827,25.0,0.7423420131075377,0.004,3.767,25.400000000000002,25.18,0.015068
720.0,0.0,3.7668889326465567,25.28161412903205,25.0,0.7423459811937156,0.008,3.7680000000000002,25.52,25.11,0.030144000000000004
721.0,-0.0958758464253854,3.7667793974389454,25.2813731840086,25.0,0.7423431308694344,-0.108,3.765,25.41,25.22,-0.40662
722.0,-0.2702481967966156,3.7667927878393934,25.281131538364832,25.0,0.7423293656077894,-0.279,3.7680000000000002,25.57,25.12,-1.0512720000000002
723.0,-0.5088880489574162,3.76692730216452,25.280892315397296,25.0,0.7422998726414717,-0.496,3.767,25.5,25.21,-1.8684319999999999
724.0,-0.8001456812568322,3.767186175623103,25.2806590445328,25.0,0.742249122962768,-0.793,3.765,25.51,25.080000000000002,-2.9856450000000003
725.0,-1.1344831083144282,3.76757715339373,25.28043566132817,25.0,0.7421708713235603,-1.131,3.769,25.400000000000002,25.18,-4.262739
726.0,-1.4082154417514487,3.7680034818034622,25.280226507470505,25.0,0.742058324417528,-1.403,3.765,25.55,25.400000000000002,-5.282295
727.0,-1.6323285212481338,3.768453509128164,25.28003633077697,25.0,0.7419188426880016,-1.624,3.767,25.69,25.16,-6.117608000000001
728.0,-1.81581679159908,3.768908547575352,25.27987028519493,25.0,0.7417614907570492,-1.816,3.767,25.38,25.19,-6.840872
729.0,-1.966044281364487,3.7693695053761513,25.27973393080191,25.0,0.7415885184922558,-1.969,3.77,25.45,25.18,-7.4231300000000005
730.0,-2.089040147193133,3.769836246503246,25.279630822655008,25.0,0.7414020427998647,-2.082,3.771,25.5,25.22,-7.851221999999999
731.0,-2.1897406450484995,3.7703078633724463,25.279561273127342,25.0,0.7412040476247765,-2.195,3.771,25.560000000000002,25.25,-8.277344999999999
732.0,-2.272187239492951,3.770782900111855,25.27952693763757,25.0,0.7409963839505506,-2.263,3.77,25.42,25.23,-8.531509999999999
733.0,-2.339688801851172,3.771259535359195,25.27952929381331,25.0,0.740780769799404,-2.352,3.77,25.2,25.23,-8.86704
734.0,-2.394954406834658,3.771735731923608,25.27956963146778,25.0,0.7405587902322117,-2.38,3.767,25.62,25.18,-8.96546
735.0,-2.4402020572220984,3.772209359318368,25.27964905260012,25.0,0.7403318973485069,-2.43,3.769,25.560000000000002,25.21,-9.15867
736.0,-2.4772477000988165,3.772678294082181,25.279768471395077,25.0,0.7401014102864806,-2.47,3.775,25.310000000000002,25.18,-9.324250000000001
737.0,-2.50757810718953,3.773140501915322,25.27992861422308,25.0,0.739868515222982,-2.493,3.7680000000000002,25.42,25.02,-9.393624
738.0,-2.5324105442280715,3.7735941049270183,25.28013001964041,25.0,0.7396342653735183,-2.511,3.771,25.64,25.46,-9.468981
739.0,-2.552741624105398,3.77403743669294,25.2803730383888,25.0,0.7393995809922546,-2.5380000000000003,3.775,25.63,25.27,-9.580950000000001
740.0,-2.5693873044442506,3.7744690873324727,25.28065783339605,25.0,0.739165249372014,-2.583,3.774,25.57,25.1,-9.748242000000001
741.0,-2.583015634843574,3.774887940414856,25.28098437977536,25.0,0.7389319248442778,-2.591,3.7760000000000002,25.46,25.22,-9.783616000000002
742.0,-2.5941735680546083,3.775293203175388,25.2813543999859,25.0,0.7387001287791851,-2.595,3.775,25.490000000000002,25.07,-9.796125
743.0,-2.603308911115272,3.775684431254341,25.28176928881504,25.0,0.7384702495855332,-2.598,3.778,25.47,25.150000000000002,-9.815244
744.0,-2.610788297418955,3.776061548951499,25.282225635422947,25.0,0.7382425427107772,-2.601,3.7760000000000002,25.6,25.05,-9.821376
745.0,-2.3194729756166645,3.776082570343138,25.28271889595493,25.0,0.7380194702855679,-2.322,3.7760000000000002,25.400000000000002,25.19,-8.767872
746.0,-2.026401626433094,3.7760175594520913,25.283243440010608,25.0,0.7378225798158674,-2.02,3.774,25.400000000000002,25.04,-7.62348
747.0,-1.7318925636292248,3.7758644897630393,25.28379255064351,25.0,0.7376529098510866,-1.734,3.7760000000000002,25.580000000000002,25.240000000000002,-6.5475840000000005
748.0,-1.436206400470296,3.775639139718219,25.2843584243613,25.0,0.7375055815389798,-1.437,3.774,25.48,25.27,-5.4232380000000004
749.0,-1.139556509051222,3.77535588590038,25.28493217112572,25.0,0.7373761385995057,-1.149,3.773,25.62,25.12,-4.335177
750.0,-1.139556509051222,3.775362926352598,25.285504426789032,25.0,0.7372605473248264,-1.1440000000000001,3.7760000000000002,25.42,25.22,-4.319744000000001
751.0,-1.139556509051222,3.7753373755222506,25.28607284332736,25.0,0.7371551965793082,-1.1480000000000001,3.7760000000000002,25.48,25.11,-4.334848000000001
752.0,-1.139556509051222,3.775289323665649,25.286637939169395,25.0,0.7370568977995213,-1.1440000000000001,3.778,25.39,25.25,-4.322032
753.0,-1.139556509051222,3.775227512420408,25.28719985077305,25.0,0.7369628849942397,-1.124,3.777,25.490000000000002,25.13,-4.245348000000001
754.0,-1.139556509051222,3.7751593348054513,25.287758705076044,25.0,0.7368708147444413,-1.1440000000000001,3.7760000000000002,25.34,25.28,-4.319744000000001
755.0,-1.139556509051222,3.775090835221004,25.28831461949619,25.0,0.7367787662033081,-1.108,3.771,25.44,25.02,-4.178268
756.0,-1.139556509051222,3.775026709448599,25.28886770193111,25.0,0.7366852410962258,-1.1300000000000001,3.778,25.35,25.1,-4.26914
757.0,-1.139556509051222,3.774970304651074,25.28941805075857,25.0,0.7365891637207841,-1.133,3.7760000000000002,25.560000000000002,25.09,-4.278208
758.0,-1.139556509051222,3.774923619372573,25.289965768696447,25.0,0.7364898809467767,-1.143,3.7720000000000002,25.560000000000002,25.22,-4.311396
759.0,-1.139556509051222,3.774887303538544,25.29051108137469,25.0,0.7363871622162012,-1.1280000000000001,3.775,25.32,25.26,-4.2582
760.0,-1.139556509051222,3.774860658455741,25.2910541218007,25.0,0.7362811995432588,-1.1400000000000001,3.7720000000000002,25.62,25.23,-4.30008
761.0,-1.139556509051222,3.774841636812222,25.291594987241467,25.0,0.7361726075143549,-1.133,3.775,25.740000000000002,25.150000000000002,-4.277075
762.0,-1.139556509051222,3.774826842677354,25.29213377338658,25.0,0.7360624232880989,-1.109,3.771,25.5,24.92,-4.182039
763.0,-1.139556509051222,3.7748115315018063,25.29267057434805,25.0,0.735952106595304,-1.1360000000000001,3.7720000000000002,25.43,25.2,-4.284992000000001
764.0,-1.139556509051222,3.774789610117553,25.29320548266054,25.0,0.7358435397389871,-1.123,3.775,25.78,25.28,-4.239325
765.0,-1.139556509051222,3.774757715904905,25.293738589281133,25.0,0.7357377826986718,-1.1420000000000001,3.7760000000000002,25.36,25.47,-4.3121920000000005
766.0,-1.139556509051222,3.774724335341056,25.2942699835894,25.0,0.7356322682070929,-1.135,3.774,25.5,25.16,-4.2834900000000005
767.0,-1.139556509051222,3.774690272207512,25.294799753387395,25.0,0.7355267537155141,-1.117,3.773,25.51,25.13,-4.214441
768.0,-1.139556509051222,3.7746555330505274,25.29532798489987,25.0,0.7354212392239353,-1.141,3.769,25.63,25.23,-4.300429
769.0,-1.139556509051222,3.774620124361496,25.29585476277396,25.0,0.7353157247323565,-1.116,3.773,25.53,25.17,-4.210668000000001
770.0,-1.139556509051222,3.77458405257696,25.29638017007926,25.0,0.7352102102407777,-1.127,3.775,25.45,25.330000000000002,-4.254425
771.0,-1.139556509051222,3.774547324078596,25.29690428830793,25.0,0.7351046957491989,-1.1400000000000001,3.773,25.400000000000002,25.12,-4.301220000000001
772.0,-1.139556509051222,3.7745099451932234,25.29742719737476,25.0,0.7349991812576201,-1.1280000000000001,3.773,25.46,25.18,-4.255944
773.0,-1.139556509051222,3.774471922192804,25.297948975616805,25.0,0.7348936667660413,-1.125,3.773,25.400000000000002,25.29,-4.244625
774.0,-1.139556509051222,3.77443326129444,25.29846969979394,25.0,0.7347881522744625,-1.1280000000000001,3.773,25.5,25.23,-4.255944
775.0,-1.139556509051222,3.774393968660374,25.298989445088296,25.0,0.7346826377828837,-1.1500000000000001,3.774,25.44,25.32,-4.3401000000000005
776.0,-1.139556509051222,3.774354050397992,25.299508285104597,25.0,0.7345771232913049,-1.1420000000000001,3.773,25.35,25.16,-4.308766
777.0,-1.139556509051222,3.774313512559818,25.30002629187021,25.0,0.734471608799726,-1.137,3.7760000000000002,25.63,25.330000000000002,-4.293312
778.0,-1.139556509051222,3.77427236114352,25.300543535834777,25.0,0.7343660943081471,-1.135,3.769,25.45,25.03,-4.277815
779.0,-1.139556509051222,3.774230602091904,25.30106008587063,25.0,0.7342605798165683,-1.1280000000000001,3.7720000000000002,25.37,25.04,-4.254816000000001
780.0,-1.139556509051222,3.7741882412929217,25.301576009272598,25.0,0.7341550653249895,-1.133,3.771,25.48,25.330000000000002,-4.272543
781.0,-1.139556509051222,3.7741452845796615,25.302091371757967,25.0,0.7340495508334107,-1.1480000000000001,3.774,25.51,25.2,-4.332552000000001
782.0,-1.139556509051222,3.7741017377303545,25.30260623746653,25.0,0.7339440363418319,-1.131,3.773,25.330000000000002,25.29,-4.267263
783.0,-1.139556509051222,3.7740576064683737,25.303120668960677,25.0,0.7338385218502531,-1.1280000000000001,3.7760000000000002,25.54,25.21,-4.259328000000001
784.0,-1.139556509051222,3.774012896462232,25.303634727225244,25.0,0.7337330073586743,-1.129,3.777,25.400000000000002,25.2,-4.264233
785.0,-1.139556509051222,3.773967613325585,25.304148471667588,25.0,0.7336274928670955,-1.124,3.771,25.68,25.07,-4.2386040000000005
786.0,-1.139556509051222,3.773921762617228,25.30466189444485,25.0,0.7335219783755167,-1.1260000000000001,3.773,25.560000000000002,25.2,-4.248398000000001
787.0,-1.139556509051222,3.7738753498410977,25.305174919298395,25.0,0.7334164638839379,-1.1300000000000001,3.773,25.47,25.34,-4.263490000000001
788.0,-1.139556509051222,3.7738283804462727,25.305687639477696,25.0,0.733310949392359,-1.135,3.771,25.43,25.21,-4.280085
789.0,-1.139556509051222,3.7737808598269713,25.30620013435976,25.0,0.7332054349007802,-1.151,3.774,25.5,25.27,-4.3438740000000005
790.0,-1.139556509051222,3.773732793322555,25.3067124610518,25.0,0.7330999204092014,-1.1300000000000001,3.7720000000000002,25.57,25.27,-4.262360000000001
791.0,-1.139556509051222,3.773684186217524,25.307224654391348,25.0,0.7329944059176225,-1.1320000000000001,3.771,25.5,25.1,-4.268772
792.0,-1.139556509051222,3.7736350437415225,25.30773672694625,25.0,0.7328888914260437,-1.1320000000000001,3.7720000000000002,25.490000000000002,25.29,-4.269904
793.0,-1.139556509051222,3.7735835523978434,25.30824866901452,25.0,0.7327839844973999,-1.147,3.771,25.51,25.17,-4.325337
794.0,-1.139556509051222,3.773481145246585,25.308760448624582,25.0,0.732695959906613,-1.145,3.775,25.45,25.17,-4.322375
795.0,-1.139556509051222,3.773311975423877,25.30927201153503,25.0,0.732630284039261,-1.124,3.7760000000000002,25.47,25.41,-4.244224000000001
796.0,-1.139556509051222,3.77308359831756,25.30978328123473,25.0,0.7325846149631715,-1.135,3.773,25.3,25.26,-4.282355
797.0,-1.139556509051222,3.772803221250143,25.310294158942952,25.0,0.7325567163782837,-1.1280000000000001,3.7720000000000002,25.61,25.14,-4.254816000000001
798.0,-1.139556509051222,3.772477703478809,25.3108036912962,25.0,0.7325444576166483,-1.1340000000000001,3.7720000000000002,25.54,25.21,-4.277448000000001
799.0,-0.8165286388900188,3.771749503785741,25.311305745237632,25.0,0.7325458136424277,-0.811,3.773,25.43,25.2,-3.0599030000000003
800.0,-0.493500768728816,3.770988837707133,25.311792910830945,25.0,0.7325588650518954,-0.47900000000000004,3.7720000000000002,25.7,25.37,-1.8067880000000003
801.0,-0.1704728985676132,3.770201520304184,25.312258797344214,25.0,0.7325817980734367,-0.171,3.769,25.52,25.2,-0.644499
802.0,0.1525549715935896,3.76939301857276,25.312698038715663,25.0,0.7326129045675485,0.159,3.769,25.41,25.42,0.599271
803.0,0.4755828417547924,3.7685684514434015,25.3131062935538,25.0,0.7326505820268391,0.47600000000000003,3.769,25.6,25.07,1.7940440000000002
804.0,0.4755828417547924,3.76809664219099,25.313480245137555,25.0,0.7326933335760284,0.47600000000000003,3.765,25.55,25.2,1.7921400000000003
805.0,0.4755828417547924,3.767617961205735,25.31381760141608,25.0,0.7327397679719476,0.47700000000000004,3.769,25.55,25.12,1.797813
806.0,0.4755828417547924,3.7671364832221896,25.314117095008783,25.0,0.7327885996035397,0.483,3.77,25.47,25.150000000000002,1.82091
807.0,0.4755828417547924,3.76665593490958,25.31437848320553,25.0,0.7328386484918591,0.47600000000000003,3.7680000000000002,25.560000000000002,25.150000000000002,1.7935680000000003
808.0,0.4755828417547924,3.7661796948718,25.314602547966278,25.0,0.7328888402900717,0.493,3.763,25.490000000000002,25.13,1.855159
809.0,0.4755828417547924,3.765710793647418,25.31479109592135,25.0,0.7329382062834552,0.47200000000000003,3.761,25.57,25.37,1.775192
810.0,0.4755828417547924,3.765251913709673,25.31494588737354,25.0,0.7329858833893983,0.47900000000000004,3.766,25.32,25.34,1.8039140000000002
811.0,0.4755828417547924,3.7648053894664737,25.31506889790552,25.0,0.7330311141574016,0.47600000000000003,3.762,25.47,25.240000000000002,1.790712
812.0,0.3804662734038339,3.764480403632935,25.31516295042644,25.0,0.7330732467690771,0.4,3.7640000000000002,25.69,25.150000000000002,1.5056000000000003
813.0,0.2853497050528754,3.764171398113776,25.315230662732745,25.0,0.7331117350381486,0.292,3.766,25.44,25.13,1.099672
814.0,0.1902331367019168,3.763879663120923,25.315274447333422,25.0,0.733146138410451,0.20600000000000002,3.762,25.45,25.27,0.7749720000000001
815.0,0.0951165683509582,3.76360614080097,25.315296511449844,25.0,0.7331761219639308,0.085,3.762,25.47,25.23,0.31977
816.0,-2.664535259100376e-16,3.763351425235184,25.31529885701593,25.0,0.7332014564086463,0.008,3.763,25.39,25.19,0.030104
817.0,-2.664535259100376e-16,3.763008566066973,25.31528328067816,25.0,0.7332220180867671,0.014,3.759,25.29,25.25,0.052626
818.0,-2.664535259100376e-16,3.762684657619476,25.315251373795263,25.0,0.7332377889725745,0.006,3.7600000000000002,25.490000000000002,25.29,0.02256
819.0,-2.664535259100376e-16,3.762379249777975,25.315204522438705,25.0,0.733248856672461,0.016,3.761,25.53,25.18,0.060176
820.0,-2.664535259100376e-16,3.762091544362424,25.31514390739221,25.0,0.733255414424931,-0.0,3.7600000000000002,25.51,25.12,-0.0
821.0,-2.664535259100376e-16,3.7618203951274447,25.31507050415223,25.0,0.7332577611006003,0.019,3.762,25.5,25.07,0.071478
822.0,-2.664535259100376e-16,3.761564307762333,25.314985091770723,25.0,0.733256301202196,0.028,3.766,25.52,25.23,0.105448
823.0,-2.664535259100376e-16,3.761321439891055,25.31488871749673,25.0,0.7332515448645569,0.001,3.761,25.62,25.42,0.003761
824.0,-2.664535259100376e-16,3.7610896010722494,25.314781475837208,25.0,0.7332441078546336,0.001,3.758,25.5,25.09,0.003758
825.0,-2.664535259100376e-16,3.760866252799224,25.314663089424585,25.0,0.7332347115714877,0.02,3.763,25.46,25.310000000000002,0.07526
826.0,-2.664535259100376e-16,3.7606485084999615,25.31453349357929,25.0,0.7332241830462926,0.021,3.7560000000000002,25.490000000000002,25.13,0.07887600000000002
827.0,-2.664535259100376e-16,3.760433133537112,25.31439283630965,25.0,0.7332134549423333,-0.0,3.757,25.57,25.150000000000002,-0.0
828.0,-2.664535259100376e-16,3.760216545208,25.314241478311946,25.0,0.7332035655550062,0.001,3.758,25.66,25.29,0.003758
829.0,-2.664535259100376e-16,3.759994812744619,25.31407999297056,25.0,0.7331956588118191,0.002,3.758,25.45,25.17,0.007516
830.0,-2.664535259100376e-16,3.759763657313637,25.31390916635769,25.0,0.7331909842723918,-0.008,3.758,25.52,25.22,-0.030064
831.0,-2.664535259100376e-16,3.75952647837226,25.313729997233565,25.0,0.7331883291730386,-0.004,3.758,25.55,25.22,-0.015032
832.0,-0.0537829776306696,3.759392829102782,25.31354369704644,25.0,0.7331719266786878,-0.059000000000000004,3.759,25.41,25.13,-0.221781
833.0,-0.1515997330396733,3.759356642357538,25.313351689932404,25.0,0.7331401281260883,-0.154,3.7600000000000002,25.52,25.29,-0.57904
834.0,-0.285468296490001,3.759404040636404,25.31315561271572,25.0,0.7330944265197646,-0.281,3.759,25.37,25.19,-1.056279
835.0,-0.4488535838878249,3.759523024485643,25.31295731490837,25.0,0.7330362387092481,-0.442,3.757,25.34,25.060000000000002,-1.6605940000000001
836.0,-0.6364051209115772,3.7597031769130016,25.312758858710534,25.0,0.7329669053890766,-0.616,3.761,25.55,25.11,-2.316776
837.0,-0.7899593320599668,3.759874807967466,25.31256251901021,25.0,0.7328876910987949,-0.795,3.757,25.47,24.89,-2.9868150000000004
838.0,-0.9156788869917832,3.760040970782588,25.312371551314016,25.0,0.7327997842229544,-0.927,3.7560000000000002,25.53,25.21,-3.4818120000000006
839.0,-1.018609352877738,3.760203706923684,25.31219081989815,25.0,0.7327042969911131,-1.016,3.762,25.51,25.330000000000002,-3.8221920000000003
840.0,-1.1028816907272134,3.7603642746011934,25.312021953094245,25.0,0.7326022654778358,-1.098,3.762,25.41,25.1,-4.130676
841.0,-1.1718780453583564,3.760523335515983,25.311866155664006,25.0,0.7324946496026938,-1.16,3.758,25.51,25.26,-4.35928
842.0,-1.2283674827451478,3.760681107835324,25.31172448429419,25.0,0.7323823331302654,-1.235,3.759,25.39,25.240000000000002,-4.642365
843.0,-1.274617122357787,3.760837491439052,25.311597847596488,25.0,0.7322661236701352,-1.266,3.758,25.650000000000002,25.12,-4.757628
844.0,-1.312483124627428,3.760992170462435,25.311487006107427,25.0,0.7321467526768949,-1.306,3.761,25.38,25.35,-4.911866000000001
845.0,-1.343485185181704,3.7611446972511735,25.31139257228881,25.0,0.7320248754501425,-1.334,3.7640000000000002,25.490000000000002,25.17,-5.0211760000000005
846.0,-1.3688675255662754,3.761294561097949,25.311315010527096,25.0,0.731901071134483,-1.361,3.762,25.41,25.400000000000002,-5.120082
847.0,-1.3896488282242174,3.761441244519142,25.31125463713397,25.0,0.7317758427195279,-1.36,3.763,25.57,25.04,-5.11768
848.0,-1.4066631197992956,3.761584269330318,25.311211620345944,25.0,0.7316496170398954,-1.408,3.762,25.48,25.17,-5.296895999999999
849.0,-1.420593243553648,3.761723234369642,25.31118598032464,25.0,0.7315227447752104,-1.421,3.761,25.46,25.18,-5.344381
850.0,-1.431998264265518,3.761857846383192,25.3111775891565,25.0,0.7313955004501047,-1.433,3.763,25.6,25.2,-5.392379
851.0,-1.4413359054618176,3.761987945311729,25.31118617085309,25.0,0.7312680824342164,-1.442,3.762,25.51,25.27,-5.424804
852.0,-1.4489809194704355,3.76211352499374,25.311211224422664,25.0,0.7311406129421906,-1.45,3.7640000000000002,25.560000000000002,25.54,-5.4578
853.0,-1.4552401275470035,3.762234750115665,25.311251763129235,25.0,0.7310131380336788,-1.438,3.7600000000000002,25.41,25.25,-5.40688
854.0,-1.4603647336892034,3.762351970089561,25.311307701062447,25.0,0.7308856276133398,-1.441,3.758,25.37,25.2,-5.415278
855.0,-1.464560406335235,3.7624657304151774,25.31137915883505,25.0,0.7307579754308381,-1.465,3.7640000000000002,25.52,25.09,-5.514260000000001
856.0,-1.4679955325603893,3.762576781982443,25.311466271694314,25.0,0.7306299990808458,-1.471,3.762,25.48,25.01,-5.533902
857.0,-1.4708079760416275,3.7626860886876794,25.311569189521947,25.0,0.7305014400030412,-1.461,3.761,25.57,25.32,-5.494821000000001
858.0,-1.4731106100110112,3.762794833669248,25.311688076834344,25.0,0.7303719634821094,-1.474,3.761,25.5,25.150000000000002,-5.5437140000000005
859.0,-1.522875642825348,3.7629583849424657,25.31182311278224,25.0,0.7302411586477423,-1.512,3.767,25.53,25.46,-5.695704
860.0,-1.572100057982684,3.763124193850503,25.311974491150977,25.0,0.7301085384746383,-1.565,3.761,25.35,25.29,-5.885965
861.0,-1.6208818528385769,3.763294168985416,25.31214242036043,25.0,0.7299735397825027,-1.631,3.761,25.7,25.23,-6.134191
862.0,-1.6693012608417408,3.763470446325608,25.312327123464968,25.0,0.7298355232360471,-1.649,3.763,25.5,25.240000000000002,-6.205187
863.0,-1.717423971584065,3.763655392864822,25.31252883815353,25.0,0.7296937733449903,-1.694,3.765,25.580000000000002,25.240000000000002,-6.37791
864.0,-1.717423971584065,3.763797649053712,25.31274781674938,25.0,0.7295474984640573,-1.719,3.767,25.43,25.13,-6.475473
865.0,-1.717423971584065,3.7639542369613954,25.3129843262106,25.0,0.7293958307929803,-1.716,3.7640000000000002,25.54,25.02,-6.459024
866.0,-1.717423971584065,3.764126804454922,25.313238648129584,25.0,0.7292382537181383,-1.71,3.761,25.38,25.14,-6.43131
867.0,-1.717423971584065,3.764300843218153,25.313511078733317,25.0,0.7290792329800287,-1.709,3.767,25.560000000000002,25.2,-6.437803
868.0,-1.717423971584065,3.764471693550306,25.31380192888321,25.0,0.728920212241919,-1.706,3.763,25.48,25.14,-6.419677999999999
869.0,-1.717423971584065,3.764639386464312,25.314111524075315,25.0,0.7287611915038095,-1.692,3.762,25.52,25.07,-6.365304
870.0,-1.717423971584065,3.764803952696674,25.31444020444013,25.0,0.7286021707656998,-1.714,3.762,25.580000000000002,25.13,-6.448068
871.0,-1.717423971584065,3.7649654227074687,25.314788262199727,25.0,0.7284431500275902,-1.72,3.766,25.39,25.3,-6.47752
872.0,-1.717423971584065,3.7651238266803455,25.315154339092143,25.0,0.7282841292894805,-1.726,3.765,25.45,25.27,-6.4983900000000006
873.0,-1.717423971584065,3.765279194522528,25.315537558157644,25.0,0.7281251085513709,-1.72,3.765,25.560000000000002,25.22,-6.4758000000000004
874.0,-1.717423971584065,3.765431555864809,25.3159376625386,25.0,0.7279660878132612,-1.713,3.767,25.73,25.26,-6.452871
875.0,-1.717423971584065,3.765580940061557,25.316354399044656,25.0,0.7278070670751516,-1.694,3.763,25.5,25.09,-6.374522
876.0,-1.717423971584065,3.765727376190712,25.316787518152523,25.0,0.7276480463370419,-1.718,3.767,25.580000000000002,25.12,-6.471705999999999
877.0,-1.717423971584065,3.765870893053788,25.317236774006066,25.0,0.7274890255989324,-1.71,3.7640000000000002,25.51,25.23,-6.43644
878.0,-1.717423971584065,3.76601151917587,25.317701924416383,25.0,0.7273300048608227,-1.713,3.769,25.71,25.1,-6.456297
879.0,-1.717423971584065,3.7661492828056176,25.31818273086185,25.0,0.7271709841227131,-1.701,3.766,25.34,25.21,-6.405966
880.0,-1.717423971584065,3.7662842119152633,25.318678958487737,25.0,0.7270119633846034,-1.687,3.763,25.53,25.07,-6.348181
881.0,-1.717423971584065,3.7664163342006094,25.319190376106803,25.0,0.7268529426464938,-1.718,3.761,25.36,25.04,-6.461398
882.0,-1.717423971584065,3.766545677081036,25.319716756198773,25.0,0.7266939219083841,-1.717,3.767,25.27,25.27,-6.467939
883.0,-1.717423971584065,3.76667226769949,25.320257874910624,25.0,0.7265349011702745,-1.702,3.765,25.55,25.3,-6.40803
884.0,-1.717423971584065,3.766796132922496,25.320813493790357,25.0,0.7263758804321649,-1.706,3.765,25.53,25.14,-6.42309
885.0,-1.717423971584065,3.766917299340149,25.32138337202855,25.0,0.7262168596940553,-1.694,3.767,25.490000000000002,25.05,-6.381297999999999
886.0,-1.717423971584065,3.767041373970744,25.321967368753064,25.0,0.7260559579624952,-1.707,3.7680000000000002,25.51,24.98,-6.431976000000001
887.0,-1.717423971584065,3.76723023297404,25.322565366644422,25.0,0.7258722736739078,-1.716,3.769,25.830000000000002,25.38,-6.467604
888.0,-1.717423971584065,3.767461731591171,25.323177266911102,25.0,0.7256731334140538,-1.707,3.7640000000000002,25.5,25.21,-6.425148000000001
889.0,-1.717423971584065,3.7676914615038486,25.32380298928956,25.0,0.7254734128085364,-1.701,3.77,25.57,25.14,-6.41277
890.0,-1.717423971584065,3.7678821458969183,25.324442472044154,25.0,0.7252856456742323,-1.704,3.766,25.46,25.16,-6.417264
891.0,-1.717423971584065,3.768003639458368,25.325095754929578,25.0,0.7251200240192912,-1.707,3.762,25.55,25.01,-6.421734000000001
892.0,-1.1704804281622962,3.7674165230058874,25.325759840765045,25.0,0.7249843980431369,-1.155,3.7640000000000002,25.5,25.26,-4.3474200000000005
893.0,-0.6235368847405275,3.766721319607176,25.326417954713747,25.0,0.7248842761364659,-0.607,3.766,25.490000000000002,25.400000000000002,-2.285962
894.0,-0.0765933413187587,3.76590927845964,25.32705285090634,25.0,0.7248228248812485,-0.058,3.763,25.71,25.12,-0.218254
895.0,0.47035020210301,3.764978780263824,25.32765010212836,25.0,0.7248008690507284,0.482,3.7640000000000002,25.650000000000002,25.44,1.814248
896.0,1.0172937455247788,3.763935337223408,25.3281980998201,25.0,0.7248168916094226,1.0210000000000001,3.7640000000000002,25.54,25.19,3.843044000000001
897.0,1.0172937455247788,3.76340799841865,25.32868805407651,25.0,0.7248670337131216,1.024,3.762,25.3,25.37,3.852288
898.0,1.0172937455247788,3.762800133686076,25.329113993647358,25.0,0.7249450947088892,1.034,3.761,25.490000000000002,25.23,3.8888740000000004
899.0,1.0172937455247788,3.762138649738784,25.329475117937307,25.0,0.7250425321350626,1.014,3.759,25.8,25.23,3.811626
900.0,1.0172937455247788,3.761457584793016,25.32977860499045,25.0,0.7251484617212527,1.026,3.761,25.51,25.38,3.8587860000000003
901.0,0.813834996419823,3.761027406578387,25.33002961058708,25.0,0.7252496573883435,0.8150000000000001,3.7560000000000002,25.64,25.28,3.0611400000000004
902.0,0.6103762473148674,3.760667118307176,25.33023375969776,25.0,0.7253305512484923,0.616,3.758,25.67,25.240000000000002,2.314928
903.0,0.4069174982099117,3.760411165122363,25.330397328859817,25.0,0.7253798105889561,0.425,3.758,25.55,25.01,1.59715
904.0,0.203458749104956,3.760210872065725,25.330527246177155,25.0,0.725412361688286,0.21,3.759,25.45,25.05,0.7893899999999999
905.0,3.552713678800501e-16,3.760051259012974,25.330631091320186,25.0,0.7254329100129897,0.005,3.759,25.29,25.25,0.018795
906.0,3.552713678800501e-16,3.759694608626025,25.330714909556605,25.0,0.7254441182646978,-0.009000000000000001,3.761,25.6,25.35,-0.033849000000000004
907.0,3.552713678800501e-16,3.759362711978434,25.33077960935111,25.0,0.7254483611320783,0.012,3.762,25.45,25.21,0.045144000000000004
908.0,3.552713678800501e-16,3.759048974524675,25.33082588080407,25.0,0.7254477252908371,0.011,3.7560000000000002,25.55,25.14,0.041316
909.0,3.552713678800501e-16,3.7587477141103833,25.33085439732417,25.0,0.7254440094037174,0.027,3.762,25.41,25.02,0.101574
910.0,3.552713678800501e-16,3.7584541609723514,25.33086581215616,25.0,0.7254387241205001,0.002,3.7560000000000002,25.5,25.12,0.0075120000000000004
911.0,3.552713678800501e-16,3.75816445773853,25.330860758380425,25.0,0.7254330920780039,0.007,3.758,25.53,25.21,0.026306
912.0,3.552713678800501e-16,3.757875659428034,25.33083984891323,25.0,0.7254280479000845,0.007,3.758,25.560000000000002,25.11,0.026306
913.0,3.552713678800501e-16,3.757585733451131,25.33080367650672,25.0,0.7254242381976357,0.021,3.761,25.42,25.1,0.07898100000000001
914.0,3.552713678800501e-16,3.757293559609254,25.330752813748745,25.0,0.7254220215685886,0.004,3.755,25.650000000000002,25.19,0.01502
915.0,3.552713678800501e-16,3.756998930094991,25.330687813063093,25.0,0.7254214685979121,0.008,3.7520000000000002,25.47,25.34,0.030016
916.0,3.552713678800501e-16,3.756702549492091,25.330609193470707,25.0,0.7254223618576126,0.011,3.759,25.36,25.27,0.041349
917.0,3.552713678800501e-16,3.756406034775464,25.330514689208144,25.0,0.7254241959067337,0.007,3.754,25.52,25.23,0.026278
918.0,3.552713678800501e-16,3.756111915311175,25.330403856980524,25.0,0.7254261772913572,0.001,3.754,25.53,25.22,0.003754
919.0,3.552713678800501e-16,3.7558236328564503,25.330278978460058,25.0,0.7254272245446022,0.007,3.753,25.55,25.26,0.026271000000000003
920.0,3.552713678800501e-16,3.755562757563119,25.33014247924785,25.0,0.7254202499621591,0.016,3.754,25.67,25.19,0.060064
921.0,-0.0699092045619988,3.755430183617171,25.329996928874152,25.0,0.7253977863733764,-0.075,3.753,25.51,25.16,-0.281475
922.0,-0.1970552248221263,3.755409018514453,25.329845040798148,25.0,0.7253604615848922,-0.191,3.7560000000000002,25.52,25.27,-0.717396
923.0,-0.3710627863025681,3.755484837547338,25.32968967240805,25.0,0.7253089580951595,-0.373,3.755,25.42,25.18,-1.400615
924.0,-0.5834373327167126,3.7556452987182096,25.32953382502103,25.0,0.7252439853625529,-0.5660000000000001,3.753,25.61,25.080000000000002,-2.1241980000000003
925.0,-0.8272241095989592,3.755879758526713,25.329380643883383,25.0,0.7251662798053697,-0.837,3.757,25.55,25.34,-3.144609
926.0,-1.026819841026215,3.756100169729422,25.329233418170304,25.0,0.7250766048018296,-1.027,3.7560000000000002,25.490000000000002,25.01,-3.857412
927.0,-1.1902350045288026,3.756312680923662,25.329095580986007,25.0,0.7249757506900744,-1.181,3.7520000000000002,25.34,25.35,-4.431112000000001
928.0,-1.3240280244076377,3.75652176738338,25.328970709363773,25.0,0.7248645347681681,-1.303,3.757,25.67,25.25,-4.895371
929.0,-1.4335684843296137,3.756730527699736,25.328862524265787,25.0,0.7247438012940975,-1.429,3.7560000000000002,25.41,25.1,-5.367324000000001
930.0,-1.5232526275740417,3.7569409266498863,25.32877489058336,25.0,0.7246144214857714,-1.524,3.759,25.47,25.2,-5.728716
931.0,-1.5966797937117057,3.7571539940411154,25.32871181713682,25.0,0.724477293521021,-1.573,3.7560000000000002,25.560000000000002,25.16,-5.908188
932.0,-1.6567968727399776,3.757369987510651,25.32867732227743,25.0,0.7243333425375996,-1.666,3.755,25.41,25.28,-6.25583
933.0,-1.706016574125643,3.7575885258148713,25.32867173354731,25.0,0.7241835206331833,-1.723,3.7560000000000002,25.38,25.28,-6.471588000000001
934.0,-1.7463142573074024,3.757808697957282,25.328693934357545,25.0,0.72402880686537,-1.737,3.758,25.32,25.25,-6.527646000000001
935.0,-1.779307209806102,3.758029152534952,25.328743297257745,25.0,0.7238702072516803,-1.7790000000000001,3.755,25.6,25.27,-6.680145
936.0,-1.8063195546516289,3.7582481708891726,25.32881905834398,25.0,0.723708754769557,-1.812,3.7560000000000002,25.47,25.19,-6.805872000000001
937.0,-1.8284353920894088,3.758463726996172,25.328920317258508,25.0,0.7235455093563653,-1.816,3.757,25.82,25.38,-6.822712
938.0,-1.8465423083297927,3.758673536501469,25.32904603719021,25.0,0.7233815579093924,-1.839,3.755,25.43,25.32,-6.905444999999999
939.0,-1.8613669974992024,3.758875096865813,25.329195044874098,25.0,0.7232180142858484,-1.862,3.7560000000000002,25.44,25.150000000000002,-6.993672000000001
940.0,-1.87350442642702,3.759065720233904,25.329366030591643,25.0,0.7230560193028652,-1.881,3.758,25.47,25.28,-7.068798
941.0,-1.7590484980222438,3.759102369192008,25.329557548170783,25.0,0.7228967407374972,-1.745,3.761,25.55,25.27,-6.562945000000001
942.0,-1.6417429163611466,3.759120893909587,25.32976801498569,25.0,0.722741431824949,-1.6300000000000001,3.759,25.48,25.17,-6.1271700000000004
943.0,-1.52210423594349,3.7591123188604074,25.32999571195694,25.0,0.722593325557707,-1.518,3.758,25.59,25.17,-5.704644
944.0,-1.4005553758238702,3.759076058243663,25.330238783551465,25.0,0.7224528455962229,-1.377,3.7560000000000002,25.43,25.32,-5.1720120000000005
945.0,-1.2774425928383482,3.759016250747441,25.330495237782717,25.0,0.7223188193422778,-1.283,3.7600000000000002,25.39,25.2,-4.82408
946.0,-1.2774425928383482,3.759076877789428,25.330762946210257,25.0,0.7221901608479576,-1.288,3.759,25.35,25.23,-4.841592
947.0,-1.2774425928383482,3.759122384346949,25.331039643940187,25.0,0.7220658708156533,-1.2790000000000001,3.757,25.310000000000002,25.34,-4.805203000000001
948.0,-1.2774425928383482,3.7591556858173134,25.33132326419701,25.0,0.7219450365980611,-1.2730000000000001,3.7600000000000002,25.48,25.45,-4.786480000000001
949.0,-1.2774425928383482,3.7591794199113937,25.331614518347862,25.0,0.7218268321981818,-1.27,3.759,25.5,25.150000000000002,-4.77393
950.0,-1.2774425928383482,3.759195946653618,25.331913576712964,25.0,0.7217105182693218,-1.2750000000000001,3.757,25.47,25.18,-4.7901750000000005
951.0,-1.2774425928383482,3.759207348381977,25.33222025921623,25.0,0.721595442115092,-1.2690000000000001,3.758,25.66,25.21,-4.768902000000001
952.0,-1.2774425928383482,3.759215429748018,25.332534390364454,25.0,0.7214810376894086,-1.285,3.757,25.66,25.21,-4.827745
953.0,-1.2774425928383482,3.759221717716852,25.332855799247284,25.0,0.7213668255964931,-1.258,3.763,25.5,25.240000000000002,-4.733854
954.0,-1.2774425928383482,3.759227461567147,25.333184319537224,25.0,0.7212524130908715,-1.2730000000000001,3.759,25.35,25.150000000000002,-4.785207000000001
955.0,-1.2774425928383482,3.75923363289113,25.333519789489458,25.0,0.7211374940773752,-1.2610000000000001,3.759,25.48,25.07,-4.740099000000001
956.0,-1.2774425928383482,3.759240925594592,25.333862051942106,25.0,0.7210218491111404,-1.2690000000000001,3.759,25.47,25.38,-4.770171
957.0,-1.2774425928383482,3.759249755896879,25.334210954316006,25.0,0.7209053453976088,-1.268,3.761,25.47,25.26,-4.768948
958.0,-1.2774425928383482,3.7592602623308986,25.334566348614885,25.0,0.7207879367925263,-1.2670000000000001,3.758,25.46,25.16,-4.761386000000001
959.0,-1.2774425928383482,3.759272305743118,25.334928091425297,25.0,0.7206696638019447,-1.268,3.757,25.47,25.240000000000002,-4.763876
960.0,-1.2774425928383482,3.759285469293565,25.33529604391657,25.0,0.7205506535822204,-1.266,3.7600000000000002,25.5,25.38,-4.76016
961.0,-1.2774425928383482,3.7592990584558255,25.33567007184081,25.0,0.7204311199400149,-1.2590000000000001,3.758,25.47,25.12,-4.7313220000000005
962.0,-1.2774425928383482,3.7593121010170463,25.336050045533,25.0,0.7203113633322946,-1.27,3.7560000000000002,25.560000000000002,25.22,-4.77012
963.0,-1.2774425928383482,3.7593233470779337,25.336435823127715,25.0,0.7201917708663313,-1.2650000000000001,3.7560000000000002,25.57,25.060000000000002,-4.751340000000001
964.0,-1.2774425928383482,3.759331269052753,25.33682721552759,25.0,0.7200728162997015,-1.2730000000000001,3.761,25.45,25.19,-4.787753
965.0,-1.2774425928383482,3.7593420873975383,25.33722416580912,25.0,0.7199523356537304,-1.258,3.759,25.66,25.26,-4.728822
966.0,-1.2774425928383482,3.759366604400152,25.33762663363541,25.0,0.7198266409425143,-1.2790000000000001,3.757,25.44,25.09,-4.805203000000001
967.0,-1.2774425928383482,3.759401867280875,25.33803457514341,25.0,0.7196967409878945,-1.254,3.758,25.38,25.18,-4.712532
968.0,-1.2774425928383482,3.759444858065173,25.338447942943844,25.0,0.7195636691948482,-1.2730000000000001,3.7600000000000002,25.580000000000002,25.28,-4.786480000000001
969.0,-1.2774425928383482,3.759492715152208,25.33886668612132,25.0,0.7194284081300931,-1.287,3.758,25.46,25.26,-4.836545999999999
970.0,-1.2774425928383482,3.7595427333148455,25.33929075023417,25.0,0.7192918895220888,-1.2710000000000001,3.7560000000000002,25.57,25.080000000000002,-4.7738760000000005
971.0,-1.2774425928383482,3.7595923636996473,25.33972007731461,25.0,0.7191549942610354,-1.2790000000000001,3.759,25.3,25.240000000000002,-4.807761
972.0,-1.2774425928383482,3.7596392138268735,25.34015460586869,25.0,0.7190185523988741,-1.264,3.761,25.68,25.26,-4.753904
973.0,-1.2774425928383482,3.759681047590487,25.340594270876124,25.0,0.7188833431492877,-1.2790000000000001,3.761,25.61,25.21,-4.810319000000001
974.0,-1.2774425928383482,3.7597157852581455,25.341039003790684,25.0,0.7187500948876996,-1.2770000000000001,3.758,25.39,25.310000000000002,-4.798966000000001
975.0,-1.2774425928383482,3.7597415034712096,25.341488732539744,25.0,0.7186194851512746,-1.291,3.761,25.39,25.14,-4.8554509999999995
976.0,-1.2774425928383482,3.7597564352447352,25.34194338152463,25.0,0.7184921406389183,-1.2770000000000001,3.759,25.71,25.240000000000002,-4.800243
977.0,-1.2774425928383482,3.759758969967481,25.34240287162038,25.0,0.7183686372112779,-1.297,3.761,25.47,25.080000000000002,-4.878017
978.0,-1.2774425928383482,3.759747653401904,25.34286712017598,25.0,0.7182494998907412,-1.288,3.7600000000000002,25.46,25.04,-4.84288
979.0,-1.2774425928383482,3.759721187684157,25.34333604101414,25.0,0.7181352028614374,-1.2650000000000001,3.7560000000000002,25.32,25.28,-4.751340000000001
980.0,-1.2774425928383482,3.759678431324098,25.343809544431394,25.0,0.7180261694692367,-1.2650000000000001,3.762,25.51,25.2,-4.75893
981.0,-1.2774425928383482,3.7596183992052783,25.344287518038072,25.0,0.7179227722217505,-1.268,3.759,25.52,25.150000000000002,-4.766412
982.0,-1.2774425928383482,3.759540262584952,25.34476791914858,25.0,0.7178253327883312,-1.282,3.7600000000000002,25.62,25.09,-4.820320000000001
983.0,-1.2774425928383482,3.759443349094071,25.345251984358924,25.0,0.7177341220000722,-1.2730000000000001,3.7560000000000002,25.41,25.28,-4.781388000000001
984.0,-1.2774425928383482,3.759327142737286,25.345742097657137,25.0,0.7176493598498084,-1.272,3.759,25.39,25.05,-4.781448
985.0,-1.2774425928383482,3.759191283892947,25.346238987637776,25.0,0.7175712154921153,-1.284,3.7600000000000002,25.59,25.3,-4.82784
986.0,-1.2774425928383482,3.759035569313105,25.34674172750175,25.0,0.7174998072433101,-1.2570000000000001,3.762,25.650000000000002,25.25,-4.728834000000001
987.0,-1.2774425928383482,3.7588599521235073,25.347247735056328,25.0,0.7174352025814503,-1.264,3.761,25.39,25.05,-4.753904
988.0,-0.849412940362362,3.758182152405262,25.34775277271507,25.0,0.7173774181463354,-0.847,3.758,25.66,25.21,-3.183026
989.0,-0.4213832878863761,3.757484825449856,25.34824889712945,25.0,0.7173264197395053,-0.41600000000000004,3.753,25.55,25.47,-1.5612480000000002
990.0,0.0066463645896098,3.756768393504135,25.348721667092093,25.0,0.7172821223242415,0.014,3.7560000000000002,25.66,25.32,0.052584000000000006
991.0,0.4346760170655958,3.7560334351886455,25.34915913540493,25.0,0.7172443900255662,0.419,3.754,25.54,25.12,1.572926
992.0,0.8627056695415817,3.755280685497631,25.34955254864832,25.0,0.7172130361302429,0.865,3.755,25.3,25.27,3.248075
993.0,0.8627056695415817,3.754993425217375,25.34989632064378,25.0,0.7171878230867763,0.861,3.7520000000000002,25.53,25.060000000000002,3.2304720000000002
994.0,0.8627056695415817,3.75469031267118,25.35018803245396,25.0,0.717168462505412,0.858,3.753,25.66,25.060000000000002,3.220074
995.0,0.6901645356332654,3.754567005832304,25.350428432382785,25.0,0.7171546151581369,0.6920000000000001,3.753,25.46,25.19,2.5970760000000004
996.0,0.5176234017249491,3.754430411331871,25.350622190359843,25.0,0.717145890978679,0.541,3.7520000000000002,25.51,25.26,2.0298320000000003
997.0,0.3450822678166328,3.7542820460326234,25.35077817417141,25.0,0.7171418490625071,0.356,3.7520000000000002,25.53,25.28,1.335712
998.0,0.1725411339083165,3.754123583170996,25.350902348572845,25.0,0.7171419976668314,0.17200000000000001,3.753,25.26,25.28,0.6455160000000001
999.0,2.220446049250313e-16,3.753956852357133,25.35099943253385,25.0,0.7171457942106032,0.011,3.754,25.72,25.25,0.041294
1000.0,2.220446049250313e-16,3.753589385716953,25.351073155024267,25.0,0.7171526452745147,0.019,3.748,25.46,25.04,0.071212
1001.0,2.220446049250313e-16,3.7532177794659103,25.35112625501415,25.0,0.7171619066009995,0.014,3.747,25.6,25.19,0.052458
1002.0,2.220446049250313e-16,3.752844332335238,25.351160481473528,25.0,0.7171728830942322,0.006,3.751,25.54,25.3,0.022505999999999998
1003.0,2.220446049250313e-16,3.752471499429873,25.35117659597222,25.0,0.7171848288201282,-0.001,3.751,25.68,25.240000000000002,-0.003751
1004.0,2.220446049250313e-16,3.752101892228448,25.35117536124892,25.0,0.7171969470063444,0.012,3.751,25.59,25.22,0.045011999999999996
1005.0,2.220446049250313e-16,3.751738278583298,25.351157318391927,25.0,0.7172083900422788,0.009000000000000001,3.749,25.53,25.23,0.03374100000000001
1006.0,2.220446049250313e-16,3.751383582720453,25.35112264876642,25.0,0.71721825947907,0.014,3.75,25.46,25.23,0.0525
1007.0,2.220446049250313e-16,3.751040885239647,25.351071852512803,25.0,0.7172256060295985,0.011,3.75,25.63,25.0,0.041249999999999995
1008.0,2.220446049250313e-16,3.750713423114308,25.351005748546527,25.0,0.7172294295684851,0.015,3.748,25.36,25.32,0.05622
1009.0,2.220446049250313e-16,3.7504077114630503,25.350925474558267,25.0,0.7172274925033942,-0.0,3.751,25.62,25.19,-0.0
1010.0,-0.0474665489837002,3.750189485095227,25.35083248701369,25.0,0.7172151857371665,-0.029,3.75,25.44,25.27,-0.10875
1011.0,-0.1337954213628387,3.7500483314626174,25.350728561153574,25.0,0.7171925903839044,-0.127,3.75,25.68,24.97,-0.47625
1012.0,-0.2519420730418843,3.749974534066987,25.350615790993917,25.0,0.7171601870447031,-0.226,3.749,25.57,25.37,-0.8472740000000001
1013.0,-0.3961389191284117,3.7499598596782544,25.35049658932576,25.0,0.7171184452680973,-0.398,3.753,25.61,25.080000000000002,-1.493694
1014.0,-0.5616638605000046,3.7499972974639264,25.350373687715148,25.0,0.7170678235500614,-0.539,3.75,25.560000000000002,25.45,-2.02125
1015.0,-0.6971842204023577,3.750027350605651,25.350250183520927,25.0,0.7170087693340089,-0.6900000000000001,3.748,25.38,25.41,-2.58612
1016.0,-0.8081389067226104,3.750054547996097,25.35013092584643,25.0,0.7169417190107933,-0.81,3.751,25.46,25.07,-3.03831
1017.0,-0.8989809206111221,3.750082351546167,25.350018743337785,25.0,0.7168670979187072,-0.899,3.746,25.62,25.28,-3.367654
1018.0,-0.973356071053184,3.750113357596327,25.349915124821397,25.0,0.7167853203434829,-0.972,3.749,25.57,25.1,-3.644028
1019.0,-1.034249293984901,3.750149461818243,25.349821406670856,25.0,0.7166967895182921,-1.025,3.75,25.67,25.14,-3.8437499999999996
1020.0,-1.0841044482531317,3.750191994224832,25.349738772806973,25.0,0.7166018976237463,-1.074,3.749,25.59,25.14,-4.026426000000001
1021.0,-1.1249223962519788,3.7502418297071385,25.34966825469792,25.0,0.7165010257878961,-1.1260000000000001,3.749,25.45,25.240000000000002,-4.221374000000001
1022.0,-1.1583413055561729,3.750299478534276,25.34961073135895,25.0,0.7163945440862319,-1.154,3.747,25.47,25.23,-4.324038
1023.0,-1.1857023943378404,3.750365160448507,25.34956692935253,25.0,0.7162828115416835,-1.159,3.748,25.560000000000002,25.080000000000002,-4.343932000000001
1024.0,-1.2081037591610886,3.750438865329176,25.3495374227885,25.0,0.7161661761246203,-1.186,3.75,25.32,25.240000000000002,-4.4475
1025.0,-1.2264444454528012,3.7505204028601207,25.34952263332377,25.0,0.716044974752851,-1.217,3.747,25.72,25.18,-4.560099
1026.0,-1.2414605293523822,3.750609443193924,25.349522830162527,25.0,0.715919533291624,-1.236,3.753,25.59,25.02,-4.638708
1027.0,-1.253754659031768,3.7507055502449806,25.349538130056203,25.0,0.7157901665536273,-1.248,3.744,25.67,25.16,-4.672512
1028.0,-1.3485176117906266,3.750903662884337,25.349568886631342,25.0,0.715657178298988,-1.337,3.749,25.39,25.37,-5.0124130000000005
1029.0,-1.4403941207331832,3.751106558726363,25.349617709296865,25.0,0.7155208612352731,-1.446,3.75,25.67,25.16,-5.422499999999999
1030.0,-1.529907409356302,3.751313844579233,25.349686401900613,25.0,0.7153814970174892,-1.5270000000000001,3.751,25.77,25.02,-5.727777000000001
1031.0,-1.6174858568275976,3.751525064496688,25.349776286946337,25.0,0.7152393562480819,-1.629,3.749,25.42,25.28,-6.107121
1032.0,-1.7034801903455754,3.75173971915383,25.34988841963991,25.0,0.7150946984769367,-1.694,3.753,25.63,25.11,-6.357582
1033.0,-1.7034801903455754,3.7518618277738898,25.350023587889385,25.0,0.7149477722013785,-1.692,3.748,25.55,25.22,-6.341616
1034.0,-1.7034801903455754,3.751987499646552,25.35018231230515,25.0,0.7147988148661718,-1.703,3.75,25.400000000000002,25.18,-6.38625
1035.0,-1.7034801903455754,3.752115972582752,25.35036484619974,25.0,0.7146480528635205,-1.683,3.7520000000000002,25.6,25.38,-6.314616000000001
1036.0,-1.7034801903455754,3.75224652852856,25.350571175587845,25.0,0.7144957015330681,-1.711,3.753,25.63,25.18,-6.4213830000000005
1037.0,-1.7034801903455754,3.752378493565173,25.350801019186463,25.0,0.7143419651618974,-1.713,3.749,25.490000000000002,25.09,-6.422037
1038.0,-1.7034801903455754,3.752511237908916,25.35105382841482,25.0,0.714187036984531,-1.696,3.757,25.67,25.150000000000002,-6.371872
1039.0,-1.7034801903455754,3.752644175911247,25.351328787394262,25.0,0.7140310991829308,-1.688,3.75,25.38,25.080000000000002,-6.33
1040.0,-1.7034801903455754,3.752776766058751,25.3516248129485,25.0,0.7138743228864983,-1.682,3.749,25.400000000000002,25.18,-6.305818
1041.0,-1.7034801903455754,3.752908510973142,25.35194055460323,25.0,0.7137168681720747,-1.703,3.753,25.57,25.38,-6.3913590000000005
1042.0,-1.7034801903455754,3.753038957411266,25.352274535740435,25.0,0.7135588840639401,-1.688,3.751,25.55,25.32,-6.331688
1043.0,-1.7034801903455754,3.7531676962650953,25.352627374173096,25.0,0.7134005085338149,-1.699,3.751,25.48,25.400000000000002,-6.372949
1044.0,-1.7034801903455754,3.753294362561734,25.352999250511743,25.0,0.7132418685008584,-1.7,3.753,25.63,25.25,-6.3801
1045.0,-1.7034801903455754,3.7534186354634143,25.353389814121897,25.0,0.7130830798316696,-1.69,3.749,25.61,25.21,-6.33581
1046.0,-1.7034801903455754,3.753540238267499,25.353798719317357,25.0,0.7129242473402873,-1.692,3.749,25.64,25.1,-6.343308
1047.0,-1.7034801903455754,3.75365893840648,25.35422562535996,25.0,0.7127654647881893,-1.714,3.751,25.54,25.23,-6.429214
1048.0,-1.7034801903455754,3.7537745474479767,25.35467019645984,25.0,0.7126068148842931,-1.684,3.755,25.61,25.19,-6.32342
1049.0,-1.7034801903455754,3.753886921094741,25.35513210177521,25.0,0.7124483692849561,-1.685,3.7520000000000002,25.51,25.28,-6.322120000000001
1050.0,-1.7034801903455754,3.7539959591846537,25.35561101541242,25.0,0.7122901885939747,-1.705,3.7560000000000002,25.76,25.09,-6.403980000000001
1051.0,-1.7034801903455754,3.754101609971394,25.35610661642596,25.0,0.7121323206855174,-1.695,3.7560000000000002,25.47,25.21,-6.366420000000001
1052.0,-1.7034801903455754,3.754204390573301,25.35661858881861,25.0,0.7119745910382631,-1.694,3.754,25.77,25.04,-6.3592759999999995
1053.0,-1.7034801903455754,3.75430468693706,25.35714662154112,25.0,0.7118168613910089,-1.696,3.754,25.560000000000002,25.23,-6.366784
1054.0,-1.7034801903455754,3.754402523045691,25.35769040849243,25.0,0.7116591317437547,-1.704,3.754,25.42,25.27,-6.396816
1055.0,-1.7034801903455754,3.754497922678487,25.3582496485198,25.0,0.7115014020965005,-1.705,3.754,25.7,25.04,-6.40057
1056.0,-1.7034801903455754,3.75459090941101,25.358824045418487,25.0,0.7113436724492462,-1.699,3.753,25.57,25.07,-6.376347000000001
1057.0,-1.7034801903455754,3.754681506615092,25.359413307931906,25.0,0.711185942801992,-1.687,3.753,25.64,25.07,-6.331311
1058.0,-1.7034801903455754,3.754769737458833,25.360017149751684,25.0,0.7110282131547379,-1.693,3.7520000000000002,25.68,25.18,-6.352136000000001
1059.0,-1.7034801903455754,3.754855624906605,25.36063528951752,25.0,0.7108704835074836,-1.702,3.749,25.59,25.060000000000002,-6.380798
1060.0,-1.7034801903455754,3.754939191719048,25.361267453032557,25.0,0.7107127538602294,-1.691,3.7560000000000002,25.5,25.34,-6.351396
1061.0,-1.7034801903455754,3.7550204604530713,25.361913411726107,25.0,0.7105550242129751,-1.727,3.754,25.66,25.240000000000002,-6.483158
1062.0,-1.7034801903455754,3.755099453461856,25.362572936455194,25.0,0.7103972945657209,-1.687,3.754,25.560000000000002,25.26,-6.332998
1063.0,-1.7034801903455754,3.7551761928948513,25.36324579207627,25.0,0.7102395649184667,-1.716,3.755,25.63,25.04,-6.44358
1064.0,-1.7034801903455754,3.755250700697777,25.363931747165736,25.0,0.7100818352712125,-1.702,3.753,25.35,25.330000000000002,-6.387606
1065.0,-1.7034801903455754,3.7553229986126206,25.36463057402005,25.0,0.7099241056239582,-1.71,3.7520000000000002,25.61,25.26,-6.41592
1066.0,-1.7034801903455754,3.755393108177643,25.365342048655464,25.0,0.709766375976704,-1.711,3.754,25.5,25.13,-6.423094
1067.0,-1.7034801903455754,3.7554610507273702,25.36606595080832,25.0,0.7096086463294499,-1.687,3.757,25.73,25.05,-6.338059
1068.0,-1.7034801903455754,3.7555268473926025,25.3668020639347,25.0,0.7094509166821956,-1.703,3.7520000000000002,25.63,25.19,-6.3896560000000004
1069.0,-1.7034801903455754,3.755590519100406,25.367550175210795,25.0,0.7092931870349414,-1.695,3.749,25.59,25.150000000000002,-6.354555
1070.0,-1.7034801903455754,3.75565208657412,25.368310075532747,25.0,0.7091354573876871,-1.699,3.754,25.62,25.16,-6.378046
1071.0,-1.7034801903455754,3.755711570333348,25.369081559516587,25.0,0.708977727740433,-1.694,3.757,25.47,25.13,-6.364358
1072.0,-1.7034801903455754,3.755768990693971,25.36986442549824,25.0,0.7088199980931787,-1.698,3.751,25.73,25.27,-6.369198
1073.0,-1.7034801903455754,3.755824367768133,25.370658475533617,25.0,0.7086622684459245,-1.711,3.7520000000000002,25.77,24.94,-6.419672
1074.0,-1.7034801903455754,3.755877721464251,25.371463515373307,25.0,0.7085045387986703,-1.689,3.755,25.61,25.34,-6.342195
1075.0,-1.7034801903455754,3.7559290714870106,25.37227935016637,25.0,0.7083468091514161,-1.703,3.7600000000000002,25.73,25.3,-6.4032800000000005
1076.0,-1.7034801903455754,3.755978437337368,25.373105822451866,25.0,0.7081890795041619,-1.714,3.7520000000000002,25.52,25.22,-6.430928000000001
1077.0,-1.7034801903455754,3.756025838312548,25.373942768930192,25.0,0.7080313498569076,-1.703,3.7520000000000002,25.490000000000002,25.19,-6.3896560000000004
1078.0,-1.7034801903455754,3.7560582397811486,25.37478999374196,25.0,0.7078778993318346,-1.683,3.7560000000000002,25.580000000000002,25.310000000000002,-6.321348
1079.0,-1.7034801903455754,3.7560436956492502,25.3756472684679,25.0,0.7077393073706965,-1.69,3.757,25.62,25.2,-6.34933
1080.0,-1.7034801903455754,3.755984010539127,25.376514332128977,25.0,0.7076151807576603,-1.702,3.754,25.54,25.17,-6.389308
1081.0,-1.7034801903455754,3.75588264526078,25.37739089118645,25.0,0.7075045741889705,-1.702,3.7520000000000002,25.63,25.310000000000002,-6.385904
1082.0,-1.7034801903455754,3.7557429446336537,25.378279524938023,25.0,0.707406568745057,-1.702,3.7560000000000002,25.61,25.41,-6.392712
1083.0,-1.7034801903455754,3.755568137486628,25.379179378108176,25.0,0.7073202718905358,-1.678,3.7560000000000002,25.48,25.1,-6.302568
1084.0,-1.2130616801263758,3.754808634997007,25.38008190535237,25.0,0.7072448174742085,-1.204,3.757,25.63,25.240000000000002,-4.523428
1085.0,-0.722643169907176,3.7540201356735663,25.38097603879692,25.0,0.7071793657290625,-0.713,3.754,25.67,25.09,-2.676602
1086.0,-0.2322246596879763,3.7532055203735046,25.3818481985698,25.0,0.707123103272271,-0.217,3.754,25.6,25.25,-0.814618
1087.0,0.2581938505312234,3.752367553963457,25.38268229280061,25.0,0.7070752431051931,0.266,3.751,25.7,25.12,0.997766
1088.0,0.7486123607504231,3.751508885319499,25.38345971762084,25.0,0.7070350246133734,0.751,3.755,25.46,25.32,2.820005
1089.0,0.7486123607504231,3.7511847489881616,25.384165504811904,25.0,0.7070017135665427,0.752,3.749,25.63,25.19,2.819248
1090.0,0.7486123607504231,3.750844860203381,25.38480188895619,25.0,0.7069746021186174,0.753,3.749,25.47,25.2,2.822997
1091.0,0.7486123607504231,3.750491519869547,25.38537173600264,25.0,0.7069530088076994,0.753,3.753,25.47,25.36,2.826009
1092.0,0.7486123607504231,3.750126912900492,25.38587832897116,25.0,0.7069362785560769,0.761,3.746,25.52,25.13,2.850706
1093.0,0.7486123607504231,3.7497531082194833,25.386325452113454,25.0,0.7069237826702235,0.754,3.745,25.490000000000002,25.27,2.8237300000000003
1094.0,0.5988898886003385,3.749540795985342,25.386717390912903,25.0,0.7069149188407987,0.611,3.749,25.53,25.14,2.290639
1095.0,0.4491674164502539,3.7493230759141034,25.38705893208453,25.0,0.706909111142648,0.453,3.748,25.57,25.32,1.6978440000000001
1096.0,0.2994449443001694,3.7491016689573486,25.387355363574954,25.0,0.7069058100348022,0.305,3.748,25.67,25.38,1.14314
1097.0,0.1497224721500848,3.7488781800761046,25.38761247456273,25.0,0.7069044923604786,0.135,3.75,25.560000000000002,25.17,0.5062500000000001
1098.0,3.108624468950438e-16,3.748654098240833,25.38783678335966,25.0,0.7069046613470795,0.014,3.746,25.43,24.98,0.052444000000000005
1099.0,3.108624468950438e-16,3.7482620592053215,25.38803344001764,25.0,0.7069058466061936,0.008,3.747,25.7,25.13,0.029976
1100.0,3.108624468950438e-16,3.747872057185027,25.38820334433529,25.0,0.7069076041335951,0.015,3.746,25.5,25.44,0.05619
1101.0,3.108624468950438e-16,3.747485233178724,25.38834718678322,25.0,0.706909516309244,-0.024,3.745,25.580000000000002,25.14,-0.08988
1102.0,3.108624468950438e-16,3.747102612194632,25.38846576856957,25.0,0.7069111918972861,0.026000000000000002,3.746,25.63,25.38,0.09739600000000001
1103.0,3.108624468950438e-16,3.746725103250408,25.3885600016402,25.0,0.7069122660460533,0.004,3.747,25.61,25.14,0.014988
1104.0,3.108624468950438e-16,3.746355162695224,25.388630908678635,25.0,0.7069118667506701,0.016,3.75,25.7,25.14,0.06
1105.0,3.108624468950438e-16,3.7460105941602704,25.388679623105872,25.0,0.7069041925755375,-0.005,3.746,25.64,25.28,-0.01873
1106.0,3.108624468950438e-16,3.745694527634444,25.38870738908065,25.0,0.7068881530675811,0.011,3.74,25.5,25.27,0.04114
1107.0,3.108624468950438e-16,3.745405116048015,25.38871556149928,25.0,0.7068642577351815,-0.006,3.744,25.810000000000002,25.29,-0.022464
1108.0,-0.0446234034855801,3.745190876914904,25.38870560599571,25.0,0.7068329953871948,-0.046,3.744,25.61,25.2,-0.17222400000000002
1109.0,-0.1257813597118125,3.7450409950464247,25.38867909894151,25.0,0.7067948341329533,-0.10200000000000001,3.746,25.57,25.3,-0.38209200000000004
1110.0,-0.2368512778167661,3.744946381736703,25.38863785931176,25.0,0.7067502213822651,-0.234,3.744,25.69,25.3,-0.8760960000000001
1111.0,-0.3724110389967249,3.744899375219786,25.388586943634607,25.0,0.7066995838454141,-0.365,3.746,25.61,25.310000000000002,-1.36729
1112.0,-0.5280213878402444,3.744893495424685,25.388530869556803,25.0,0.7066433275331604,-0.514,3.745,25.63,25.14,-1.92493
1113.0,-0.6554243659356266,3.7448729526100464,25.388472909387477,25.0,0.7065818377567396,-0.645,3.747,25.84,25.3,-2.416815
1114.0,-0.7597331021360365,3.744842180257781,25.388416007298986,25.0,0.7065154791278634,-0.753,3.743,25.560000000000002,25.150000000000002,-2.818479
1115.0,-0.8451338722780106,3.744804641294368,25.388362779326656,25.0,0.7064445955587195,-0.836,3.744,25.560000000000002,25.18,-3.129984
1116.0,-0.9150541091297888,3.744763017438064,25.38831551336915,25.0,0.7063695102619713,-0.886,3.745,25.6,25.18,-3.31807
1117.0,-0.972299957302836,3.7447193642232937,25.388276169188146,25.0,0.7062905257507581,-0.968,3.743,25.7,25.1,-3.623224
1118.0,-1.0191688936881425,3.744675237923876,25.388246378408382,25.0,0.7062079238386952,-1.012,3.742,25.44,25.03,-3.786904
1119.0,-1.0575419332708489,3.744631799468979,25.388227444517952,25.0,0.706121965639874,-1.042,3.742,25.39,25.32,-3.8991640000000003
1120.0,-1.088959120866289,3.744589899522308,25.38822034286784,25.0,0.7060328915688612,-1.073,3.742,25.53,25.13,-4.015166
1121.0,-1.1146813385258958,3.74455014813905,25.38822572067244,25.0,0.7059409213406999,-1.098,3.745,25.42,25.17,-4.112010000000001
1122.0,-1.1357409091611816,3.744512971796159,25.388243897009037,25.0,0.7058462539709088,-1.124,3.74,25.55,25.13,-4.203760000000001
1123.0,-1.1529830272869082,3.744478660084804,25.388274862818093,25.0,0.705749067775483,-1.159,3.74,25.64,25.17,-4.33466
1124.0,-1.1670996796446438,3.744447403938909,25.388318280903377,25.0,0.7056495203708928,-1.1460000000000001,3.747,25.5,25.150000000000002,-4.294062
1125.0,-1.178657417060433,3.74441932693404,25.38837353361731,25.0,0.7055477486740848,-1.185,3.742,25.45,25.330000000000002,-4.434270000000001
1126.0,-1.1881200921187394,3.744394510912762,25.38844035677704,25.0,0.7054438689024815,-1.18,3.744,25.6,25.14,-4.41792
1127.0,-1.1958674751953589,3.744373016964908,25.38851884823833,25.0,0.705337976573981,-1.198,3.74,25.67,25.37,-4.48052
1128.0,-1.202210495976063,3.744354902604772,25.388609115962534,25.0,0.7052301465069578,-1.198,3.744,25.42,25.310000000000002,-4.485312
1129.0,-1.2074037221566385,3.7443402358346,25.38871127106148,25.0,0.7051204328202619,-1.199,3.742,25.67,25.150000000000002,-4.486658
1130.0,-1.2116555761383652,3.74432910665881,25.388825427797315,25.0,0.7050088689332192,-1.203,3.74,25.67,25.23,-4.49922
1131.0,-1.215136699750802,3.744321636511034,25.38895170358245,25.0,0.7048954675656318,-1.206,3.746,25.68,25.25,-4.517676
1132.0,-1.2179868027075698,3.744317985972325,25.389090218979614,25.0,0.7047802207377774,-1.197,3.746,25.71,25.28,-4.483962
1133.0,-1.2498290833108086,3.744351617523293,25.389241097701927,25.0,0.7046630997704095,-1.24,3.743,25.810000000000002,25.29,-4.6413199999999994
1134.0,-1.2810022102390883,3.74438925398758,25.3894044666128,25.0,0.7045440552847578,-1.278,3.745,25.55,25.22,-4.78611
1135.0,-1.3116274804751438,3.744431257218846,25.38958045572593,25.0,0.704423017202528,-1.297,3.747,25.6,25.1,-4.859858999999999
1136.0,-1.3418042035889957,3.744478038298851,25.38976919820533,25.0,0.7042998947459012,-1.282,3.745,25.55,25.26,-4.80109
1137.0,-1.371613687379695,3.744530062029278,25.38997083036537,25.0,0.7041745764375347,-1.379,3.744,25.59,25.18,-5.1629760000000005
1138.0,-1.371613687379695,3.744552297977264,25.390185491670763,25.0,0.704047638171937,-1.361,3.744,25.740000000000002,24.92,-5.095584000000001
1139.0,-1.371613687379695,3.7445733104053134,25.39041332473647,25.0,0.7039206369045871,-1.36,3.745,25.46,25.240000000000002,-5.0932
1140.0,-1.371613687379695,3.744592908756733,25.39065447532789,25.0,0.7037936356372371,-1.37,3.743,25.5,25.13,-5.12791
1141.0,-1.371613687379695,3.744611106579132,25.390909092360573,25.0,0.7036666343698872,-1.353,3.743,25.73,25.150000000000002,-5.064279
1142.0,-1.371613687379695,3.744627917312424,25.391177291929807,25.0,0.7035396331025372,-1.368,3.745,25.69,25.2,-5.12316
1143.0,-1.371613687379695,3.744643354288815,25.39145795834821,25.0,0.7034126318351872,-1.365,3.743,25.560000000000002,25.04,-5.109195
1144.0,-1.371613687379695,3.7446574307328073,25.39175029398075,25.0,0.7032856305678372,-1.368,3.743,25.68,25.21,-5.120424
1145.0,-1.371613687379695,3.744670159761199,25.39205401900796,25.0,0.7031586293004872,-1.366,3.744,25.63,25.17,-5.114304000000001
1146.0,-1.371613687379695,3.744681554383081,25.392368858254144,25.0,0.7030316280331372,-1.3780000000000001,3.746,25.740000000000002,25.11,-5.161988
1147.0,-1.371613687379695,3.744691627499844,25.39269454118738,25.0,0.7029046267657874,-1.381,3.741,25.6,25.2,-5.166321
1148.0,-1.371613687379695,3.744700391905172,25.393030801919625,25.0,0.7027776254984374,-1.351,3.745,25.7,25.03,-5.059495
1149.0,-1.371613687379695,3.744707860285045,25.393377379206413,25.0,0.7026506242310874,-1.375,3.745,25.86,25.21,-5.149375
1150.0,-1.371613687379695,3.744714045217736,25.393734016447297,25.0,0.7025236229637374,-1.377,3.745,25.650000000000002,25.25,-5.156865
1151.0,-1.371613687379695,3.7447189591738175,25.39410046168547,25.0,0.7023966216963874,-1.3880000000000001,3.742,25.6,25.23,-5.1938960000000005
1152.0,-1.371613687379695,3.744722614516157,25.394476467607888,25.0,0.7022696204290374,-1.373,3.74,25.67,25.28,-5.13502
1153.0,-1.371613687379695,3.744725023499916,25.39486179154534,25.0,0.7021426191616875,-1.3800000000000001,3.745,25.560000000000002,25.32,-5.168100000000001
1154.0,-1.371613687379695,3.7447261982725504,25.395256195472427,25.0,0.7020156178943375,-1.35,3.744,25.830000000000002,25.19,-5.0544
1155.0,-1.371613687379695,3.744726150873816,25.395659446007528,25.0,0.7018886166269875,-1.357,3.746,25.61,25.310000000000002,-5.083322
1156.0,-1.371613687379695,3.7447248932357593,25.396071314412666,25.0,0.7017616153596375,-1.373,3.742,25.57,25.19,-5.137766
1157.0,-1.371613687379695,3.744722437182726,25.39649157659386,25.0,0.7016346140922876,-1.344,3.745,25.51,25.13,-5.03328
1158.0,-1.371613687379695,3.744718794431355,25.39692001310067,25.0,0.7015076128249376,-1.357,3.746,25.71,25.16,-5.083322
1159.0,-1.371613687379695,3.744713976590583,25.3973564091267,25.0,0.7013806115575877,-1.37,3.744,25.68,25.23,-5.1292800000000005
1160.0,-1.371613687379695,3.744707995161639,25.39780055450916,25.0,0.7012536102902377,-1.3920000000000001,3.745,25.55,25.310000000000002,-5.21304
1161.0,-1.371613687379695,3.744700861538052,25.398252243729075,25.0,0.7011266090228877,-1.344,3.744,25.66,25.2,-5.031936000000001
1162.0,-1.371613687379695,3.7446925870056416,25.39871127591124,25.0,0.7009996077555377,-1.381,3.742,25.45,25.13,-5.167702
1163.0,-1.371613687379695,3.744683182742527,25.399177472479096,25.0,0.7008726064881877,-1.383,3.745,25.62,25.34,-5.179335
1164.0,-1.371613687379695,3.744672659819121,25.39965071203505,25.0,0.7007456052208377,-1.356,3.747,25.64,25.060000000000002,-5.080932
1165.0,-1.371613687379695,3.744661029198133,25.400130835858704,25.0,0.7006186039534879,-1.342,3.744,25.77,25.13,-5.0244480000000005
1166.0,-1.371613687379695,3.7446483017345664,25.40061768411101,25.0,0.7004916026861379,-1.353,3.741,25.52,25.29,-5.061573
1167.0,-1.371613687379695,3.7446344881757216,25.40111110002709,25.0,0.7003646014187879,-1.361,3.742,25.47,25.38,-5.092862
1168.0,-1.371613687379695,3.7446195991611946,25.401610929916387,25.0,0.7002376001514379,-1.361,3.74,25.51,25.25,-5.09014
1169.0,-1.371613687379695,3.744603645222875,25.402117023162702,25.0,0.7001105988840879,-1.358,3.746,25.47,25.22,-5.087068
1170.0,-1.371613687379695,3.744586636784952,25.402629232223944,25.0,0.699983597616738,-1.359,3.745,25.740000000000002,25.17,-5.089455
1171.0,-1.371613687379695,3.744568584163905,25.403147412632336,25.0,0.699856596349388,-1.364,3.743,25.76,25.25,-5.1054520000000005
1172.0,-1.371613687379695,3.744549497568512,25.40367142299442,25.0,0.699729595082038,-1.366,3.741,25.64,25.21,-5.110206000000001
1173.0,-1.371613687379695,3.7445293870998486,25.404201124990948,25.0,0.699602593814688,-1.367,3.742,25.73,25.12,-5.115314
1174.0,-1.371613687379695,3.744498094327761,25.40473658619396,25.0,0.6994789183402974,-1.374,3.742,25.62,25.17,-5.141508
1175.0,-1.371613687379695,3.744415533818808,25.405281471163107,25.0,0.6993718064341784,-1.369,3.744,25.6,25.11,-5.125536
1176.0,-1.371613687379695,3.744279392923476,25.405834386344623,25.0,0.6992822862444226,-1.3840000000000001,3.743,25.57,25.2,-5.180312000000001
1177.0,-1.371613687379695,3.744091974291947,25.40639058803424,25.0,0.699209863048052,-1.368,3.746,25.580000000000002,25.22,-5.124528000000001
1178.0,-0.9925969344949463,3.7434287045717194,25.40694406796649,25.0,0.6991539308319118,-0.997,3.741,25.45,25.36,-3.729777
1179.0,-0.613580181610198,3.742719590049102,25.407487553314468,25.0,0.6991137722926714,-0.62,3.739,25.63,25.14,-2.31818
1180.0,-0.2345634287254494,3.7419677610077273,25.408012506690056,25.0,0.6990885588368231,-0.228,3.739,25.6,25.18,-0.852492
1181.0,0.144453324159299,3.74117662360904,25.408509126143656,25.0,0.6990773505806832,0.163,3.74,25.68,25.330000000000002,0.60962
1182.0,0.5234700770440476,3.740349859892297,25.40896634516457,25.0,0.6990790963503916,0.538,3.738,25.62,25.38,2.011044
1183.0,0.5234700770440476,3.7399185796550793,25.40937315059313,25.0,0.6990926336819115,0.513,3.738,25.59,25.25,1.917594
1184.0,0.5234700770440476,3.739459864811777,25.40972912932773,25.0,0.6991166888210302,0.519,3.738,25.52,25.17,1.9400220000000001
1185.0,0.5234700770440476,3.738978225035098,25.41003670840996,25.0,0.6991498767233578,0.538,3.74,25.62,25.150000000000002,2.0121200000000004
1186.0,0.5234700770440476,3.7384784458755673,25.410297855310887,25.0,0.6991907010543289,0.519,3.736,25.68,25.02,1.9389840000000003
1187.0,0.5234700770440476,3.737965588761524,25.410514479591768,25.0,0.6992375541892009,0.526,3.736,25.5,25.11,1.9651360000000002
1188.0,0.5234700770440476,3.737444990999124,25.41068843290458,25.0,0.6992887172130553,0.534,3.738,25.62,25.21,1.9960920000000002
1189.0,0.5234700770440476,3.73692226577234,25.41082150899172,25.0,0.6993423599207969,0.519,3.735,25.63,25.18,1.938465
1190.0,0.5234700770440476,3.7364033021429592,25.410915443686008,25.0,0.6993965408171542,0.53,3.736,25.54,25.26,1.9800800000000003
1191.0,0.5234700770440476,3.7358942650505855,25.410971982919648,25.0,0.6994492071166794,0.515,3.736,25.55,25.18,1.9240400000000002
1192.0,0.4187760616352382,3.7355195854680048,25.410994062892318,25.0,0.699498194743748,0.418,3.735,25.63,25.13,1.56123
1193.0,0.3140820462264287,3.735167989935085,25.410985314808784,25.0,0.6995412283325593,0.322,3.732,25.5,25.23,1.201704
1194.0,0.2093880308176192,3.73484647102488,25.41094926575852,25.0,0.6995759212271361,0.198,3.736,25.650000000000002,25.45,0.739728
1195.0,0.1046940154088097,3.734562297188256,25.41088938028861,25.0,0.6995997754813249,0.114,3.738,25.52,25.17,0.426132
1196.0,3.108624468950438e-16,3.734323012753896,25.410809060403608,25.0,0.6996101818587956,0.005,3.733,25.72,25.21,0.018665
1197.0,3.108624468950438e-16,3.73400962158382,25.410711645565584,25.0,0.6996073537437072,0.011,3.731,25.84,25.28,0.041040999999999994
1198.0,3.108624468950438e-16,3.7337279761750857,25.410600412694293,25.0,0.6995951508909272,0.007,3.733,25.52,25.14,0.026131
1199.0,-0.0631102963791541,3.7335499743907112,25.41047857616689,25.0,0.6995731153350542,-0.044,3.735,25.66,25.330000000000002,-0.16433999999999999
1200.0,-0.1778909332397881,3.7334634658413735,25.410349287818065,25.0,0.699540809446908,-0.17200000000000001,3.731,25.54,25.04,-0.6417320000000001
1201.0,-0.3349756668746199,3.733458268886061,25.410215636940222,25.0,0.6994979287253358,-0.334,3.732,25.71,25.16,-1.246488
1202.0,-0.5266960655196742,3.7335257469924974,25.41008065028313,25.0,0.6994443017972118,-0.52,3.733,25.48,25.17,-1.9411600000000002
1203.0,-0.7467737482619048,3.733658461890389,25.40994729205414,25.0,0.6993798904174382,-0.736,3.735,25.66,25.22,-2.74896
1204.0,-0.9269581151891084,3.7337787642933,25.40981846391827,25.0,0.6993047894689438,-0.921,3.734,25.52,25.0,-3.4390140000000002
1205.0,-1.0744805976162974,3.733893704838663,25.40969700499789,25.0,0.6992192269626852,-1.069,3.735,25.59,25.34,-3.9927149999999996
1206.0,-1.195261790749843,3.734008488526287,25.40958569187302,25.0,0.6991235640376463,-1.197,3.732,25.51,25.240000000000002,-4.467204000000001
1207.0,-1.294149067961728,3.734126742509651,25.40948723858128,25.0,0.6990182949608381,-1.296,3.734,25.69,25.310000000000002,-4.839264
1208.0,-1.3751111229032458,3.734250735344858,25.40940426411106,25.0,0.6989040471272991,-1.3840000000000001,3.732,25.53,25.36,-5.165088000000001
1209.0,-1.4413972471162555,3.7343815564965097,25.409339046693333,25.0,0.6987815810600954,-1.419,3.735,25.66,25.13,-5.299965
1210.0,-1.4956677355117938,3.734519263304674,25.40929343282937,25.0,0.6986517904103199,-1.5030000000000001,3.736,25.57,24.95,-5.615208000000001
1211.0,-1.5401006533457826,3.7346630013112767,25.40926885809762,25.0,0.6985157019570933,-1.542,3.735,25.6,25.310000000000002,-5.75937
1212.0,-1.5764792496254565,3.7348111027749975,25.409266347101607,25.0,0.6983744756075635,-1.579,3.733,25.62,25.17,-5.894407
1213.0,-1.6062635251534334,3.734961167328467,25.409286513469738,25.0,0.6982294043969055,-1.592,3.734,25.53,25.09,-5.944528
1214.0,-1.6306488274863362,3.73511012801478,25.40932955985562,25.0,0.698081914488322,-1.629,3.738,25.63,25.26,-6.089202
1215.0,-1.650613824429388,3.735254305353625,25.40939527793768,25.0,0.6979335651730431,-1.633,3.734,25.76,25.45,-6.097622
1216.0,-1.6669597814117725,3.735389451606882,25.409483048419474,25.0,0.6977860488703256,-1.669,3.736,25.53,25.19,-6.235384000000001
1217.0,-1.5809686587939176,3.735398792454298,25.40959184102951,25.0,0.6976411911274544,-1.573,3.735,26.09,25.3,-5.8751549999999995
1218.0,-1.4911397951009504,3.7353874492354806,25.409720214521315,25.0,0.6975009506197414,-1.494,3.734,25.76,25.1,-5.578596
1219.0,-1.3981688547674382,3.7353499710525697,25.409866316673344,25.0,0.6973674125225591,-1.372,3.732,25.53,25.03,-5.120304000000001
1220.0,-1.302625399659784,3.7352898117392894,25.410027052192675,25.0,0.6972397777046,-1.31,3.735,25.46,25.29,-4.89285
1221.0,-1.2049757475937917,3.735214361576564,25.410197931825508,25.0,0.6971158905519172,-1.197,3.734,25.64,25.25,-4.469598
1222.0,-1.2049757475937917,3.735237732897815,25.41037774306,25.0,0.6969952261342475,-1.194,3.738,25.560000000000002,25.150000000000002,-4.463172
1223.0,-1.2049757475937917,3.7352514487533823,25.41056562259564,25.0,0.696877294736056,-1.196,3.733,25.8,25.37,-4.464668
1224.0,-1.2049757475937917,3.7352569700681286,25.41076083287913,25.0,0.6967616418565362,-1.202,3.739,25.61,25.02,-4.4942779999999996
1225.0,-1.2049757475937917,3.735255644483563,25.41096276210402,25.0,0.6966478482096103,-1.201,3.735,25.53,25.080000000000002,-4.485735
1226.0,-1.2049757475937917,3.735248706357841,25.41117092421109,25.0,0.6965355297239285,-1.2,3.735,25.5,25.150000000000002,-4.481999999999999
1227.0,-1.2049757475937917,3.735237276765763,25.41138495888805,25.0,0.6964243375428696,-1.201,3.733,25.72,25.16,-4.483333
1228.0,-1.2049757475937917,3.7352223634987767,25.411604631569787,25.0,0.6963139580245408,-1.19,3.735,25.55,25.35,-4.444649999999999
1229.0,-1.2049757475937917,3.735204861064975,25.41182983343805,25.0,0.6962041127417774,-1.178,3.735,25.62,25.2,-4.39983
1230.0,-1.2049757475937917,3.735185550689095,25.41206058142177,25.0,0.6960945584821434,-1.206,3.736,25.71,25.18,-4.505616
1231.0,-1.2049757475937917,3.735165100312524,25.412297018196966,25.0,0.6959850872479311,-1.214,3.732,25.560000000000002,25.07,-4.530648
1232.0,-1.2049757475937917,3.735144064593292,25.412539311679662,25.0,0.6958755262561612,-1.201,3.737,25.61,25.310000000000002,-4.488137
1233.0,-1.2049757475937917,3.735122884906074,25.412787071946468,25.0,0.6957657379385827,-1.174,3.735,25.61,25.09,-4.3848899999999995
1234.0,-1.2049757475937917,3.735101889342195,25.413040107778613,25.0,0.695655619941673,-1.208,3.735,25.68,25.07,-4.51188
1235.0,-1.2049757475937917,3.735081292709621,25.41329829727505,25.0,0.695545105126638,-1.184,3.734,25.67,25.16,-4.421056
1236.0,-1.2049757475937917,3.735061196532968,25.41356152131817,25.0,0.6954341615694121,-1.183,3.732,25.59,25.22,-4.414956
1237.0,-1.2049757475937917,3.735041589053497,25.41382966357338,25.0,0.6953227925606574,-1.206,3.734,25.62,25.13,-4.503204
1238.0,-1.2049757475937917,3.7350223452291127,25.41410261048958,25.0,0.6952110366057653,-1.194,3.734,25.580000000000002,25.27,-4.458396
1239.0,-1.2049757475937917,3.735003226734369,25.414380251298724,25.0,0.6950989674248551,-1.184,3.731,25.47,25.17,-4.417503999999999
1240.0,-1.2049757475937917,3.734983881960461,25.41466247801617,25.0,0.6949866939527745,-1.204,3.736,25.64,25.310000000000002,-4.498144
1241.0,-1.2049757475937917,3.734963846015236,25.414949185440435,25.0,0.6948743603390996,-1.202,3.736,25.8,25.25,-4.490672
1242.0,-1.2049757475937917,3.734942540723183,25.41524027115338,25.0,0.6947621459481349,-1.206,3.732,25.53,25.38,-4.500792
1243.0,-1.2049757475937917,3.734919274625437,25.415535635520087,25.0,0.6946502653589135,-1.21,3.732,25.54,25.16,-4.51572
1244.0,-1.2049757475937917,3.734894160633075,25.415835181688863,25.0,0.694538690321767,-1.206,3.733,25.53,25.28,-4.501998
1245.0,-1.2049757475937917,3.734868209960315,25.416138815591356,25.0,0.694427118493286,-1.212,3.734,25.69,25.02,-4.525608
1246.0,-1.2049757475937917,3.7348414412377458,25.416446445942317,25.0,0.6943155466648051,-1.2,3.733,25.66,25.490000000000002,-4.4796
1247.0,-1.2049757475937917,3.73481386241062,25.41675798424376,25.0,0.6942039748363242,-1.208,3.734,25.6,25.28,-4.510672
1248.0,-1.2049757475937917,3.7347854813535815,25.417073350334817,25.0,0.6940924030078433,-1.198,3.734,25.53,25.17,-4.473332
1249.0,-1.2049757475937917,3.73475630587067,25.417392462166333,25.0,0.6939808311793624,-1.216,3.731,25.63,25.17,-4.536896
1250.0,-1.2049757475937917,3.734726343695317,25.417715233516333,25.0,0.6938692593508815,-1.197,3.731,25.46,25.18,-4.466007
1251.0,-1.2049757475937917,3.7346956024903455,25.418041580977103,25.0,0.6937576875224006,-1.192,3.728,25.63,25.38,-4.443776
1252.0,-1.2049757475937917,3.734664089847979,25.41837142395542,25.0,0.6936461156939197,-1.22,3.736,25.71,25.29,-4.55792
1253.0,-1.2049757475937917,3.734631813289828,25.41870468467249,25.0,0.6935345438654388,-1.196,3.734,25.490000000000002,25.16,-4.465864
1254.0,-1.2049757475937917,3.7345987802668974,25.419041288163957,25.0,0.6934229720369579,-1.188,3.736,25.47,25.080000000000002,-4.438368
1255.0,-1.2049757475937917,3.734564998159592,25.41938116227988,25.0,0.6933114002084769,-1.212,3.731,25.78,25.32,-4.521972
1256.0,-1.2049757475937917,3.7345304742777015,25.41972423768476,25.0,0.693199828379996,-1.183,3.734,25.560000000000002,25.28,-4.417322
1257.0,-1.2049757475937917,3.7344952158604143,25.4200704478576,25.0,0.6930882565515152,-1.196,3.734,25.73,25.27,-4.465864
1258.0,-1.2049757475937917,3.734459230076312,25.42041972909169,25.0,0.6929766847230342,-1.207,3.732,25.61,25.19,-4.504524000000001
1259.0,-1.2049757475937917,3.7344225240233686,25.42077202049489,25.0,0.6928651128945533,-1.201,3.73,25.6,25.17,-4.47973
1260.0,-1.2049757475937917,3.7343851047289536,25.42112726398949,25.0,0.6927535410660725,-1.194,3.737,25.66,25.37,-4.461978
1261.0,-1.2049757475937917,3.7343469791498274,25.42148540431208,25.0,0.6926419692375915,-1.199,3.736,25.53,25.38,-4.479464
1262.0,-1.2049757475937917,3.7343081541721466,25.421846389013808,25.0,0.6925303974091106,-1.195,3.733,25.64,25.26,-4.460935
1263.0,-1.2049757475937917,3.73426863661146,25.4222101684602,25.0,0.6924188255806297,-1.209,3.734,25.580000000000002,25.3,-4.514406
1264.0,-1.2049757475937917,3.7342284332127114,25.422576695831253,25.0,0.6923072537521487,-1.198,3.732,25.490000000000002,25.22,-4.470936
1265.0,-1.2049757475937917,3.734205255406815,25.42294592712136,25.0,0.6921896468685469,-1.214,3.731,25.66,25.060000000000002,-4.529433999999999
1266.0,-1.2049757475937917,3.734212655465075,25.423317821139392,25.0,0.692061318591022,-1.201,3.737,25.6,25.1,-4.488137
1267.0,-1.2049757475937917,3.734223771018631,25.423697737637667,25.0,0.69193133489307,-1.209,3.73,25.61,25.310000000000002,-4.50957
1268.0,-1.2049757475937917,3.7342150867599697,25.424087668777474,25.0,0.6918076611810453,-1.207,3.733,25.5,25.330000000000002,-4.505731000000001
1269.0,-1.2049757475937917,3.7341671112063466,25.424480537623765,25.0,0.691696932138037,-1.188,3.733,25.78,25.310000000000002,-4.434804
1270.0,-0.7950653821733398,3.7336024077179513,25.42486869866093,25.0,0.6916044517238694,-0.779,3.736,25.71,25.23,-2.9103440000000003
1271.0,-0.3851550167528879,3.732971501443399,25.42524394836431,25.0,0.691534193175102,-0.374,3.734,25.72,25.310000000000002,-1.396516
1272.0,0.0247553486675639,3.732266972374244,25.425597525200203,25.0,0.691488799005029,0.019,3.728,25.6,25.19,0.070832
1273.0,0.4346657140880158,3.731485424326805,25.42592010962568,25.0,0.6914695810036798,0.437,3.73,25.45,25.26,1.63001
1274.0,0.8445760795084677,3.730627484942169,25.426201824088764,25.0,0.6914765202378188,0.862,3.73,25.82,25.18,3.21526
1275.0,0.8445760795084677,3.730159774668016,25.426432233028493,25.0,0.6915082670509454,0.851,3.729,25.62,25.09,3.173379
1276.0,0.8445760795084677,3.7296289998131353,25.42660134260734,25.0,0.691562141063294,0.873,3.73,25.55,25.29,3.25629
1277.0,0.8445760795084677,3.7290478594929146,25.42671516414481,25.0,0.6916341311718339,0.854,3.725,25.67,25.330000000000002,3.18115
1278.0,0.8445760795084677,3.7284330766475047,25.426780158119072,25.0,0.6917188955502699,0.851,3.727,25.740000000000002,25.45,3.171677
1279.0,0.8445760795084677,3.727805398041823,25.426800135004044,25.0,0.6918097616490412,0.846,3.728,25.62,25.23,3.1538880000000002
1280.0,0.6756608636067742,3.727379961713877,25.42677916240893,25.0,0.6918987261953222,0.682,3.728,25.75,25.1,2.5424960000000003
1281.0,0.5067456477050808,3.726995194629796,25.42672156507814,25.0,0.6919764551930228,0.51,3.726,25.740000000000002,25.17,1.90026
1282.0,0.3378304318033873,3.7266839150287994,25.426631924891524,25.0,0.692032283922787,0.35000000000000003,3.725,25.52,25.19,1.3037500000000002
1283.0,0.1689152159016939,3.7264641766908086,25.426515080864363,25.0,0.6920602419675256,0.183,3.725,25.560000000000002,25.21,0.681675
1284.0,4.884981308350689e-16,3.726265439687213,25.42637612914712,25.0,0.6920827753877667,-0.003,3.727,25.72,25.25,-0.011181
1285.0,4.884981308350689e-16,3.725889741413136,25.42622034766839,25.0,0.6921021927596359,-0.008,3.725,25.35,25.240000000000002,-0.0298
1286.0,4.884981308350689e-16,3.7255317797045855,25.426050494234005,25.0,0.6921169802326903,-0.013000000000000001,3.722,25.61,25.28,-0.048386000000000005
1287.0,4.884981308350689e-16,3.725195416785213,25.425866292865862,25.0,0.6921257724647808,0.01,3.722,25.48,25.22,0.03722
1288.0,4.884981308350689e-16,3.7248840467146382,25.42566777066196,25.0,0.6921273526220524,-0.006,3.721,25.580000000000002,24.98,-0.022326000000000002
1289.0,4.884981308350689e-16,3.724600595388449,25.425455462830485,25.0,0.6921206523789436,-0.017,3.727,25.6,25.22,-0.063359
1290.0,4.884981308350689e-16,3.724347520538199,25.42523041268987,25.0,0.6921047519181872,0.009000000000000001,3.725,25.59,25.21,0.033525000000000006
1291.0,-0.064943955217259,3.724200003568939,25.42499417166897,25.0,0.6920788799308096,-0.035,3.723,25.57,25.26,-0.130305
1292.0,-0.1830595237974082,3.724146298454889,25.424748799307,25.0,0.6920424136161314,-0.178,3.722,25.52,25.16,-0.662516
1293.0,-0.3447083274285275,3.724176595983144,25.42449686325341,25.0,0.6919948786817666,-0.331,3.722,25.85,25.22,-1.2319820000000001
1294.0,-0.541999129376848,3.72428258780533,25.42424143926792,25.0,0.6919359493436233,-0.536,3.725,25.810000000000002,25.26,-1.9966000000000002
1295.0,-0.768471131448615,3.724457109513272,25.423987719743707,25.0,0.6918654483259038,-0.764,3.727,25.51,25.18,-2.847428
1296.0,-0.953890724255911,3.7246206565765454,25.423741506110844,25.0,0.6917833468611038,-0.9400000000000001,3.722,25.78,25.27,-3.4986800000000002
1297.0,-1.105699447110441,3.7247807961932815,25.42350625169928,25.0,0.6916897646900131,-1.104,3.726,25.580000000000002,25.21,-4.113504000000001
1298.0,-1.2299899170969375,3.724943107162225,25.42328503132927,25.0,0.6915849700617155,-1.222,3.724,25.64,25.22,-4.550728
1299.0,-1.331750347189398,3.7251114554546536,25.42308054822752,25.0,0.6914693797335885,-1.324,3.724,25.62,24.91,-4.930576
1300.0,-1.4150647407525372,3.725288219833588,25.4228951340271,25.0,0.6913435589713034,-1.417,3.727,25.560000000000002,25.09,-5.281159
1301.0,-1.4832767969367218,3.725474366772136,25.42273074876749,25.0,0.6912082438556745,-1.468,3.724,25.72,25.09,-5.466832
1302.0,-1.5391241050653968,3.725667989963884,25.4225889808946,25.0,0.69106497704736,-1.536,3.725,25.64,25.22,-5.7216000000000005
1303.0,-1.584848013706965,3.725865888949457,25.42247104726067,25.0,0.6909156286093103,-1.587,3.725,25.57,25.330000000000002,-5.911575
1304.0,-1.6222835838627447,3.726064895086461,25.42237779312444,25.0,0.690761912186193,-1.612,3.722,25.490000000000002,25.19,-5.9998640000000005
1305.0,-1.65293323640829,3.726261958541228,25.42230969215092,25.0,0.6906053832672857,-1.657,3.726,25.53,25.28,-6.173982
1306.0,-1.678027049518483,3.726454216244013,25.422266846411617,25.0,0.6904474391864757,-1.673,3.724,25.46,25.26,-6.230252
1307.0,-1.6985721260237892,3.726639047526005,25.42224898638449,25.0,0.6902893191222604,-1.694,3.723,25.62,25.21,-6.306762
1308.0,-1.7153930119830232,3.726814119671064,25.42225640511799,25.0,0.6901321040977468,-1.7,3.725,25.5,25.26,-6.3325
1309.0,-1.7291647886118655,3.726977425210315,25.422291240461107,25.0,0.6899767169806522,-1.719,3.725,25.6,25.22,-6.403275000000001
1310.0,-1.7404401656624198,3.727127312456396,25.422352401413605,25.0,0.6898239224833033,-1.736,3.728,25.76,25.19,-6.471808
1311.0,-1.7496716636062584,3.727262510502768,25.422438485385044,25.0,0.689674327162637,-1.736,3.724,25.740000000000002,25.240000000000002,-6.464864
1312.0,-1.7572297748698549,3.7273821496914383,25.422548060033705,25.0,0.6895283794201998,-1.738,3.725,25.62,25.34,-6.47405
1313.0,-1.6756065027105744,3.727386815001268,25.42267966326682,25.0,0.6893863695021485,-1.665,3.727,25.61,25.25,-6.205455
1314.0,-1.5922087199443085,3.7273747141632567,25.422831803240285,25.0,0.6892484294992494,-1.587,3.724,25.810000000000002,25.22,-5.909988
1315.0,-1.5073580907724398,3.727346403572446,25.423002958359064,25.0,0.6891145333468789,-1.5150000000000001,3.725,25.68,25.11,-5.643375000000001
1316.0,-1.4213179715688058,3.727302867605101,25.423191577276786,25.0,0.6889844968250229,-1.427,3.723,25.59,25.34,-5.312721
1317.0,-1.3343039802956858,3.727245530530448,25.42339607889608,25.0,0.6888579775582779,-1.332,3.728,25.48,25.060000000000002,-4.965696
1318.0,-1.3343039802956858,3.727275229632403,25.423614852368303,25.0,0.6887344750158495,-1.335,3.726,25.66,25.03,-4.97421
1319.0,-1.3343039802956858,3.727296068798879,25.423846257093658,25.0,0.6886133305115537,-1.331,3.726,25.71,25.240000000000002,-4.959306
1320.0,-1.3343039802956858,3.727310710380102,25.424088622721342,25.0,0.6884937272038162,-1.329,3.728,25.560000000000002,25.11,-4.954512
1321.0,-1.3343039802956858,3.727322310420445,25.424340249149225,25.0,0.6883746900956724,-1.324,3.725,25.650000000000002,25.310000000000002,-4.931900000000001
1322.0,-1.3343039802956858,3.727334518658431,25.424599406524067,25.0,0.6882550860347679,-1.33,3.726,25.59,25.03,-4.95558
1323.0,-1.3343039802956858,3.7273514785267294,25.42486433524158,25.0,0.6881336237133581,-1.324,3.724,25.61,25.3,-4.930576
1324.0,-1.3343039802956858,3.727373625947826,25.425133755522157,25.0,0.6880101461594714,-1.329,3.724,25.38,25.28,-4.949196
1325.0,-1.3343039802956858,3.727394602788791,25.42541012536998,25.0,0.6878865994946293,-1.349,3.725,25.6,25.21,-5.025025
1326.0,-1.3343039802956858,3.727414197170869,25.425693945303976,25.0,0.687763052829787,-1.339,3.725,25.72,24.990000000000002,-4.987775
1327.0,-1.3343039802956858,3.7274324224399176,25.42598506978112,25.0,0.6876395061649448,-1.331,3.726,25.560000000000002,25.03,-4.959306
1328.0,-1.3343039802956858,3.727449291830525,25.42628335576705,25.0,0.6875159595001026,-1.341,3.727,25.63,25.22,-4.997907
1329.0,-1.3343039802956858,3.727464818466016,25.426588662735757,25.0,0.6873924128352604,-1.323,3.725,25.55,25.18,-4.9281749999999995
1330.0,-1.3343039802956858,3.7274790153584463,25.426900852669636,25.0,0.6872688661704183,-1.314,3.727,25.66,25.27,-4.897278
1331.0,-1.3343039802956858,3.7274918954086056,25.427219790059723,25.0,0.687145319505576,-1.317,3.727,25.61,25.19,-4.908459
1332.0,-1.3343039802956858,3.727503471406017,25.427545341905443,25.0,0.6870217728407338,-1.331,3.726,25.53,25.18,-4.959306
1333.0,-1.3343039802956858,3.727513756028937,25.427877377714594,25.0,0.6868982261758917,-1.314,3.725,25.76,24.96,-4.89465
1334.0,-1.3343039802956858,3.7275227618443543,25.42821576950371,25.0,0.6867746795110494,-1.328,3.727,25.72,25.28,-4.9494560000000005
1335.0,-1.3343039802956858,3.7275305013079936,25.428560391797475,25.0,0.6866511328462073,-1.333,3.726,25.57,25.14,-4.966758
1336.0,-1.3343039802956858,3.7275369867643087,25.428911121629252,25.0,0.6865275861813651,-1.335,3.727,25.68,25.16,-4.975544999999999
1337.0,-1.3343039802956858,3.727542230446491,25.42926783854085,25.0,0.6864040395165228,-1.332,3.73,25.68,25.09,-4.9683600000000006
1338.0,-1.3343039802956858,3.727546244476461,25.429630424582456,25.0,0.6862804928516807,-1.333,3.727,25.69,25.05,-4.968090999999999
1339.0,-1.3343039802956858,3.727549040864876,25.429998764312813,25.0,0.6861569461868385,-1.328,3.725,25.46,25.35,-4.9468000000000005
1340.0,-1.3343039802956858,3.727550631511124,25.430372725324677,25.0,0.6860333995219963,-1.328,3.725,25.73,25.28,-4.9468000000000005
1341.0,-1.3343039802956858,3.7275510282033286,25.43075215105131,25.0,0.6859098528571541,-1.329,3.725,25.57,25.28,-4.950525
1342.0,-1.3343039802956858,3.727550242618345,25.431136956118,25.0,0.685786306192312,-1.325,3.724,25.6,25.18,-4.9343
1343.0,-1.3343039802956858,3.72754828632176,25.431527059941686,25.0,0.6856627595274697,-1.317,3.728,25.900000000000002,25.03,-4.909776
1344.0,-1.3343039802956858,3.727545170767899,25.431922382069672,25.0,0.6855392128626275,-1.32,3.722,25.66,25.41,-4.9130400000000005
1345.0,-1.3343039802956858,3.727540907299815,25.43232284217987,25.0,0.6854156661977854,-1.344,3.728,25.59,25.240000000000002,-5.010432000000001
1346.0,-1.3343039802956858,3.727535507149297,25.432728360080542,25.0,0.6852921195329431,-1.355,3.725,25.41,25.21,-5.047375
1347.0,-1.3343039802956858,3.727528981436868,25.43313885571058,25.0,0.685168572868101,-1.32,3.726,25.77,25.16,-4.9183200000000005
1348.0,-1.3343039802956858,3.7275213411717822,25.433554249139263,25.0,0.6850450262032588,-1.343,3.725,25.5,25.0,-5.002675
1349.0,-1.3343039802956858,3.727512597252028,25.433974460566503,25.0,0.6849214795384165,-1.332,3.729,25.53,25.310000000000002,-4.967028
1350.0,-1.3343039802956858,3.727502760464328,25.43439941032261,25.0,0.6847979328735744,-1.341,3.727,25.6,25.09,-4.997907
1351.0,-1.3343039802956858,3.7274918414841354,25.434829018868413,25.0,0.6846743862087322,-1.347,3.728,25.78,25.25,-5.021616
1352.0,-1.3343039802956858,3.727479850875639,25.435263206795295,25.0,0.68455083954389,-1.324,3.729,25.71,25.28,-4.937196
1353.0,-1.3343039802956858,3.72746679909176,25.435701894825,25.0,0.6844272928790478,-1.322,3.727,25.62,25.23,-4.927094
1354.0,-1.3343039802956858,3.727452696382274,25.436145003809884,25.0,0.6843037462142055,-1.335,3.724,25.67,25.25,-4.97154
1355.0,-1.3343039802956858,3.727437552788954,25.436592454732818,25.0,0.6841801995493634,-1.355,3.726,25.580000000000002,25.330000000000002,-5.04873
1356.0,-1.3343039802956858,3.727421378406388,25.43704416870702,25.0,0.6840566528845212,-1.335,3.725,25.650000000000002,25.12,-4.972875
1357.0,-1.3343039802956858,3.727404183240238,25.43750006697644,25.0,0.683933106219679,-1.325,3.725,25.64,25.22,-4.935625
1358.0,-1.3343039802956858,3.7273859772036895,25.437960070915324,25.0,0.6838095595548368,-1.344,3.726,25.73,25.18,-5.007744000000001
1359.0,-1.3343039802956858,3.727366770117452,25.43842410202848,25.0,0.6836860128899946,-1.327,3.726,25.740000000000002,25.02,-4.944402
1360.0,-1.3343039802956858,3.7273465717097545,25.438892081951224,25.0,0.6835624662251524,-1.329,3.727,25.69,25.23,-4.953183
1361.0,-1.3343039802956858,3.727325391616353,25.4393639324494,25.0,0.6834389195603102,-1.324,3.727,25.6,25.330000000000002,-4.934548
1362.0,-1.3343039802956858,3.7273032393805257,25.439839575419285,25.0,0.6833153728954681,-1.328,3.726,25.71,25.34,-4.9481280000000005
1363.0,-1.3343039802956858,3.727280124453073,25.44031893288769,25.0,0.6831918262306258,-1.339,3.727,25.63,25.39,-4.990453
1364.0,-1.3343039802956858,3.72725605619232,25.440801927011933,25.0,0.6830682795657836,-1.317,3.725,25.53,25.02,-4.905825
1365.0,-1.3343039802956858,3.7272310438641143,25.441288480079837,25.0,0.6829447329009415,-1.331,3.729,25.6,25.36,-4.963299
1366.0,-1.3343039802956858,3.727205096641828,25.441778514509625,25.0,0.6828211862360992,-1.33,3.725,25.650000000000002,25.22,-4.95425
1367.0,-1.3343039802956858,3.7271782236063538,25.44227195285015,25.0,0.6826976395712571,-1.339,3.729,25.73,25.36,-4.993131
1368.0,-1.3343039802956858,3.727150433746111,25.442768717780663,25.0,0.6825740929064149,-1.334,3.723,25.62,25.16,-4.966482
