time_s,current_A,voltage_V,soc,temp_surface_C,temp_core_C,temp_ambient_C,heat_generation_W,power_W
0.0,-1.2,4.001352400000004,1.0,25.0,25.0,0.0,0.0016228800000000377,-4.8016228800000045
1.0,-1.2,4.001688444981679,0.9998888888888888,24.890353437749184,24.999453132179042,0.0,0.002159467311344443,-4.802026133978014
2.0,-1.2,4.002020208572481,0.9997777777777778,24.78356657788555,24.997734645389016,0.0,0.0026909169536402542,-4.802424250286977
3.0,-1.2,4.002347732706248,0.9996666666666667,24.679539322932897,24.994888189691494,0.0,0.0032172792474938205,-4.802817279247497
4.0,-1.2,4.002671058742481,0.9995555555555555,24.57817536780931,24.99095575822207,0.0,0.0037386038243070628,-4.803205270490977
5.0,-1.2,4.002990227632322,0.9994444444444445,24.479381456635622,24.98597800891855,0.0,0.004254939825449888,-4.803588273158787
6.0,-1.2,4.003305279945163,0.9993333333333333,24.383067382735135,24.97999426452094,0.0,0.004766335934191978,-4.803966335934196
7.0,-1.2,4.0036162558686375,0.9992222222222222,24.289145988633777,24.97304251257151,0.0,0.005272840375694798,-4.804339507042365
8.0,-1.2,4.00392319520863,0.9991111111111111,24.197533166059998,24.965159405414738,0.0,0.005774500917019054,-4.8047078342503555
9.0,-1.2,4.00422613738927,0.999,24.108147821615148,24.956380274914864,0.0,0.006271364867119899,-4.805071364867124
10.0,-1.2,4.004525121452933,0.9988888888888889,24.020910890709445,24.946739551400356,0.0,0.0067634790768490655,-4.80543014574352
11.0,-1.2,4.004820186060242,0.9987777777777778,23.935747959781963,24.936269633976963,0.0,0.007250889938953797,-4.8057842232722905
12.0,-1.2,4.00511136949007,0.9986666666666667,23.85258777427606,24.925001541412144,0.0,0.0077336433880800465,-4.806133643388084
13.0,-1.2,4.005398709639529,0.9985555555555555,23.7713611553815,24.912965378673107,0.0,0.008211784900764485,-4.806478451567434
14.0,-1.2,4.005682244023984,0.9984444444444445,23.69200100003428,24.900190336926983,0.0,0.008685359495444089,-4.806818692828781
15.0,-1.2,4.005962009777045,0.9983333333333333,23.614442280916876,24.886704693540594,0.0,0.009154411732450284,-4.807154411732454
16.0,-1.2,4.006237678585838,0.9982223686259722,23.538622046457874,24.872535812080514,0.0,0.009618371951835058,-4.807485214303005
17.0,-1.2,4.006508986281631,0.9981116734892255,23.464479420832333,24.857710142313294,0.0,0.010076775350882626,-4.807810783537957
18.0,-1.2,4.006776158724234,0.9980011755694337,23.391955603961605,24.842253220205066,0.0,0.010529979785756894,-4.808131390469081
19.0,-1.2,4.007039407209838,0.9978908077377625,23.320993871513338,24.826189667921938,0.0,0.0109783193664871,-4.808447288651806
20.0,-1.2,4.00729892771835,0.9977805083907768,23.25153955056004,24.809543205362672,0.0,0.011422103193083899,-4.808758713262019
21.0,-1.2,4.007554900913402,0.9976702214504409,23.183540031088057,24.79233667279226,0.0,0.011861615355550014,-4.809065881096083
22.0,-1.2,4.007807492142346,0.9975598963641187,23.116945860995372,24.77459154457665,0.0,0.012297114933869046,-4.809368990570815
23.0,-1.2,4.008056851436257,0.9974494881045732,23.05170933475779,24.75632853048569,0.0,0.012728835998017196,-4.809668221723508
24.0,-1.2,4.008303113509929,0.9973389571699676,22.98778411908586,24.73756774274665,0.0,0.013156987607949944,-4.809963736211915
25.0,-1.2,4.0085463977618785,0.9972282695838637,22.925125252924374,24.718328696043955,0.0,0.013581753813613772,-4.810255677314254
26.0,-1.2,4.008786808274343,0.9971173968952234,22.863689147452646,24.69863030751941,0.0,0.014003293654940307,-4.810544169929211
27.0,-1.2,4.009024433813284,0.9970063161784076,22.803433586084623,24.67849089677202,0.0,0.014421741161847912,-4.810829320575941
28.0,-1.2,4.009259347828381,0.9968950100331772,22.744317724468544,24.65792818585811,0.0,0.014837205354241156,-4.811111217394058
29.0,-1.2,4.009491608453036,0.996783466584692,22.68630209048723,24.636959299291277,0.0,0.01524977024200922,-4.811389930143643
30.0,-1.2,4.009721258504375,0.9966716794835115,22.62934858425791,24.615600764042313,0.0,0.01565949482503228,-4.81166551020525
31.0,-1.2,4.00994832548324,0.9965596479055949,22.57342047813239,24.59386850953939,0.0,0.016066413093170338,-4.811937990579888
32.0,-1.2,4.010172821574199,0.9964473765523004,22.518482281569277,24.57177791784096,0.0,0.016470534026274384,-4.812207385889038
33.0,-1.2,4.01039474364554,0.9963348756503861,22.464500479411413,24.549343500002124,0.0,0.016871841594180557,-4.812473692374647
34.0,-1.2,4.010614073249272,0.9962221609520092,22.411443316540613,24.526579005548342,0.0,0.017270294756711733,-4.812736887899126
35.0,-1.2,4.010830776621127,0.9961092537347267,22.35927992411763,24.503497789929156,0.0,0.017665827463676464,-4.812996931945352
36.0,-1.2,4.011044804680556,0.9959961808014947,22.307980311489928,24.480112817833458,0.0,0.01805834865487004,-4.813253765616667
37.0,-1.2,4.011256093030734,0.995882974480669,22.257515366191512,24.456436663189606,0.0,0.01844774226007395,-4.81350731163688
38.0,-1.2,4.0114645619585545,0.9957696726260048,22.207856853942815,24.432481509165257,0.0,0.018833867199055908,-4.813757474350266
39.0,-1.2,4.011670116434635,0.9956563186166568,22.158977418650977,24.408259148167303,0.0,0.01921655738156982,-4.814004139721562
40.0,-1.2,4.011872646113313,0.9955429613571792,22.110850582409512,24.383780981842165,0.0,0.019595621707357402,-4.814247175335976
41.0,-1.2,4.012072025332649,0.9954296552775255,22.063450745498642,24.359058021075498,0.0,0.01997084406614391,-4.814486430399178
42.0,-1.2,4.0122681131144216,0.9953164603330488,22.016753186385074,24.334100885992257,0.0,0.020341983337643477,-4.814721735737305
43.0,-1.2,4.0124607531641345,0.9952034420045015,21.970734061722055,24.308919805956975,0.0,0.020708773391555902,-4.814952903796962
44.0,-1.2,4.012649773871011,0.9950906712980357,21.925370316792623,24.2835243889009,0.0,0.021070923087567195,-4.815179728645213
45.0,-1.2,4.012834988307997,0.9949782247452029,21.880640000017934,24.257923476946587,0.0,0.02142811627534904,-4.815401985969596
46.0,-1.2,4.013016194231758,0.9948661844029539,21.836522752101303,24.232126532702864,0.0,0.02178001179456146,-4.815619433078109
47.0,-1.2,4.013193174082683,0.994754637853639,21.792998789104843,24.206142426310407,0.0,0.02212624347484855,-4.815831808899219
48.0,-1.2,4.013365694984878,0.9946436782050083,21.750048833808705,24.179979321787528,0.0,0.02246642013584008,-4.816038833981853
49.0,-1.2,4.013533508746178,0.9945334040902108,21.707654115711193,24.153644677030513,0.0,0.02280012558715736,-4.816240210495414
50.0,-1.2,4.013696351858133,0.9944239196677954,21.665796371028875,24.127145243813516,0.0,0.023126918628401504,-4.8164356222297595
51.0,-1.1956402551635084,4.013849032063586,0.9943153346217102,21.6244578426963,24.100487067788606,0.0,0.02335527499368747,-4.799119480884307
52.0,-1.186989521270982,4.013991332709297,0.994207764161303,21.5836212803664,24.073675488485662,0.0,0.023482888559811774,-4.76456565039848
53.0,-1.1741842255636037,4.014123098091483,0.9941013290213209,21.543269940410084,24.046715139312425,0.0,0.02350924541005791,-4.713320021249522
54.0,-1.1574263152041921,4.014244231031034,0.9939961554619104,21.503387585916585,24.019609947554727,0.0,0.02343565549594298,-4.646191908651936
55.0,-1.1369800724498051,4.014354689284213,0.9938923752686178,21.463958486693116,23.992363134375978,0.0,0.023265243271938404,-4.56424128546158
56.0,-1.1131679467626734,4.014454480845444,0.9937901257523885,21.424967419265272,23.964977214817623,0.0,0.02300289773010833,-4.468762051814937
57.0,-1.0863654695895568,4.014543658216272,0.9936895497495672,21.38639964094483,23.937453920082476,0.0,0.022655183337300506,-4.361261606445898
58.0,-1.0569953320064995,4.014622311730863,0.9935907956218988,21.348240883971243,23.909795276138198,0.0,0.02223021435219096,-4.2434370432686634
59.0,-1.025520718628056,4.014688081175645,0.9934949342854571,21.31047782037774,23.882006558011938,0.0,0.02173401122881262,-4.117145806074739
60.0,-0.9924380029092269,4.014739121925344,0.9934029009236515,21.27309759924293,23.854093718081742,0.0,0.021174876560546767,-3.9843796763651316
61.0,-0.9626286638760464,4.014782738808873,0.9933140985287958,21.23608775994296,23.826062972731734,0.0,0.020666328508043,-3.8647449436121994
62.0,-0.9365628126123035,4.014821200309025,0.9932279500252786,21.199436232151356,23.79792080235245,0.0,0.020223435219184006,-3.7601322354969247
63.0,-0.9146515231634123,4.014856620501013,0.9931439067426329,21.16313133583924,23.76967395134045,0.0,0.019859566711110926,-3.6721947232239613
64.0,-0.8972403496531516,4.014890951746244,0.9930614484155357,21.12716178127488,23.741329428098652,0.0,0.019586311201196784,-3.6023221613640746
65.0,-0.8846038766887092,4.014925978550642,0.9929800831838085,21.09151666902426,23.71289450503616,0.0,0.019413424118903486,-3.5516190852441074
66.0,-0.8769413889973976,4.014963312684315,0.9928993475924167,21.05618548995062,23.684376718568387,0.0,0.019348804194476505,-3.5208875041989756
67.0,-0.8743737285874568,4.015004389639583,0.9928188065914705,21.02115812521481,23.655783869116874,0.0,0.019398490970662347,-3.5106143584641685
68.0,-0.8769413889973976,4.015050466483192,0.9927380535362235,20.986424846274872,23.627124021109466,0.0,0.019566678401595743,-3.52096393297242
69.0,-0.8846038766887092,4.015102621136611,0.9926567101870742,20.951976314886565,23.5984055029802,0.0,0.01985573984176719,-3.551775343960444
70.0,-0.8972403496531516,4.015161753095731,0.9925744267095652,20.917803583102852,23.56963690716941,0.0,0.020266260624450458,-3.6025651352615746
71.0,-0.9146515231634123,4.01522858557866,0.992490881674383,20.883898085254316,23.54082709746268,0.0,0.020797075509282666,-3.6725349416487947
72.0,-0.9385623203916426,4.0153059225129555,0.9924057820573587,20.850251562940684,23.511985197681497,0.0,0.021493208963296588,-3.7686148437160645
73.0,-0.9686135285484566,4.015394131132106,0.9923188632394674,20.81685698522466,23.483119099432713,0.0,0.022351016655686666,-3.889365077868633
74.0,-1.0043668495597617,4.015493401667635,0.9922298890068285,20.783707810395413,23.454235626792013,0.0,0.02336510092082541,-4.033028457260934
75.0,-1.0453115689177401,4.015603754864901,0.9921386515507057,20.750797645932607,23.425340814571427,0.0,0.02452834396017507,-4.197557061149798
76.0,-1.0865125021395352,4.015720137218752,0.9920449714675067,20.71812024850601,23.396439908319167,0.0,0.02572336357895061,-4.363130134181664
77.0,-1.1274068351432578,4.015842335012636,0.9919486977587837,20.685669523975662,23.367537364320015,0.0,0.026937849956423905,-4.527488097350907
78.0,-1.1674526613742495,4.015970070219933,0.991849707831233,20.653439527392038,23.338636849594934,0.0,0.02815938126399589,-4.688454946477592
79.0,-1.2061368242538222,4.016103009342404,0.9917479074966952,20.621424462995833,23.309741241901293,0.0,0.029375585194558768,-4.843969729564466
80.0,-1.2429822012411438,4.016240771619326,0.9916432309721548,20.58961868421801,23.280852629732863,0.0,0.03057430521873527,-4.992115795021819
81.0,-1.2775543201586694,4.0163829364840815,0.991535640879741,20.55801669367986,23.25197231231965,0.0,0.031743769843581196,-5.131147371916801
82.0,-1.3074677018621805,4.016526796712364,0.9914251282467269,20.52661314319289,23.223100799628128,0.0,0.03281962078166972,-5.251479060365381
83.0,-1.332403533614134,4.016671886340058,0.99131171250553,20.495402833759044,23.194237812360996,0.0,0.033789985230189876,-5.3518278147280425
84.0,-1.352114144442095,4.016817731706971,0.9911954414937119,20.46438071557037,23.165382281957477,0.0,0.03464426101034417,-5.431196070686807
85.0,-1.3664259165853117,4.016963854738035,0.9910763914539785,20.433541888009415,23.13653235059286,0.0,0.03537330074598118,-5.4888835171004855
86.0,-1.3796008309645909,4.017114688405049,0.99095466703418,20.402881599648765,23.10768537117906,0.0,0.036090387221298086,-5.542014762203669
87.0,-1.3915488895555355,4.017269673126695,0.9908304012873106,20.3723952059143,23.078838677275883,0.0,0.03679153936874772,-5.590227152684581
88.0,-1.4021884750027969,4.017428170893824,0.9907037556715089,20.342077982099,23.04999677680786,0.0,0.03747266702591559,-5.633191480378887
89.0,-1.4114469081493728,4.01758946589779,0.9905749200500577,20.311925800595986,23.021161835843827,0.0,0.03812959721183673,-5.670614229854925
90.0,-1.419260944508944,4.017752765089975,0.990444112691384,20.28193470900942,22.99233454594571,0.0,0.038758103796486656,-5.702239584185019
91.0,-1.4255772062898464,4.017917198668679,0.9903115802690591,20.252100818359736,22.963515455592017,0.0,0.039353940356029196,-5.72785117518202
92.0,-1.430352547019511,4.018081820490052,0.9901775978617984,20.222420303083595,22.934704970177734,0.0,0.039912875908918746,-5.74727356607074
93.0,-1.4335543462786229,4.018245608400265,0.9900424689534615,20.19288940103428,22.905903352014548,0.0,0.040430733132662655,-5.760373456337189
94.0,-1.43516073253166,4.018407464486627,0.9899065254330525,20.163504413481178,22.877110720330734,0.0,0.04090342856996393,-5.767060600343318
95.0,-1.43516073253166,4.018566215245978,0.9897701275947195,20.134261705110305,22.8483270512711,0.0,0.04132701424762224,-5.767288433199399
96.0,-1.433554346278623,4.0187206116691625,0.9896336641377547,20.10515770402384,22.819552177897037,0.0,0.041697720053623676,-5.761054399337815
97.0,-1.4303525470195113,4.018869329241022,0.9894975521665949,20.076188901740466,22.790785790186646,0.0,0.04201199614889128,-5.7483999812184905
98.0,-1.4255772062898466,4.019010967855928,0.9893622371908207,20.047351853195153,22.762027435034497,0.0,0.04226655463159888,-5.729410427604306
99.0,-1.4192609445089441,4.019144051649397,0.9892281931251574,20.018643176739317,22.733276516251806,0.0,0.042458409624903846,-5.704214182861427
100.0,-1.4114469081493728,4.019267028746961,0.9890959222894741,19.990059554140657,22.704532294566377,0.0,0.042584914924861834,-5.672982020751615
101.0,-1.402188475002797,4.019378750785025,0.9889658757772797,19.961597730583264,22.67579388762266,0.0,0.042644582827556954,-5.635926561021901
102.0,-1.3915488895555357,4.019480215767411,0.9888379982885808,19.933254514667738,22.64706026998158,0.0,0.04264014370618126,-5.5933032308415855
103.0,-1.379600830964591,4.019572181854931,0.988712096624158,19.905026778410843,22.618330273120705,0.0,0.04257459922800916,-5.5454051222092176
104.0,-1.3664259165853117,4.0196553109471305,0.9885879928343484,19.876911437649085,22.589601992771463,0.0,0.04245118862810145,-5.4925611926179485
105.0,-1.3521141444420952,4.019730247901502,0.9884655177584659,19.84890552638973,22.56087331283095,0.0,0.04227348384856049,-5.435134125029351
106.0,-1.336763278450626,4.019797619840638,0.988344511024802,19.821006305022195,22.53214497331544,0.0,0.042045360858117456,-5.3735178450061944
107.0,-1.320478180591199,4.0198580353995865,0.9882248210506258,19.793211117659155,22.50341797992968,0.0,0.04177096932976339,-5.308134824819358
108.0,-1.303370094595066,4.019912083918562,0.9881063050421832,19.765517385139276,22.474693449212168,0.0,0.04145470102277097,-5.239433193080784
109.0,-1.2855558860369518,4.019960334586537,0.987988828994698,19.737922605027336,22.44597260853493,0.0,0.04110115719904856,-5.167883669762797
110.0,-1.2691567518040172,4.020005588986812,0.9878722676923708,19.71042435161405,22.417256796104027,0.0,0.04078222167872396,-5.102017235552497
111.0,-1.2542847146115763,4.020048357876328,0.9877565047083801,19.683020275916135,22.388547460958932,0.0,0.040503177835034855,-5.042285207283646
112.0,-1.241041365553701,4.020089113768529,0.9876414324048812,19.655708105676297,22.359846162973042,0.0,0.04026891478858931,-4.989096883398863
113.0,-1.2295171701330356,4.020128290151252,0.9875269519330073,19.628485645363355,22.331154572853393,0.0,0.040083905108642834,-4.942816758878527
114.0,-1.2197908502896841,4.0201662807902805,0.9874129732328686,19.601350776172012,22.302474472140773,0.0,0.039952184875251345,-4.903762045951093
115.0,-1.2119288466505351,4.020203439123289,0.9872994150335526,19.574301456023136,22.273807753209553,0.0,0.03987733596523279,-4.872200517277203
116.0,-1.2059848646724105,4.020240077748358,0.9871862048531244,19.54733571956342,22.245156419268028,0.0,0.0398624704304542,-4.848348686113955
117.0,-1.2019995077793393,4.020276468010511,0.9870732789986262,19.52045167816567,22.216522584358074,0.0,0.03991021684898655,-4.8323703356854955
118.0,-1.2000000000000002,4.020312839689129,0.9869605825660777,19.493647519928743,22.187908473355265,0.0,0.04002270854765762,-4.824375407626955
119.0,-1.2000000000000002,4.0203493807883675,0.9868480694404759,19.466921509677434,22.159316421969038,0.0,0.040201573617466305,-4.824419256946042
120.0,-1.2000000000000002,4.020383983986736,0.9867357022957951,19.440271988962593,22.130748876742416,0.0,0.040377938029126176,-4.824460780784085
121.0,-1.2000000000000002,4.020416768920947,0.9866234525949871,19.41369737606101,22.102208395052173,0.0,0.04055197959114914,-4.824500122705137
122.0,-1.2000000000000002,4.020447828740652,0.9865113005899808,19.38719616597558,22.07369764510878,0.0,0.04072383378080194,-4.824537394488783
123.0,-1.2000000000000002,4.020477230108435,0.9863992353216828,19.36076683038027,22.045217553327575,0.0,0.040893593744099205,-4.824572676130122
124.0,-1.2000000000000002,4.020505013199823,0.9862872546199767,19.334407646489467,22.01676068167967,0.0,0.04106131029581146,-4.824606015839787
125.0,-1.2000000000000002,4.0205311917032756,0.9861753651037236,19.308117733929294,21.988329195939855,0.0,0.041226991919458736,-4.824637430043931
126.0,-1.2000000000000002,4.02055575282019,0.986063582180762,19.281896306914803,21.959926499537914,0.0,0.04139060476731054,-4.824666903384228
127.0,-1.2000000000000002,4.0205786572649025,0.9859519300479074,19.25574255408577,21.931555403708444,0.0,0.041552072660390675,-4.824694388717884
128.0,-1.2000000000000002,4.020599839264685,0.9858404416909533,19.229655638506586,21.90321812749073,0.0,0.04171127708847458,-4.8247198071176225
129.0,-1.2000000000000002,4.020619206559745,0.9857291588846698,19.203634697666644,21.874916297728646,0.0,0.04186805721008718,-4.824743047871695
130.0,-1.2000000000000002,4.0206366404032305,0.985618132192805,19.177678843479782,21.84665094907075,0.0,0.04202220985250716,-4.824763968483877
131.0,-1.2000000000000002,4.020651995561224,0.9855074209680841,19.151787162284904,21.818422523970412,0.0,0.042173489511763765,-4.824782394673469
132.0,-1.2000000000000002,4.020665100312743,0.9853970933522093,19.125958714845353,21.79023087268547,0.0,0.04232160835263735,-4.824798120375292
133.0,-1.2000000000000002,4.020675756449747,0.9852872262758606,19.10019253634954,21.762075253278567,0.0,0.0424662362086604,-4.824810907739697
134.0,-1.2000000000000002,4.020683739277129,0.9851779054586953,19.074487636410367,21.733954331617156,0.0,0.04260700058211705,-4.8248204871325555
135.0,-1.2000000000000002,4.020688797612721,0.9850692254093478,19.048842999065585,21.70586618137304,0.0,0.04274348664404358,-4.824826557135266
136.0,-1.2000000000000002,4.020690653787288,0.9849612894254302,19.023257582777774,21.677808284023,0.0,0.04287523723422631,-4.824828784544747
137.0,-1.2000000000000002,4.020689003644537,0.9848542095935314,18.99773032043413,21.649777528848404,0.0,0.04300175286120319,-4.824826804373445
138.0,-1.2000000000000002,4.02068351654111,0.9847481067892183,18.972260119346686,21.62177021293519,0.0,0.04312249170226697,-4.824820219849333
139.0,-1.1928027514515782,4.020665724047471,0.9846431106770347,18.9468458612522,21.593782041174165,0.0,0.04296787234272955,-4.795861138310875
140.0,-1.1784926355134577,4.020635337643703,0.9845393597105019,18.921486402312212,21.565808126260663,0.0,0.04253884416593008,-4.738289135498269
141.0,-1.1572374252111488,4.020592136305456,0.9844370011321185,18.89618057311293,21.537842988694763,0.0,0.041840075536151385,-4.652779691642318
142.0,-1.1292863184516224,4.020535964287164,0.9843361909733604,18.870927178665397,21.50988055678124,0.0,0.04087990873432496,-4.540336257312195
143.0,-1.0949670164056935,4.02046672782937,0.9842370940546811,18.845724998405387,21.48191416662945,0.0,0.039670253999739016,-4.402278457529687
144.0,-1.0546818815114132,4.020384390828808,0.9841398839855111,18.820572762908,21.45393534959112,0.0,0.03822642467193901,-4.240226573718444
145.0,-1.0089032201423667,4.020288028015899,0.9840450704692977,18.795468575354732,21.425921602423216,0.0,0.03656563657624593,-4.056081537365046
146.0,-0.9581677452472771,4.020164957106212,0.98395729662075,18.77041020888305,21.39786968965842,0.0,0.03469301240803148,-3.851992392472576
147.0,-0.9030702838814022,4.020014192226018,0.9838772072482863,18.745395631568158,21.369783612543188,0.0,0.03263423728245539,-3.630355357780816
148.0,-0.8442568034031674,4.019839563056339,0.9838037946376186,18.72042297613575,21.34166771222266,0.0,0.030423442653362946,-3.39377689969953
149.0,-0.7896140866459243,4.019652914858248,0.9837360968858954,18.695490539961668,21.31352666974078,0.0,0.028360425418464466,-3.173974564999422
150.0,-0.7397827695033385,4.019457781666223,0.983673197901701,18.670596785072007,21.28536550604025,0.0,0.026472818482840388,-2.9735256096227842
151.0,-0.6953470786076998,4.019257489122514,0.9836142274050567,18.645740338143185,21.257189581962336,0.0,0.024784437907281475,-2.794778953233459
152.0,-0.6568279818068196,4.019055146757729,0.9835583609274193,18.620919990501932,21.229004598247286,0.0,0.023315282197549615,-2.6398278808151905
153.0,-0.624677080292342,4.018853641107264,0.9835048198116825,18.59613469812507,21.200816595533865,0.0,0.022081598478698075,-2.510485758649134
154.0,-0.5992713139886751,4.018655629744274,0.9834528712121755,18.571383581639907,21.17263195435976,0.0,0.021096003361555066,-2.4082650397048377
155.0,-0.5809085422770153,4.018463536299147,0.9834018280946646,18.54666592632384,21.144457395161226,0.0,0.02036764580280639,-2.334359795064877
156.0,-0.5698040518664397,4.018279546523886,0.9833510492363516,18.52198118210464,21.116299978273332,0.0,0.01990239928004162,-2.28963196714135
157.0,-0.5660880327540798,4.0181056054475,0.9832999392258752,18.497328963560335,21.088167103929948,0.0,0.01970307112009329,-2.274601497585916
158.0,-0.5698040518664397,4.01794341565581,0.9832479484633099,18.47270904991916,21.06006651226363,0.0,0.019769617787684074,-2.289440438410763
159.0,-0.5809085422770153,4.017794436715791,0.9831945731601666,18.448121385059665,21.03200628330552,0.0,0.02009935630107984,-2.3339711094012716
160.0,-0.5992713139886751,4.017659885751229,0.9831393553393925,18.423566077510714,21.003994836985783,0.0,0.020687163619485582,-2.407668318893729
161.0,-0.624677080292342,4.017540739162918,0.9830818828353708,18.39904340045132,20.976040933133106,0.0,0.021525657760903674,-2.5096656188958293
162.0,-0.6568279818068196,4.0174377354732655,0.9830217892939215,18.37455379171081,20.948153671474984,0.0,0.02260535647094879,-2.6387655198254643
163.0,-0.6953470786076998,4.01735137926191,0.9829587541723003,18.35009785376883,20.920342491637598,0.0,0.02391481138170822,-2.793453545310383
164.0,-0.7397827695033387,4.017281946146256,0.9828925027391994,18.325676353755284,20.892617173145993,0.0,0.02544071768534855,-2.9719159639958397
165.0,-0.7896140866459243,4.017229488748487,0.9828228060747473,18.301290251219086,20.86498806285988,0.0,0.027168001313939188,-3.17206099360521
166.0,-0.8442568034031674,4.017193843579151,0.9827494810705085,18.27694184516207,20.837471371592073,0.0,0.029079887386804053,-3.391543233031018
167.0,-0.9030702838814022,4.017174638756565,0.9826723904294842,18.25263271454662,20.81006541620411,0.0,0.031157955191280805,-3.6277910414230603
168.0,-0.9581677452472771,4.017163191172453,0.9825914426661114,18.228363645231923,20.782761045802317,0.0,0.033125534315574585,-3.8491161971760657
169.0,-1.0089032201423667,4.017158833298587,0.9825065921062636,18.204135344244605,20.755549711172193,0.0,0.03496075772408186,-4.052924482738297
170.0,-1.0546818815114132,4.01716081042287,0.9824178388872503,18.1799484397784,20.728423464778245,0.0,0.03664278258848143,-4.236826721870706
171.0,-1.0949670164056937,4.0171682885088105,0.9823252289578177,18.15580348119437,20.701374960764383,0.0,0.03815200095899329,-4.398666775268059
172.0,-1.1292863184516226,4.017180361287139,0.9822288540781479,18.13170093902073,20.674397454953578,0.0,0.03947025890037352,-4.536546820754112
173.0,-1.1572374252111488,4.017196056496403,0.9821288518198593,18.10764120495304,20.647484804847977,0.0,0.04058108164923293,-4.648849620988279
174.0,-1.1784926355134577,4.017214341199413,0.9820254055660067,18.08362459185406,20.620631469629018,0.0,0.04146990149552302,-4.734257516382555
175.0,-1.1928027514515782,4.017234126113163,0.9819187445110811,18.059651333753834,20.5938325101572,0.0,0.042124284343521785,-4.7917679188529565
176.0,-1.2000000000000002,4.017254268901496,0.9818091436610095,18.0357215858495,20.56708358897231,0.0,0.04253415028858073,-4.820705122681796
177.0,-1.2000000000000002,4.017273576391902,0.9816969238331554,18.011835424505705,20.540380970293143,0.0,0.04269198307049198,-4.8207282916702825
178.0,-1.2000000000000002,4.017298916989552,0.9815824516563187,17.98799284725402,20.513721520017896,0.0,0.042859758399876574,-4.820758700387463
179.0,-1.2000000000000002,4.017328902981518,0.9814661395707354,17.96419377279352,20.487102705723828,0.0,0.043035316092935726,-4.820794683577822
180.0,-1.2000000000000002,4.017362001835877,0.9813484458280775,17.940438040990443,20.460522596667317,0.0,0.04321626720935559,-4.820834402203053
181.0,-1.2000000000000002,4.017396536201713,0.9812298744914535,17.91672541287818,20.43397986378403,0.0,0.043399994052307815,-4.820875843442057
182.0,-1.2000000000000002,4.017430683909122,0.9811109754354083,17.89305557065751,20.40747377968887,0.0,0.04358365016845323,-4.820916820690948
183.0,-1.2000000000000002,4.017462477969207,0.9809923443459228,17.869428117696316,20.381004218675685,0.0,0.04376416034793814,-4.820954973563049
184.0,-1.2000000000000002,4.017489806574079,0.9808746227204141,17.84584257852987,20.35457165671778,0.0,0.04393822062439431,-4.820987767888895
185.0,-1.2000000000000002,4.017510413096856,0.980758497867736,17.82229839886054,20.32817717146753,0.0,0.044102298274940575,-4.821012495716228
186.0,-1.2000000000000002,4.017521896091667,0.980644702908178,17.79879502313497,20.301821915774156,0.0,0.04425263182018338,-4.821026275310001
187.0,-1.2000000000000002,4.0175239965805645,0.9805333432922384,17.775332455956004,20.275503572642094,0.0,0.04438878394598796,-4.821028795896678
188.0,-1.2000000000000002,4.017524205920996,0.9804222321811272,17.75191052170328,20.249221535068216,0.0,0.044522368487838554,-4.8210290471051955
189.0,-1.2000000000000002,4.017523380187087,0.9803111210700162,17.728528966192016,20.222975790053965,0.0,0.04465471094048113,-4.821028056224505
190.0,-1.2000000000000002,4.0175215289191115,0.9802000099589051,17.705187538842722,20.196766324335897,0.0,0.044785822752244374,-4.821025834702935
191.0,-1.2000000000000002,4.017518661589886,0.9800888988477939,17.681885992681487,20.17059312438562,0.0,0.04491571529050678,-4.821022393907864
192.0,-1.2000000000000002,4.017514787604768,0.9799777877366829,17.658624084339863,20.14445617640979,0.0,0.045044399841699355,-4.821017745125722
193.0,-1.2000000000000002,4.017509916301661,0.9798666766255717,17.635401574054868,20.118355466349954,0.0,0.045171887611303425,-4.821011899561993
194.0,-1.2000000000000002,4.017504056951008,0.9797555655144606,17.61221822566904,20.092290979882932,0.0,0.04529818972385336,-4.821004868341211
195.0,-1.2000000000000002,4.0174972187557945,0.9796444544033495,17.589073806630267,20.06626270242043,0.0,0.04542331722293068,-4.820996662506954
196.0,-1.2000000000000002,4.017489410851552,0.9795333432922384,17.56596808799219,20.040270619109208,0.0,0.045547281071173104,-4.820987293021863
197.0,-1.2000000000000002,4.01748064230635,0.9794222321811272,17.54290084441368,20.01431471483113,0.0,0.045670092150264456,-4.820976770767621
198.0,-1.2000000000000002,4.017470922120805,0.9793111210700162,17.51987185415919,19.988394974203004,0.0,0.045791761260943184,-4.820965106544967
199.0,-1.2000000000000002,4.017460259228074,0.9792000099589051,17.49688089909864,19.962511381576803,0.0,0.04591229912299966,-4.82095231107369
200.0,-1.2000000000000002,4.017448662493856,0.9790888988477939,17.47392776470747,19.936663921039383,0.0,0.04603171637527091,-4.820938394992628
201.0,-1.2000000000000002,4.017436140716395,0.9789777877366829,17.451012240066575,19.910852576412765,0.0,0.04615002357565122,-4.820923368859675
202.0,-1.2000000000000002,4.017422702626475,0.9788666766255717,17.428134117862385,19.885077331253967,0.0,0.046267231201080436,-4.820907243151771
203.0,-1.2000000000000002,4.017408356887423,0.9787555655144606,17.405293194386672,19.859338168855118,0.0,0.04638334964755196,-4.820890028264909
204.0,-1.2000000000000002,4.017393112095112,0.9786444544033495,17.38248926953679,19.833635072243226,0.0,0.046498389230111674,-4.820871734514135
205.0,-1.2000000000000002,4.017376976777953,0.9785333432922384,17.35972214681567,19.807968024180468,0.0,0.04661236018285422,-4.820852372133545
206.0,-1.2000000000000002,4.017359959396903,0.9784222321811272,17.33699163333148,19.782337007164017,0.0,0.04672527265892779,-4.8208319512762845
207.0,-1.2000000000000002,4.01734206834546,0.9783111210700162,17.31429750499416,19.756742019411092,0.0,0.046837136730529326,-4.8208104820145525
208.0,-1.2000000000000002,4.017323311949665,0.9782000099589051,17.29163952221296,19.73118305801472,0.0,0.046947962388908776,-4.820787974339599
209.0,-1.2000000000000002,4.017303698468102,0.9780888988477939,17.269017551545176,19.705660064513893,0.0,0.047057759544366466,-4.820764438161723
210.0,-1.2000000000000002,4.017283236091898,0.9779777877366829,17.24643146389724,19.68017298068031,0.0,0.047166538026254666,-4.820739883310278
211.0,-1.2000000000000002,4.017261932944721,0.9778666766255717,17.22388113052665,19.654721750537988,0.0,0.04727430758297545,-4.820714319533666
212.0,-1.2000000000000002,4.017239797082783,0.9777555655144606,17.20136642304226,19.629306320363128,0.0,0.04738107788198339,-4.82068775649934
213.0,-1.2000000000000002,4.017216836494838,0.9776444544033495,17.178887213404096,19.6039266386843,0.0,0.047486858509782875,-4.820660203793807
214.0,-1.2000000000000002,4.017193059102183,0.9775333432922384,17.156443373923253,19.578582656282435,0.0,0.04759165897193079,-4.820631670922621
215.0,-1.2000000000000002,4.01716847275866,0.9774222321811272,17.134034777262116,19.553274326190774,0.0,0.04769548869303542,-4.820602167310392
216.0,-1.2000000000000002,4.017143085250648,0.9773111210700162,17.11166129643425,19.52800160369469,0.0,0.04779835701675488,-4.820571702300779
217.0,-1.2000000000000002,4.017116904297073,0.9772000099589051,17.089322804804453,19.502764446332094,0.0,0.04790027320579818,-4.820540285156489
218.0,-1.2000000000000002,4.017089937549403,0.9770888988477939,17.067019176088593,19.47756281389303,0.0,0.04800124644192732,-4.820507925059284
219.0,-1.2000000000000002,4.0170621925916485,0.9769777877366829,17.04475028435388,19.452396668419965,0.0,0.048101285825955215,-4.820474631109979
220.0,-1.2000000000000002,4.017033676940362,0.9768666766255717,17.02251600401854,19.427265974207614,0.0,0.04820040037774512,-4.820440412328435
221.0,-1.2000000000000002,4.017004398044639,0.9767555655144606,17.0003162098522,19.402170697803,0.0,0.048298599036210636,-4.820405277653568
222.0,-1.2000000000000002,4.016974363286117,0.9766444544033495,16.978150776975497,19.377110808005455,0.0,0.04839589065931734,-4.820369235943341
223.0,-1.2000000000000002,4.016943579978978,0.9765333432922384,16.956019580860357,19.352086275866668,0.0,0.04849228402408433,-4.820332295974774
224.0,-1.2000000000000002,4.016912055369945,0.9764222321811272,16.93392249732983,19.327097074690528,0.0,0.04858778782657734,-4.820294466443935
225.0,-1.2000000000000002,4.016879796638284,0.9763111210700162,16.911859402558264,19.302143180033397,0.0,0.048682410681917795,-4.820255755965941
226.0,-1.2000000000000002,4.016846810895804,0.9762000099589051,16.88983017307112,19.27722456970372,0.0,0.048776161124275325,-4.820216173074965
227.0,-1.2000000000000002,4.0168131051868565,0.9760888988477939,16.867834685745038,19.25234122376247,0.0,0.048869047606871524,-4.820175726224228
228.0,-1.2000000000000002,4.016778686488336,0.9759777877366829,16.845872817807958,19.227493124522766,0.0,0.048961078501979935,-4.820134423786004
229.0,-1.2000000000000002,4.016743561709678,0.9758666766255717,16.823944446838823,19.20268025655008,0.0,0.049052262100923914,-4.820092274051614
230.0,-1.2000000000000002,4.016707737692863,0.9757555655144606,16.802049450767925,19.177902606662315,0.0,0.04914260661407877,-4.820049285231436
231.0,-1.2000000000000002,4.016671221212412,0.9756444544033495,16.780187707876678,19.1531601639295,0.0,0.049232120170871245,-4.820005465454894
232.0,-1.2000000000000002,4.01663401897539,0.9755333432922384,16.75835909679779,19.128452919673975,0.0,0.049320810819778425,-4.819960822770469
233.0,-1.2000000000000002,4.016596137621405,0.9754222321811272,16.736563496514975,19.10378086747056,0.0,0.04940868652832933,-4.819915365145686
234.0,-1.2000000000000002,4.016557583722607,0.9753111210700162,16.714800786363355,19.07914400314627,0.0,0.0494957551831055,-4.819869100467129
235.0,-1.2000000000000002,4.016518363783687,0.9752000099589051,16.693070846029002,19.054542324780357,0.0,0.04958202458973507,-4.819822036540425
236.0,-1.2000000000000002,4.016480970585092,0.9750879527084401,16.67137355554945,19.029975832704565,0.0,0.04967162145197861,-4.819777164702111
237.0,-1.2000000000000002,4.016451670564307,0.9749725586070551,16.649708795313188,19.00544452950271,0.0,0.04977493434869889,-4.8197420046771695
238.0,-1.2000000000000002,4.016429786534629,0.9748540712537903,16.62807644606005,18.980948420011146,0.0,0.049890858337002984,-4.819715743841556
239.0,-1.2000000000000002,4.0164142723094685,0.9747328754731893,16.606476388880935,18.956487511318358,0.0,0.05001767620353164,-4.819697126771363
240.0,-1.2000000000000002,4.016404115903701,0.9746093441228623,16.584908515929214,18.93206191486769,0.0,0.050153726137003224,-4.819684939084443
241.0,-1.2000000000000002,4.016398339533672,0.9744838380934852,16.563372854570275,18.907672713443333,0.0,0.0502974017282206,-4.819678007440407
242.0,-1.2000000000000002,4.016395999617192,0.9743567063088004,16.54186941726209,18.883320236538395,0.0,0.050447151970066356,-4.819675199540631
243.0,-1.2000000000000002,4.016396186773541,0.9742282857256167,16.52039818979756,18.859004513429852,0.0,0.050601481257505486,-4.81967542412825
244.0,-1.2000000000000002,4.016398025823466,0.9740989013338087,16.498959153135615,18.834725546597838,0.0,0.050758949387584816,-4.81967763098816
245.0,-1.2000000000000002,4.01640067578918,0.9739688661563173,16.47755228340111,18.81048331172559,0.0,0.05091817155943198,-4.819680810947017
246.0,-1.2000000000000002,4.016403329894366,0.9738384812491496,16.456177551884764,18.786277757699395,0.0,0.051077818374256984,-4.81968399587324
247.0,-1.2000000000000002,4.016405215564174,0.9737080357013791,16.434834925043276,18.762108806608694,0.0,0.05123661583535065,-4.8196862586770095
248.0,-1.2000000000000002,4.01640559442522,0.9735778066351451,16.413524364499267,18.73797635374592,0.0,0.05139334534808616,-4.819686713310265
249.0,-1.2000000000000002,4.016403762305588,0.9734480592056535,16.39224582704128,18.71388026760667,0.0,0.05154684371991803,-4.819684514766706
250.0,-1.2000000000000002,4.016399049234829,0.9733190466011761,16.370999264623833,18.689820389889633,0.0,0.051696003160380505,-4.819678859081796
251.0,-1.2000000000000002,4.016390819443965,0.973191010043051,16.349784624367317,18.665796535496554,0.0,0.05183977128109288,-4.819668983332758
252.0,-1.2000000000000002,4.016378471365479,0.9730641787856824,16.32860184855815,18.641808492532277,0.0,0.05197715109575204,-4.819654165638575
253.0,-1.2000000000000002,4.0163614376333285,0.9729387701165411,16.307450874648566,18.617856022304807,0.0,0.05210720102014151,-4.819633725159995
254.0,-1.2000000000000002,4.016339185082932,0.9728149893561633,16.286331635256886,18.593938859325135,0.0,0.05222903487211924,-4.81960702209952
255.0,-1.2000000000000002,4.016311214751182,0.9726930298581522,16.26524405816724,18.57005671130736,0.0,0.052341821871632464,-4.819573457701419
256.0,-1.2000000000000002,4.0162770618764325,0.9725730730091768,16.244188066329684,18.546209259168734,0.0,0.052444786640703366,-4.819532474251719
257.0,-1.2000000000000002,4.016236295898509,0.9724552882289723,16.223163577860248,18.52239615702956,0.0,0.0525372092034413,-4.819483555078212
258.0,-1.2000000000000002,4.016188520458703,0.9723398329703401,16.202170506041,18.498617032213247,0.0,0.05261842498603216,-4.819426224550445
259.0,-1.2000000000000002,4.016133373399773,0.9722268527191479,16.18120875931976,18.47487148524624,0.0,0.05268782481674689,-4.819360048079728
260.0,-1.2000000000000002,4.0160705267659464,0.9721164809943293,16.16027824131038,18.45115908985821,0.0,0.052744854925937196,-4.819284632119136
261.0,-1.2000000000000002,4.015999686802917,0.9720088393478847,16.139378850792696,18.427479392981695,0.0,0.05278901694603509,-4.819199624163501
262.0,-1.2000000000000002,4.015920593957846,0.9719040373648801,16.118510481712292,18.403831914752573,0.0,0.05281986791155547,-4.819104712749416
263.0,-1.2000000000000002,4.015833022879362,0.9718021726634478,16.09767302318096,18.38021614850959,0.0,0.052837020259094036,-4.818999627455235
264.0,-1.2000000000000002,4.015736782417564,0.9717033308947867,16.076866359476185,18.356631560794824,0.0,0.0528401418273294,-4.818884138901078
265.0,-1.2000000000000002,4.015631715624012,0.9716075857431612,16.05609037004149,18.333077591353174,0.0,0.05282895585701831,-4.8187580587488155
266.0,-1.2000000000000002,4.015517699751741,0.9715149989259024,16.035345231683095,18.309559430368438,0.0,0.05280324099100309,-4.8186212397020896
267.0,-1.2000000000000002,4.015394646255249,0.9714256201934076,16.014631878434272,18.28609395520124,0.0,0.05276283127420634,-4.8184735755062995
268.0,-1.2000000000000002,4.015262500790501,0.97133948732914,15.993949907077138,18.26267018025021,0.0,0.052707616153630364,-4.818315000948602
269.0,-1.2000000000000002,4.015121243214933,0.9712566261496293,15.973298709505457,18.239275302820772,0.0,0.05263754047836145,-4.818145491857921
270.0,-1.2000000000000002,4.014970887587446,0.9711770505044711,15.95267761148017,18.21589755891449,0.0,0.052552604499566696,-4.817965065104936
271.0,-1.1930844670559222,4.01480368836278,0.9711007622763275,15.932085872629273,18.19252622322915,0.0,0.05214128227863588,-4.789999918864458
272.0,-1.1792982510526173,4.014619778548592,0.9710277513809263,15.911522686448052,18.169151609158803,0.0,0.05140800139866325,-4.734434083483601
273.0,-1.1587307608910729,4.014419375572017,0.9709579957670622,15.890987180298964,18.14576506879348,0.0,0.050360037690768085,-4.6516312175924295
274.0,-1.1315153846373822,4.014202780626179,0.9708914614165955,15.870478415411696,18.122358992919658,0.0,0.04900742401458109,-4.54213220333268
275.0,-1.09782862444995,4.013970377695246,0.9708281023444529,15.849995386882938,18.098926811019794,0.0,0.047362824803999455,-4.4066515783280185
276.0,-1.0578889518952654,4.0137226322643835,0.9707678605986274,15.829537023676778,18.075462991272673,0.0,0.045441378376384366,-4.246072828644475
277.0,-1.011955391075959,4.013460089722926,0.970710666260178,15.809102188624308,18.051963040553176,0.0,0.04326050953851437,-4.061442574663317
278.0,-0.9603258387601021,4.013183373471174,0.97065643744323,15.78868967842402,18.02842350443251,0.0,0.040839715510929644,-3.853963689226801
279.0,-0.9033351324063528,4.012893182743051,0.9706050802949749,15.768298223641352,18.00484196717781,0.0,0.03820032862414365,-3.6249873945657445
280.0,-0.8413528786145485,4.012590290158772,0.9705564889956703,15.747926488709084,17.981217051752765,0.0,0.03536525960768487,-3.3760043913258695
281.0,-0.7816965890291556,4.012283332829005,0.9705105457586402,15.727573071927168,17.957548419816874,0.0,0.03265364516714365,-3.136388195490966
282.0,-0.7247531575801375,4.0119731712597195,0.9704671208302743,15.70723650546256,17.933836771726135,0.0,0.03008164110741883,-2.9076902239972795
283.0,-0.6708918842714338,4.011660680329999,0.9704260724900292,15.686915255349732,17.910083846532586,0.0,0.02766396375094881,-2.691390592884215
284.0,-0.6204620801287232,4.011346746592815,0.9703872470504272,15.666607721489981,17.88629242198442,0.0,0.02541381628709953,-2.488888546508564
285.0,-0.5737908017833794,4.011032265721904,0.9703504788570569,15.646312237652069,17.862466314526102,0.0,0.023342835103159723,-2.301493419727576
286.0,-0.5311807303847156,4.010718140121305,0.9703155902885732,15.626027073241744,17.838610383112496,0.0,0.021461055929553597,-2.1304161910368626
287.0,-0.49290820859658185,4.010405276713047,0.970282391756697,15.605751267150936,17.81473201067655,0.0,0.019776899347559784,-1.976761680690907
288.0,-0.4592214484091497,4.0100945849173595,0.9702506817062154,15.585484765110664,17.790840015909225,0.0,0.018297174942894272,-1.8415214435434377
289.0,-0.4303389213889083,4.009786974838482,0.9702202466149821,15.565227396187993,17.766942383520302,0.0,0.01702710314658789,-1.7255674017512859
290.0,-0.4064479418067215,4.009483355667848,0.9701908609939164,15.544979094448593,17.743046869552302,0.0,0.015970353588670022,-1.629646257619504
291.0,-0.3877034518329033,4.0091846343150035,0.9701622873870042,15.524739898956454,17.71916100138054,0.0,0.015129098602605397,-1.5543747217593629
292.0,-0.3742270166777866,4.008891714275126,0.9701342763712975,15.504509953774061,17.69529207771302,0.0,0.014504080360823377,-1.5002355864174781
293.0,-0.36610603619468607,4.008605494740504,0.9701065665569143,15.484289507962217,17.671447168590646,0.0,0.014094689995036767,-1.4675746683476845
294.0,-0.3633931780583113,4.008326869961727,0.9700788845870392,15.464078915580274,17.64763311538684,0.0,0.013899056959634629,-1.4565986399719153
295.0,-0.366106036194686,4.008056728862739,0.9700509451379224,15.443878635685962,17.623856530807984,0.0,0.013914146831964002,-1.4673737618473768
296.0,-0.3742270166777865,4.0077959549122415,0.9700224509188811,15.423689232335335,17.600123798893094,0.0,0.014135865708900734,-1.4998255236601088
297.0,-0.3877034518329032,4.007545426252288,0.9699930926722977,15.403511374583047,17.576441075013975,0.0,0.014559169353341775,-1.5537391951351756
298.0,-0.4064479418067214,4.007306016083236,0.9699625491736217,15.383345836482079,17.552814285875172,0.0,0.015178175265338928,-1.6287612824267237
299.0,-0.43033892138890817,4.007078593302551,0.9699304872313682,15.363193497083785,17.52924912951397,0.0,0.01598627589831236,-1.7244018797624032
300.0,-0.4592214484091496,4.006864023393334,0.9698965616871189,15.34305534043807,17.505751075300452,0.0,0.016976251308736503,-1.8400379004011993
301.0,-0.4929082085965818,4.006663169556794,0.9698604154155213,15.322932455593218,17.482325363937434,0.0,0.018140379615193877,-1.974917165356142
302.0,-0.5311807303847155,4.006476894081338,0.9698216793242894,15.302826036595889,17.458977007460476,0.0,0.019470543747056073,-2.1281633228676116
303.0,-0.5737908017833793,4.006306059939379,0.9697799723542032,15.282737382491177,17.435710789237817,0.0,0.02095833308150645,-2.2987815663222273
304.0,-0.6204620801287231,4.006151532601534,0.969734901479109,15.262667897322672,17.41253126397055,0.0,0.022595138697498275,-2.4856651132288192
305.0,-0.6708918842714338,4.006014182056409,0.9696860617059194,15.242619090132337,17.389442757692564,0.0,0.024372241113977077,-2.6876024030179106
306.0,-0.7247531575801374,4.005894885022912,0.9696330360746128,15.222592574960515,17.366449367770258,0.0,0.02628088952497198,-2.903284966854477
307.0,-0.7816965890291556,4.005794527340716,0.9695753956582343,15.202590208559513,17.343557731010094,0.0,0.028312371693791423,-3.1313159183738963
308.0,-0.8413528786145484,4.005714006523381,0.9695126995628947,15.182614361717526,17.320781794126788,0.0,0.030458073820811973,-3.3702190102950627
309.0,-0.9033351324063525,4.005654234457583,0.9694444949277714,15.162666399280909,17.298114544277894,0.0,0.03270952985255945,-3.6184481982578074
310.0,-0.960325838760102,4.005608346425299,0.9693703169251077,15.142747443190217,17.275546568274535,0.0,0.03480031607478142,-3.8466891950253403
311.0,-1.0119553910759589,4.005577342198959,0.9692896887602134,15.12285851332308,17.253069050845454,0.0,0.03672148652683144,-4.053465585809947
312.0,-1.0578889518952652,4.005562294937282,0.969202121671464,15.10300052749426,17.230673774636955,0.0,0.038465025586903484,-4.237440097942394
313.0,-1.0978286244499498,4.005564353632615,0.9691071149303018,15.083174301455472,17.208353120212905,0.0,0.040023800215801306,-4.397423204494246
314.0,-1.1315153846373822,4.005582179139528,0.9690049292433618,15.063380548895623,17.186100066054678,0.0,0.04138772098523473,-4.532377860125706
315.0,-1.1587307608910726,4.005597275032259,0.9689010295975503,15.043619881440634,17.16390818856138,0.0,0.04252106839440238,-4.6414087783213365
316.0,-1.179298251052617,4.005605517401184,0.9687965991882715,15.023892808653613,17.14177166204945,0.0,0.043408692871623446,-4.72380358107793
317.0,-1.1930844670559222,4.005606692443286,0.9686916604334214,15.004199738034515,17.11968525875318,0.0,0.0440427512918384,-4.779027125889333
318.0,-1.2,4.0056006372657045,0.96858623531463,14.98454097502065,17.097644348824247,0.0,0.04441728234128597,-4.806720764718845
319.0,-1.2,4.005587240539219,0.9684803453772619,14.964916722986231,17.075644900331895,0.0,0.0445282741943453,-4.806704688647063
320.0,-1.2,4.005574236631694,0.9683740117304159,14.945327083242603,17.053683479262986,0.0,0.04464026988153034,-4.806689083958033
321.0,-1.2,4.005561567450998,0.968267255046925,14.925772055038237,17.03175724952206,0.0,0.04475317488488493,-4.806673880941198
322.0,-1.2,4.005549176250633,0.9681600955633568,14.906251535558567,17.009863972931043,0.0,0.04486689682472811,-4.806659011500759
323.0,-1.2,4.0055370076297345,0.9680525530800128,14.886765319926155,16.988002009229547,0.0,0.04498134545966259,-4.806644409155681
324.0,-1.2,4.005525007533071,0.9679446469609291,14.86731310120075,16.96617031607468,0.0,0.04509643268656625,-4.806630009039685
325.0,-1.2,4.005513123251044,0.967836396133876,14.847894470379003,16.944368449041235,0.0,0.045212072540597954,-4.806615747901252
326.0,-1.2,4.005501303419689,0.967727819090358,14.828508916452222,16.922596561594105,0.0,0.045328181195193905,-4.806601564103627
327.0,-1.2,4.005489498020674,0.9676189338856143,14.809156172466714,16.900855081556642,0.0,0.045444676962068616,-4.806587397624809
328.0,-1.2,4.005477658381303,0.9675097581386177,14.789836226121906,16.87914406133183,0.0,0.045561480291219245,-4.806573190057564
329.0,-1.2,4.005465737174508,0.9674003090320761,14.77054889657444,16.85746352651256,0.0,0.045678513770915426,-4.80655888460941
330.0,-1.2,4.005453688418861,0.9672906033124312,14.751294005865134,16.835813499543917,0.0,0.04579570212771209,-4.806544426102633
331.0,-1.2,4.005441467478561,0.967180657289859,14.732071378918647,16.81419399972333,0.0,0.04591297222643931,-4.806529760974273
332.0,-1.2,4.005429031063445,0.9670704868382701,14.712880843543644,16.792605043200183,0.0,0.04603025307020605,-4.806514837276134
333.0,-1.2,4.005416337228979,0.9669601073953092,14.69372223043257,16.77104664297633,0.0,0.046147475800400704,-4.806499604674775
334.0,-1.2,4.005403345376267,0.9668495339623553,14.674595373161992,16.74951880890569,0.0,0.046264573696691076,-4.806484014451521
335.0,-1.2,4.005390016252043,0.9667387811045218,14.65550010819237,16.728021547694254,0.0,0.04638148217702174,-4.806468019502451
336.0,-1.2,4.005376311948677,0.9666278629506563,14.63643627486806,16.70655486290042,0.0,0.04649813879762092,-4.8064515743384115
337.0,-1.2,4.0053621959041665,0.9665167931933406,14.617403715417424,16.685118754934706,0.0,0.04661448325298778,-4.806434635085
338.0,-1.2,4.005347632902151,0.9664055850888913,14.598402274952718,16.663713221059822,0.0,0.046730457375907794,-4.806417159482581
339.0,-1.2,4.0053325890718945,0.9662942514573586,14.579431801470207,16.642338255390655,0.0,0.046846005137440014,-4.806399106886273
340.0,-1.2,4.005317031888303,0.9661828046825276,14.560492145849935,16.62099384889433,0.0,0.046961072646927705,-4.806380438265964
341.0,-1.2,4.0053009301719085,0.9660712567119173,14.541583161856124,16.599679989390154,0.0,0.04707560815198608,-4.80636111620629
342.0,-1.2,4.00528425408888,0.9659596190567813,14.522704706136722,16.57839666154962,0.0,0.04718956203851512,-4.8063411049066564
343.0,-1.2,4.005266975151019,0.9658479027921073,14.503856638223795,16.557143846896395,0.0,0.04730288683069101,-4.806320370181223
344.0,-1.2,4.005249066215761,0.9657361185566173,14.485038820533248,16.53592152380645,0.0,0.047415537190968846,-4.806298879458913
345.0,-1.2,4.005230501486172,0.9656242765527678,14.466251118364937,16.51472966750788,0.0,0.04752746992008152,-4.806276601783406
346.0,-1.2,4.005211256510955,0.9655123865467495,14.44749338186557,16.493568261809457,0.0,0.04763864395704296,-4.806253507813145
347.0,-1.2,4.005191308184444,0.9654004578684873,14.428765395886387,16.472437333151163,0.0,0.0477490203791449,-4.806229569821332
348.0,-1.2,4.005170634746608,0.9652884994116404,14.410067056646255,16.451336837116173,0.0,0.04785856240195745,-4.80620476169593
349.0,-1.2,4.005149215783048,0.9651765196336025,14.391398277592145,16.4302667181596,0.0,0.04796723537933118,-4.806179058939657
350.0,-1.2,4.005127032224998,0.9650645265555016,14.372758971627206,16.4092269210401,0.0,0.04807500680339185,-4.806152438669997
351.0,-1.2,4.005104066349326,0.9649525277621996,14.354149051110767,16.388217390819648,0.0,0.048181846304548866,-4.806124879619191
352.0,-1.2,4.005080301778533,0.9648405304022932,14.335568427858107,16.367238072863813,0.0,0.04828772565148469,-4.80609636213424
353.0,-1.2,4.005055723480756,0.9647285411881132,14.317017013140799,16.346288912841487,0.0,0.04839261875116758,-4.806066868176907
354.0,-1.2,4.0050303177697595,0.9646165663957247,14.29849471768648,16.325369856725274,0.0,0.04849650164883829,-4.806036381323711
355.0,-1.2,4.0050040723049465,0.964504611864927,14.2800014516788,16.304480850791094,0.0,0.04859935252802021,-4.806004886765936
356.0,-1.2,4.004976976091351,0.9643926829992538,14.261537124757695,16.2836218416183,0.0,0.04870115171051346,-4.805972371309621
357.0,-1.2,4.004949019479641,0.9642807847659735,14.243101646019056,16.26279277608984,0.0,0.04880188165639758,-4.805938823375569
358.0,-1.2,4.004920194166117,0.9641689216960878,14.224694924015012,16.241993601392096,0.0,0.04890152696403209,-4.805904232999341
359.0,-1.2,4.004890493192716,0.9640570978843338,14.20631686675381,16.221224265014882,0.0,0.049000074370054846,-4.805868591831259
360.0,-1.2,4.004859910947002,0.9639453169891822,14.18796738169965,16.200484714751553,0.0,0.049097512749380456,-4.805831893136403
361.0,-1.2,4.004828443162177,0.9638335822328382,14.169646375773084,16.179774898698838,0.0,0.049193833115203485,-4.805794131794612
362.0,-1.2,4.004796086917078,0.9637218964012415,14.151353755350556,16.159094765257066,0.0,0.049289028619000065,-4.805755304300493
363.0,-1.2,4.004762840636169,0.9636102618440658,14.133089426264803,16.13844426312994,0.0,0.04938309455052039,-4.805715408763403
364.0,-1.2,4.004728704089554,0.9634986804747194,14.114853293804629,16.11782334132465,0.0,0.04947602833779783,-4.805674444907464
365.0,-1.2,4.0046936783929645,0.9633871537703446,14.096645262714901,16.09723194915199,0.0,0.04956782954714036,-4.805632414071558
366.0,-1.2,4.00465776600777,0.9632756827718181,14.078465237196667,16.076670036226062,0.0,0.049658499883139126,-4.805589319209324
367.0,-1.2,4.004620970740971,0.963164268083751,14.06031312090704,16.056137552464463,0.0,0.04974804318866095,-4.805545164889165
368.0,-1.2,4.004583297745201,0.9630529098744887,14.042188816959253,16.035634448088388,0.0,0.04983646544485154,-4.805499957294241
369.0,-1.2,4.004544753518729,0.9629416078761107,14.024092227922722,16.015160673622404,0.0,0.04992377477113869,-4.805453704222475
370.0,-1.2,4.004505345905454,0.9628303613844312,14.006023255822925,15.99471617989451,0.0,0.05000998142522377,-4.805406415086544
371.0,-1.2,4.00446508409491,0.9627191692589983,13.987981802141462,15.974300918036306,0.0,0.05009509780309127,-4.805358100913892
372.0,-1.2,4.004423978622267,0.9626080299230946,13.969967767816058,15.953914839482763,0.0,0.05017913843900352,-4.80530877434672
373.0,-1.2,4.004382041368323,0.9624969413637369,13.951981053240559,15.933557895972456,0.0,0.05026212000549961,-4.805258449641987
374.0,-1.2,4.004339285559514,0.9623859011316764,13.934021558264874,15.913230039547216,0.0,0.05034406131340123,-4.805207142671416
375.0,-1.2,4.004295725767904,0.9622749063413987,13.916089182195151,15.892931222552534,0.0,0.05042498331180365,-4.805154870921485
376.0,-1.2,4.004251377911198,0.9621639536711233,13.898183823793545,15.87266139763733,0.0,0.050504909088086865,-4.805101653493438
377.0,-1.2,4.004206259252728,0.9620530393628046,13.88030538127839,15.852420517754013,0.0,0.050583863867904456,-4.805047511103273
378.0,-1.2,4.004160388401461,0.9619421592221308,13.862453752324086,15.832208536158362,0.0,0.05066187501519259,-4.804992466081753
379.0,-1.2,4.004113785311997,0.9618313086185246,13.844628834061155,15.81202540640976,0.0,0.05073897203216369,-4.804936542374397
380.0,-1.2,4.004066471284571,0.961720482485143,13.826830524348338,15.791871085666855,0.0,0.05081518655931063,-4.804879765541485
381.0,-1.2,4.00401846896505,0.9616096753188773,13.809058806073836,15.771745708776848,0.0,0.05089055237540414,-4.80482216275806
382.0,-1.2,4.003969802344935,0.9614988811803531,13.791313660477726,15.75164927529471,0.0,0.05096510539749488,-4.804763762813922
383.0,-1.2,4.003920496761358,0.9613880936939303,13.77359502880904,15.731581661605958,0.0,0.05103888368091027,-4.80470459611363
384.0,-1.2,4.003870578897088,0.961277306047703,13.755902851877636,15.711542748500278,0.0,0.05111192741925823,-4.804644694676505
385.0,-1.2,4.003820076780525,0.9611665109934999,13.738237070054254,15.691532421171473,0.0,0.05118427894442714,-4.80458409213663
386.0,-1.2,4.003769019785701,0.9610557008468836,13.720597623270521,15.67155056921763,0.0,0.051255982726577894,-4.8045228237428415
387.0,-1.2,4.003717438632286,0.9609448674871515,13.702984451018892,15.651597086640834,0.0,0.05132708537415826,-4.804460926358743
388.0,-1.2,4.0036653653855785,0.9608340023573347,13.685397492352706,15.631671871847459,0.0,0.051397635633889036,-4.804398438462694
389.0,-1.2,4.003612833456511,0.9607230964641991,13.66783668588613,15.611774827648048,0.0,0.05146768439077149,-4.804335400147814
390.0,-1.2,4.003559877601654,0.9606121403782446,13.650301969794157,15.59190586125726,0.0,0.0515372846680874,-4.804271853121985
391.0,-1.2,4.003506533923204,0.9605011242337056,13.632793281812724,15.57206488429398,0.0,0.051606491627394745,-4.804207840707845
392.0,-1.2,4.003452803560005,0.9603900505531275,13.615310559238537,15.55225181278115,0.0,0.05167530360825001,-4.804143364272006
393.0,-1.2,4.003397266275915,0.9602794242027521,13.597853738929302,15.532466567146002,0.0,0.05174141048779166,-4.804076719531097
394.0,-1.2,4.003339354578703,0.9601694495622175,13.580422757303324,15.51270907221982,0.0,0.05180388601977892,-4.804007225494443
395.0,-1.2,4.003279310483368,0.9600600450497916,13.563017550340078,15.492979257238233,0.0,0.05186311852028815,-4.803935172580041
396.0,-1.2,4.003217367678709,0.9599511318438863,13.545638053579694,15.47327705584081,0.0,0.05191948300178417,-4.80386084121445
397.0,-1.2,4.003153751527324,0.9598426338830575,13.528284202123189,15.453602406071525,0.0,0.051973341173116513,-4.803784501832789
398.0,-1.2,4.00308867906561,0.9597344778660049,13.510955930632463,15.433955250378233,0.0,0.05202504143952264,-4.803706414878731
399.0,-1.2,4.003022359003765,0.959626593251572,13.493653173330244,15.414335535613304,0.0,0.05207491890262848,-4.803626830804518
400.0,-1.2,4.0029549917257885,0.9595189122587463,13.476375864000204,15.394743213032939,0.0,0.052123295360447304,-4.803545990070946
401.0,-1.2,4.002886769289475,0.9594113698666592,13.459123935986725,15.375178238297735,0.0,0.05217047930737557,-4.80346412314737
402.0,-1.2,4.002817875426423,0.9593039038145857,13.441897322195246,15.35564057147235,0.0,0.05221676593420135,-4.803381450511708
403.0,-1.2,4.002748485542031,0.959196454601945,13.424695955091863,15.336130177025666,0.0,0.0522624371281001,-4.803298182650437
404.0,-1.2,4.002678766715496,0.9590889654883,13.407519766703615,15.316647023830683,0.0,0.0523077614726315,-4.803214520058595
405.0,-1.2,4.002608877699813,0.9589813824933575,13.390368688618423,15.297191085164627,0.0,0.05235299424774311,-4.8031306532397755
406.0,-1.2,4.002538968921781,0.9588736543969684,13.373242651985038,15.277762338708783,0.0,0.05239837742977258,-4.8030467627061375
407.0,-1.2,4.002469182481997,0.9587657327391269,13.356141587513093,15.25836076654872,0.0,0.05244413969144119,-4.802963018978397
408.0,-1.2,4.002399652154857,0.9586575718199716,13.339065425472995,15.238986355174177,0.0,0.05249049640185923,-4.802879582585828
409.0,-1.2,4.002330503388557,0.9585491286997849,13.322014095696147,15.219639095478954,0.0,0.0525376496265233,-4.802796604066269
410.0,-1.2,4.002261853305096,0.958440363198993,13.304987527574667,15.200318982761075,0.0,0.052585788127320045,-4.802714223966115
411.0,-1.2,4.002193810700267,0.9583312378981658,13.287985650061671,15.18102601672274,0.0,0.052635087362518186,-4.80263257284032
412.0,-1.2,4.002126476043669,0.9582217181380173,13.271008391670932,15.161760201470372,0.0,0.05268570948677862,-4.802551771252403
413.0,-1.2,4.002059941478697,0.9581117720194054,13.254055680477336,15.142521545514398,0.0,0.05273780335114644,-4.802471929774436
414.0,-1.2,4.001994290822547,0.9580013704033318,13.237127444116481,15.123310061769587,0.0,0.052791504503055184,-4.802393148987057
415.0,-1.2,4.001929599566217,0.9578904869109419,13.220223609784739,15.104125767554763,0.0,0.05284693518632633,-4.80231551947946
416.0,-1.2,4.001865934874499,0.9577790979235253,13.203344104239534,15.08496868459298,0.0,0.05290420434116498,-4.802239121849399
417.0,-1.2,4.001803355585992,0.9576671825825153,13.186488853799005,15.065838839011462,0.0,0.05296340760416953,-4.802164026703191
418.0,-1.2,4.001741912213092,0.9575547227894889,13.169657744624374,15.046735671807767,0.0,0.05302462730831987,-4.80209029465571
419.0,-1.2,4.001681646941992,0.9574417032061675,13.152849840490717,15.027646861378628,0.0,0.053087932482985954,-4.80201797633039
420.0,-1.2,4.001622593632688,0.9573281112544157,13.136065046557519,15.00857340423795,0.0,0.05315337885392352,-4.801947112359225
421.0,-1.2,4.0015647778189765,0.9572139371162427,13.119303727173701,14.989522637819505,0.0,0.053221008843277316,-4.801877733382772
422.0,-1.2,4.001508216708452,0.9570991737338008,13.102566243790307,14.970501182439534,0.0,0.05329085156957838,-4.801809860050143
423.0,-1.2,4.001452919182511,0.9569838168093867,13.085852954960615,14.95151494129658,0.0,0.053362922847745686,-4.801743503019013
424.0,-1.2032273308655839,4.001402522998231,0.956867864805441,13.069164216340425,14.932569100471596,0.0,0.05358531790831876,-4.814596877465974
425.0,-1.2096218735290702,4.001356952630421,0.9567513189445478,13.052500380687718,14.913668128927782,0.0,0.05395595018905429,-4.840128893699381
426.0,-1.2190645097595776,4.001316057735627,0.9566341832094353,13.035861797862708,14.894815778510917,0.0,0.05447008746440754,-4.877862398316608
427.0,-1.2313793411102856,4.001279615652895,0.9565164643429757,13.019248814828131,14.876015083948914,0.0,0.05512041976602525,-4.927093056720679
428.0,-1.2463369655736862,4.001247335096558,0.9563981718481849,13.00266177564879,14.85726836285221,0.0,0.055897170031492444,-4.986902462134043
429.0,-1.2636587509069386,4.001218860972271,0.9562793179882226,12.986101021491947,14.838577215713599,0.0,0.0567882467535477,-5.0561752279615035
430.0,-1.2830220250233608,4.001193780226587,0.9561599177863926,12.969566890627107,14.819942525908118,0.0,0.05777943738263836,-5.1336197464171915
431.0,-1.3040660867628857,4.001171628621094,0.9560399890261425,12.953059718426118,14.801364459693332,0.0,0.0588546406357781,-5.217792228202592
432.0,-1.3263989250721995,4.001151898304929,0.9559195522510637,12.936579837363126,14.782842466209047,0.0,0.05999613518433741,-5.3071235769622485
433.0,-1.3496045214289525,4.001134046044609,0.9557986307648915,12.920127577014625,14.76437527747754,0.0,0.06118488144236283,-5.399948599385123
434.0,-1.3700232686141092,4.001113864755995,0.955677250631505,12.903703264059232,14.745960908403333,0.0,0.062249218597588085,-5.481619095090239
435.0,-1.3872748040013634,4.001090834737399,0.9555554406749273,12.887307222278139,14.727596656773358,0.0,0.0631701048731365,-5.550612503551976
436.0,-1.4010377641276093,4.001064494452993,0.9554332324793254,12.870939772554607,14.709279103257018,0.0,0.06393112124990383,-5.605642453438784
437.0,-1.411055771086215,4.001034447279467,0.9553106603890101,12.854601232874359,14.69100411140596,0.0,0.0645188133676924,-5.645682747148437
438.0,-1.417142208362339,4.001000366888406,0.9551877615084362,12.838291918325353,14.672766827654243,0.0,0.06492297675899913,-5.669986495590765
439.0,-1.419183697145509,4.0009620011640825,0.955064575702202,12.8220121410979,14.654561681318285,0.0,0.06513687795644817,-5.678100044950737
440.0,-1.417142208362339,4.000919174583722,0.9549411455950503,12.805762210484545,14.636382384596857,0.0,0.06515740553715016,-5.669871434548803
441.0,-1.411055771086215,4.0008717890158865,0.954817516571867,12.789542362211876,14.618221048639725,0.0,0.06498514691530632,-5.645453227266897
442.0,-1.4010377641276093,4.000819822922086,0.9546937367776825,12.773351462312974,14.600058927227735,0.0,0.06462438859970854,-5.605299659384177
443.0,-1.3872748040013634,4.000763328976527,0.9545698571176708,12.757188362546685,14.581892103502128,0.0,0.06408303961913345,-5.550158163061753
444.0,-1.3700232686141092,4.000702430148301,0.95444593125715,12.741052242890703,14.563722144038309,0.0,0.06337247980549614,-5.481055420104186
445.0,-1.3496045214289525,4.000637314319027,0.9543220156215818,12.724942333409274,14.545550624528289,0.0,0.0625073365334011,-5.3992782080023405
446.0,-1.3263989250721995,4.000568227536175,0.9541981693965719,12.708857914252633,14.527379129780456,0.0,0.06150519527190119,-5.306349396681977
447.0,-1.3040660867628857,4.000499103229673,0.9540744545278697,12.692798315657512,14.509209253720087,0.0,0.06054080996189898,-5.216915210647153
448.0,-1.2830220250233608,4.00043021097879,0.9539509357213689,12.67676291794686,14.491042599388663,0.0,0.05963393386239051,-5.132640070254637
449.0,-1.2636587509069386,4.000361784980172,0.9538276804431066,12.660751151529894,14.472880778944614,0.0,0.05880322841387776,-5.055092176383896
450.0,-1.2463369655736862,4.000294015818022,0.9537047589192642,12.64476249690216,14.454725413662572,0.0,0.058065913071526865,-4.985714305077209
451.0,-1.2313793411102856,4.000227042891572,0.9535822441361665,12.628796484645477,14.436578133934006,0.0,0.057437441557649266,-4.92579694036737
452.0,-1.2190645097595776,4.000160947640952,0.9534602118402827,12.612852695427932,14.418440579266814,0.0,0.05693120959425062,-4.876454244595324
453.0,-1.2096218735290702,4.000095747697615,0.9533387405382254,12.596930760004,14.400314398285502,0.0,0.05655829860074961,-4.838603312625656
454.0,-1.2032273308655839,4.000031392068304,0.9532179114967515,12.581030359214253,14.382201248731121,0.0,0.05632725927663383,-4.812947095256892
455.0,-1.2,3.999967757442255,0.9530978087427614,12.565151223985708,14.364102797461385,0.0,0.05624393843938922,-4.799961308930706
456.0,-1.2,3.9999046456904503,0.9529785190632996,12.549293135331652,14.346020720450383,0.0,0.05631135195257748,-4.79988557482854
457.0,-1.2,3.9998381454015948,0.9528601320055542,12.533455924351642,14.327956702788981,0.0,0.05637361607524535,-4.799805774481913
458.0,-1.2,3.99976797404008,0.9527427398768578,12.517639472231394,14.309912438684535,0.0,0.05643028099586349,-4.799721568848096
459.0,-1.2,3.9996938407440976,0.952626437744686,12.501843710243179,14.291889631460833,0.0,0.05648088359929044,-4.799632608892917
460.0,-1.2,3.9996154463256373,0.9525113234366591,12.48606861974531,14.273889993558441,0.0,0.056524947466770566,-4.799538535590765
461.0,-1.2,3.9995324832704906,0.9523974975405408,12.470314232182545,14.255915246534414,0.0,0.056561982875936674,-4.799438979924589
462.0,-1.2,3.9994446357382487,0.9522850634042388,12.454580629085854,14.237967121062297,0.0,0.05659148680080843,-4.799333562885899
463.0,-1.2,3.9993542397950974,0.9521732540866732,12.438867942072534,14.220047356932241,0.0,0.05661718285010586,-4.799225087754117
464.0,-1.2,3.9992713402586304,0.9520587703236896,12.423175954853548,14.202154034133514,0.0,0.05665508392192553,-4.799125608310356
465.0,-1.2,3.999196322424319,0.9519414801128966,12.407503909252682,14.184281390132753,0.0,0.05670581077370382,-4.7990355869091825
466.0,-1.2027264207969453,3.9991315692714036,0.9518216044814175,12.391852262641748,14.166435930582452,0.0,0.056900944619886096,-4.809861198605866
467.0,-1.2081615805057537,3.9990763921010872,0.951699357969937,12.376221546366196,14.148624215541076,0.0,0.05723911243556243,-4.8315304544440965
468.0,-1.2162702300300712,3.9990301033420157,0.9515749486327009,12.360612293338079,14.130852143233312,0.0,0.05771829193440731,-4.863901263688973
469.0,-1.2269997816661877,3.9989920168079096,0.9514485780375161,12.345025038036226,14.113124950050064,0.0,0.058335788990929276,-4.906762331508133
470.0,-1.2402806501544756,3.9989614480819333,0.9513204412657513,12.3294603165063,14.095447210548173,0.0,0.05908821890798457,-4.959834504769744
471.0,-1.2560267039664992,3.998937715025294,0.9511907269123364,12.313918666360507,14.077822837450924,0.0,0.059971492103842026,-5.022772557570543
472.0,-1.2741358239010296,3.998920138406778,0.9510596170857623,12.298400626777948,14.060255081647426,0.0,0.06098080476568175,-5.095167405263339
473.0,-1.2944905653662502,3.9989080426491443,0.9509272874080813,12.28290673850438,14.042746532193178,0.0,0.06211063497869978,-5.176548732976536
474.0,-1.3169589200530019,3.9989007566875308,0.9507939070149074,12.267437543852338,14.025299116309668,0.0,0.06335474479200635,-5.266388021926343
475.0,-1.341395172059324,3.9988976149343047,0.9506596385554155,12.251993586701019,14.00791409938472,0.0,0.06470618862455006,-5.364101954232422
476.0,-1.3649144221170484,3.9988948856678683,0.9505246381923419,12.236575412496393,13.990592084972093,0.0,0.06602124838071269,-5.458149301978179
477.0,-1.3873641388644722,3.9988919374709404,0.9503890556019843,12.221183568251206,13.97333301479182,0.0,0.06729115893656584,-5.547919269241452
478.0,-1.4085987272738225,3.998888167669178,0.9502530339742017,12.205818602544923,13.95613616873004,0.0,0.06850738742353221,-5.632828783489153
479.0,-1.428480472890883,3.9988830033953304,0.9501167100124144,12.19048106552367,13.939000164839115,0.0,0.06966169783275934,-5.712326283725476
480.0,-1.4468804349660735,3.9988759025958,0.9499802139336039,12.175171508900405,13.921922959337394,0.0,0.07074621527951946,-5.7858953053231605
481.0,-1.4636792826846894,3.998866354973073,0.9498436694683131,12.159890485954747,13.904901846609562,0.0,0.07175348915488029,-5.853057837998926
482.0,-1.4787680690730274,3.9988538828579134,0.9497071938606463,12.144638551533092,13.887933459206295,0.0,0.0726765543898174,-5.913377434858974
483.0,-1.492048937561315,3.998838042005656,0.949570897868269,12.12941626204855,13.871013767844488,0.0,0.07350899006686427,-5.966462052054308
484.0,-1.5034357566211174,3.9988184223114462,0.949434885762408,12.114224175480956,13.854138081407257,0.0,0.07424497463622594,-6.011966600338272
485.0,-1.5128546783613495,3.9987946484397767,0.9492992553278515,12.09906282970826,13.837301363362144,0.0,0.07487933702670593,-6.049595191698444
486.0,-1.5202446174601882,3.9987663803642413,0.949164097862949,12.083932237477427,13.820502816249927,0.0,0.07540760298632522,-6.079103066229497
487.0,-1.5255576473268246,3.998733313814012,0.9490294981796111,12.06883211276778,13.803739266603259,0.0,0.0758260360423789,-6.100298186509502
488.0,-1.528759310923796,3.9986951806241366,0.9488955346033101,12.053762177550823,13.787006238552067,0.0,0.07613167253504333,-6.1130424889252595
489.0,-1.5298288442340968,3.998651748987384,0.9487622789730793,12.038722113827475,13.770299442735507,0.0,0.07632235025143057,-6.117252783648019
490.0,-1.528759310923796,3.9986028236060056,0.9486297966415135,12.023711563628467,13.753614776301674,0.0,0.07639673026700902,-6.112901297273862
491.0,-1.5255576473268246,3.9985482457424437,0.9484981464747685,12.00873012901377,13.736948322907779,0.0,0.07635431168726442,-6.100015854497644
492.0,-1.5202446174601882,3.9984878931686225,0.9483673808525619,11.993777372073168,13.72029635272014,0.0,0.07619543907283385,-6.078679697569327
493.0,-1.5128546783613495,3.9984216800141876,0.9482375456681722,11.978852814925915,13.703655322414136,0.0,0.07592130242487989,-6.0490309446709105
494.0,-1.5034357566211174,3.9983495565146616,0.9481086803284393,11.96395593972079,13.687021875174082,0.0,0.07553392970233701,-6.0112616907343295
495.0,-1.492048937561315,3.9982715086611433,0.9479808177537647,11.949086188636102,13.67039284069358,0.0,0.0750361719375744,-5.965616756579535
496.0,-1.4787680690730274,3.998187557753833,0.9478539843781109,11.934242963879854,13.653765235175115,0.0,0.0744316811103583,-5.912392094571439
497.0,-1.4636792826846894,3.9980977598622807,0.9477282001490016,11.919425627689463,13.637136261330284,0.0,0.07372488103027153,-5.851932861258486
498.0,-1.4468804349660735,3.9980022051958426,0.9476034785275221,11.904633502332047,13.620503308379739,0.0,0.07292093156359142,-5.7846311696490815
499.0,-1.428480472890883,3.99790101738845,0.9474798264883192,11.889865870104074,13.60386395205336,0.0,0.07202568662073662,-5.710923535889996
500.0,-1.4085987272738225,3.9977943527023103,0.9473572445196003,11.875121973331716,13.587215954589794,0.0,0.0710456463935336,-5.631288037118949
501.0,-1.3873641388644722,3.997682399155714,0.9472357266231348,11.860401014370723,13.570557264737033,0.0,0.06998790439673572,-5.546241199158325
502.0,-1.3649144221170484,3.997565375580605,0.9471152603142532,11.845702155606261,13.55388601775195,0.0,0.06886008992450725,-5.4563346344857235
503.0,-1.341395172059324,3.9974435306160205,0.9469958266218471,11.831024519453251,13.537200535400586,0.0,0.06767030657925838,-5.362151452548108
504.0,-1.3169589200530019,3.9973171416439346,0.9468774000883697,11.816367188356026,13.520499325957985,0.0,0.0664270675667657,-5.264302465968749
505.0,-1.2944905653662502,3.997189586350639,0.9467599487698354,11.801729204788444,13.503781084208299,0.0,0.06528069006318603,-5.174324207511126
506.0,-1.2741358239010296,3.9970611762884607,0.9466434342358198,11.787109571254064,13.487044691444737,0.0,0.064239051309468,-5.092798835033117
507.0,-1.2560267039664992,3.996932228486954,0.9465278115694599,11.772507446775762,13.470298483766896,0.0,0.06330929364622959,-5.020253612923943
508.0,-1.2402806501544756,3.996803064488054,0.9464130293674542,11.75792238551901,13.453555346180167,0.0,0.06249778552068067,-4.9571575033626445
509.0,-1.2269997816661877,3.996674009487667,0.9462990297400622,11.743353926599525,13.436815858472869,0.0,0.06181008915174665,-4.903918137032295
510.0,-1.2162702300300712,3.996545391589281,0.9461857483111049,11.728801668507401,13.420080792841588,0.0,0.06125093491417607,-4.860879182753916
511.0,-1.2081615805057537,3.9964175411744245,0.9460731142179646,11.71426527031349,13.403351203677119,0.0,0.06082420244136986,-4.828318132906211
512.0,-1.2027264207969453,3.9962907903940694,0.9459610501115847,11.699744451669403,13.38662842756412,0.0,0.06053290838958947,-4.8064445187944544
513.0,-1.2,3.9961654727842655,0.9458494721564703,11.685238992807456,13.369914083281401,0.0,0.060379200753351014,-4.795398567341119
514.0,-1.2,3.996041923008501,0.9457382900306875,11.67074873454078,13.353210071801755,0.0,0.06036435957337272,-4.7952503076102015
515.0,-1.2,3.9959174040522307,0.945627406925864,11.656273578263267,13.336518576292178,0.0,0.06034799655163674,-4.795100884862677
516.0,-1.2,3.9957922725028334,0.9455167195471883,11.641813485949399,13.319842062113594,0.0,0.06033066354677068,-4.7949507270034
517.0,-1.2,3.9956669058733785,0.9454061181134108,11.6273684801547,13.30318327682096,0.0,0.06031294531195801,-4.794800287048054
518.0,-1.2,3.9955417026026194,0.9452954863568427,11.612938644015117,13.286545250163385,0.0,0.060295459494929024,-4.794650043123143
519.0,-1.2,3.9954170820549995,0.945184701523357,11.598524121247635,13.269931294084017,0.0,0.06027885663796777,-4.794500498465999
520.0,-1.2,3.995293484520649,0.9450736343723877,11.584125116149721,13.253345002720039,0.0,0.06026382017791043,-4.794352181424779
521.0,-1.2,3.9951713712153856,0.9449621491769301,11.569741893599883,13.236790252402614,0.0,0.06025106644614322,-4.7942056454584625
522.0,-1.2,3.9950512242807146,0.9448501037235411,11.555374779057104,13.220271201657113,0.0,0.06024134466860502,-4.7940614691368575
523.0,-1.2052468032863308,3.994939459931133,0.9447373493123384,11.5410241585613,13.20379229120283,0.0,0.060505933341525805,-4.81488801340442
524.0,-1.215695645983324,3.9948365517106326,0.9446237307570017,11.526690478733087,13.187358243953156,0.0,0.06104350780586618,-4.856505402329652
525.0,-1.231257382249247,3.9947429440704196,0.9445090863847713,11.512374246773788,13.170974065015628,0.0,0.0618508081143092,-4.918556740074795
526.0,-1.2517992448371928,3.99465905322606,0.9443932480364492,11.49807603046554,13.154645041691651,0.0,0.0629226969774846,-5.000511186210438
527.0,-1.2771459778184178,3.9945861505553713,0.9442757131292017,11.483796458171184,13.138376743476897,0.0,0.06425377280111427,-5.101669635230949
528.0,-1.307081331804132,3.9945335980680623,0.9441529167054006,11.469536218834378,13.122175022060901,0.0,0.06585164809270372,-5.221180295299154
529.0,-1.3413499089090384,3.994502303238732,0.9440243449468491,11.45529640187317,13.10605714209953,0.0,0.067708604756728,-5.358025300586218
530.0,-1.3796593417160379,3.994490353391973,0.9438905115768776,11.44107893991361,13.090041519716408,0.0,0.06981054444954597,-5.511035931451833
531.0,-1.4216827876519464,3.9944958493993217,0.9437519139015342,11.426885573808818,13.074125721051928,0.0,0.07214177967492122,-5.678905994438157
532.0,-1.4670617174930887,3.994516908821907,0.943609032809584,11.412717896585718,13.058306727387333,0.0,0.07468499601656012,-5.8602028368114505
533.0,-1.5101621709238895,3.9945457562104654,0.9434623327725098,11.398577356914984,13.04258115223081,0.0,0.07714425363728326,-6.032411891053607
534.0,-1.5506164300724687,3.99458060357141,0.9433122618445113,11.38446525911121,13.026945241317435,0.0,0.07949753302429484,-6.194062315146628
535.0,-1.5880793534635411,3.9946197407552027,0.9431592516625062,11.370382763132682,13.011394872609117,0.0,0.08172334024724233,-6.3437731352312206
536.0,-1.6222313206437886,3.9946615387749413,0.9430037174461291,11.35633088458161,12.995925556294708,0.0,0.08380093571581546,-6.480265063571822
537.0,-1.6527809590708735,3.994704452879567,0.9428460579977319,11.342310494703952,12.980532434789893,0.0,0.08571056762867088,-6.60237145683498
538.0,-1.6794676300012354,3.9947470253554576,0.9426866557023843,11.328322320389418,12.965210282737303,0.0,0.08743370563823033,-6.7090483191282155
539.0,-1.7020636521679517,3.9947878880325156,0.9425258765278729,11.314366944171695,12.949953507006342,0.0,0.08895327017123059,-6.799383262340922
540.0,-1.7203762442770287,3.994825764473356,0.942364070024702,11.300444804228107,12.934756146693474,0.0,0.09025385286397947,-6.872603345225782
541.0,-1.73424916974943,3.9948594718269375,0.942201569326093,11.286556194379841,12.919611873121994,0.0,0.09132192369283093,-6.9280817222815125
542.0,-1.7435640696764807,3.994887922330797,0.9420386911479848,11.272701264091893,12.904513989841917,0.0,0.09214602060037247,-6.965343043760504
543.0,-1.7482414726163449,3.994910124449094,0.9418757357890336,11.258880018473121,12.88945543263037,0.0,0.09271691773036689,-6.98406755893683
544.0,-1.7482414726163449,3.9949251836367417,0.941712987130613,11.245092318276136,12.874428769491317,0.0,0.09302776878101979,-6.984093886033219
545.0,-1.7435640696764807,3.9949323027231074,0.9415507126368141,11.23133787989741,12.859426200655435,0.0,0.09307422245665416,-6.965420423817935
546.0,-1.73424916974943,3.9949307819120117,0.9413891633544451,11.217616275377054,12.844439558580575,0.0,0.09285450753049586,-6.928205391737348
547.0,-1.7203762442770287,3.9949200183980316,0.9412285739130317,11.20392693239927,12.829460307951251,0.0,0.09236948561290767,-6.872765497438724
548.0,-1.7020636521679517,3.9948995056023624,0.941069162524817,11.190269134291782,12.814479545678921,0.0,0.09162267033601568,-6.799573242549502
549.0,-1.6794676300012354,3.994868832034782,0.9409111309847612,11.17664202002635,12.799488000901988,0.0,0.09062021230278827,-6.709252889503259
550.0,-1.6527809590708735,3.994827679791408,0.9407546646705423,11.163044584218426,12.78447603498563,0.0,0.08937084979131386,-6.602575123928515
551.0,-1.6222313206437886,3.9947758227010746,0.9405999325425553,11.14947567712727,12.769433641522085,0.0,0.08788582583890311,-6.480450458536241
552.0,-1.5880793534635411,3.9947131241361364,0.9404470871439126,11.135934004656008,12.754350446330307,0.0,0.08617877294163491,-6.343921435450438
553.0,-1.550616430072469,3.994639534506389,0.9402962646004441,11.122417779727243,12.739212813231518,0.0,0.08426556718001688,-6.1941536944226465
554.0,-1.5101621709238897,3.994555088457467,0.9401475846206971,11.108924132762013,12.724008123277258,0.0,0.08216415410868234,-6.032425984259999
555.0,-1.467061717493089,3.9944599017976454,0.940001150495936,11.095451261993901,12.708742935464954,0.0,0.07989434921721056,-5.860119203988529
556.0,-1.4216827876519467,3.994354168179243,0.9398570491001429,11.08199759919961,12.693424825045895,0.0,0.0774776161713711,-5.678704568686238
557.0,-1.379659341716038,3.9942440687102603,0.9397153508900169,11.068561708574407,12.678061089520156,0.0,0.07523105493249259,-5.510696142489987
558.0,-1.3413499089090386,3.994129891488301,0.9395761099049748,11.055142286732348,12.66265874863683,0.0,0.07317570995743482,-5.357525766118701
559.0,-1.307081331804132,3.9940119413005637,0.9394393637671503,11.041738162705997,12.647224544393623,0.0,0.07133079732235474,-5.220498447476748
560.0,-1.2771459778184178,3.9938905364811914,0.9393051336813951,11.02834829794682,12.631764941037204,0.0,0.06971352763335434,-5.100781234513996
561.0,-1.2517992448371928,3.9937660061001097,0.9391734244352778,11.014971786324736,12.616286125063027,0.0,0.06833895250174593,-4.999393270492569
562.0,-1.231257382249247,3.993638687507336,0.9390442243990845,11.001607854128451,12.600794005215448,0.0,0.06721983573196562,-4.917197116029601
563.0,-1.215695645983324,3.9935089242537054,0.9389175055258187,10.988255860065408,12.585294212487554,0.0,0.0663665500555413,-4.854891411410778
564.0,-1.2052468032863308,3.993377064405754,0.938793223351201,10.974915295261553,12.56979210012139,0.0,0.06578699994208563,-4.813004941191987
565.0,-1.2,3.9932434592691397,0.9386713169936697,10.961585783261569,12.554292743607618,0.0,0.0654865707305607,-4.791892151122967
566.0,-1.2,3.993108462531494,0.9385517091543802,10.948267080028927,12.53880094068603,0.0,0.0654681040525329,-4.791730155037793
567.0,-1.2,3.9929665166847,0.9384343061172056,10.934959073945606,12.523321211345035,0.0,0.06543865268098976,-4.791559820021639
568.0,-1.2,3.9928180297683924,0.938318997748736,10.921661785812375,12.507857797821885,0.0,0.06539883842358467,-4.791381635722071
569.0,-1.2,3.9926634622226542,0.9382056574982789,10.908375368848567,12.492414664602848,0.0,0.0653493656692472,-4.791196154667185
570.0,-1.2,3.992503326888012,0.9380941423978595,10.895100108692304,12.476995498422752,0.0,0.06529102138817944,-4.7910039922656145
571.0,-1.2,3.992338189005438,0.93798429306222,10.881836419270655,12.461603523562303,0.0,0.06522467513185859,-4.790805826806525
572.0,-1.2,3.9921686662163554,0.93787593368882,10.868584591651995,12.446235053881765,0.0,0.06515127903303916,-4.790602399459626
573.0,-1.2,3.9919954285626287,0.9377688720578368,10.855344728778562,12.43088733833389,0.0,0.0650718678057471,-4.790394514275154
574.0,-1.2,3.991819198486573,0.9376628995321645,10.842116950044954,12.415560234119596,0.0,0.06498755874528665,-4.790183038183887
575.0,-1.2,3.991640750830946,0.9375577910574151,10.82890137337597,12.40025361768221,0.0,0.06489955172823407,-4.789968900997136
576.0,-1.2,3.991460912838954,0.9374533051619175,10.815698115226382,12.384967384707522,0.0,0.06480912921244072,-4.789753095406745
577.0,-1.2,3.9912805641542506,0.9373491839567184,10.802507290581161,12.369701450123785,0.0,0.06471765623703529,-4.789536676985101
578.0,-1.2,3.9911006368209336,0.9372451531355815,10.78932901295542,12.354455748101657,0.0,0.06462658042241944,-4.7893207641851205
579.0,-1.2,3.990922115283549,0.9371409219749881,10.776163394394189,12.339230232054263,0.0,0.06453743197026948,-4.789106538340258
580.0,-1.2,3.990746036387087,0.9370361833341366,10.76301054547281,12.324024874637303,0.0,0.06445182366353687,-4.788895243664504
581.0,-1.2,3.9905734893769864,0.9369306136549432,10.74987057529654,12.308839667748657,0.0,0.06437145086644876,-4.788688187252384
582.0,-1.2,3.990405615899132,0.936823872962041,10.736743591500783,12.293674622528954,0.0,0.06429809152450634,-4.788486739078959
583.0,-1.2,3.9902436099998546,0.9367156048627806,10.723629700251195,12.278529769361,0.0,0.06423360616448548,-4.788292331999825
584.0,-1.2,3.9900887039883264,0.9366054405843783,10.710529006243348,12.263405157870295,0.0,0.06417991608473432,-4.788106444785991
585.0,-1.2,3.9899375211840074,0.9364943294732672,10.697441612702903,12.248300856924573,0.0,0.06413183005288516,-4.787925025420809
586.0,-1.2,3.9897867330856522,0.9363832183621561,10.684367621385775,12.233216954634202,0.0,0.06408421766819217,-4.787744079702782
587.0,-1.2,3.989636335981428,0.9362721072510449,10.671307132577795,12.218153558351844,0.0,0.0640370744764562,-4.787563603177714
588.0,-1.2,3.989486326184148,0.9361609961399339,10.65826024509505,12.203110794672682,0.0,0.06399039605305336,-4.787383591420977
589.0,-1.2,3.9893367000312687,0.9360498850288227,10.645227056283659,12.188088809434419,0.0,0.06394417800293191,-4.787204040037523
590.0,-1.2,3.9891874538848957,0.9359387739177116,10.63220769759522,12.17308759617191,0.0,0.06389841596061742,-4.787024944661875
591.0,-1.2,3.989038584131776,0.9358276628066006,10.619202326473498,12.158106809133983,0.0,0.06385310559020763,-4.786846300958131
592.0,-1.2,3.988890087183306,0.9357165516954894,10.60621099834799,12.143146389264416,0.0,0.06380824258537654,-4.786668104619967
593.0,-1.2,3.9887419594755236,0.9356054405843783,10.593233764311776,12.128206292926734,0.0,0.06376382266937082,-4.786490351370628
594.0,-1.2,3.988594197469115,0.9354943294732672,10.580270675196402,12.1132864765014,0.0,0.06371984159501398,-4.786313036962937
595.0,-1.2,3.9884467976494102,0.9353832183621561,10.567321781572048,12.098386896385534,0.0,0.06367629514470163,-4.786136157179292
596.0,-1.2,3.988299756526385,0.9352721072510449,10.554387133747184,12.08350750899342,0.0,0.06363317913040518,-4.785959707831662
597.0,-1.2,3.9881530706346617,0.9351609961399339,10.541466781769032,12.068648270756057,0.0,0.06359048939367025,-4.7857836847615935
598.0,-1.2,3.988006736533506,0.9350498850288227,10.52856077542316,12.053809138121437,0.0,0.06354822180561666,-4.7856080838402075
599.0,-1.2,3.987860750806831,0.9349387739177116,10.515669164233657,12.03899006755438,0.0,0.06350637226693952,-4.785432900968197
600.0,-1.2,3.9877151100631925,0.9348276628066006,10.502791997463191,12.024191015536644,0.0,0.06346493670790707,-4.785258132075831
601.0,-1.2,3.987569810935795,0.9347165516954894,10.489929324112893,12.00941193856687,0.0,0.06342391108836339,-4.785083773122954
602.0,-1.2,3.987424850082486,0.9346054405843783,10.477081192922356,11.994652793160526,0.0,0.06338329139772618,-4.784909820098983
603.0,-1.2,3.9872802241857603,0.9344943294732672,10.464247652369693,11.979913535850073,0.0,0.06334307365498848,-4.784736269022912
604.0,-1.2,3.987135929952756,0.9343832183621561,10.451428750671653,11.965194123184801,0.0,0.06330325390871643,-4.784563115943307
605.0,-1.2,3.9869919641152576,0.9342721072510449,10.438624535783276,11.950494511730938,0.0,0.06326382823705198,-4.784390356938309
606.0,-1.2,3.9868483234296948,0.9341609961399339,10.425835055398295,11.935814658071592,0.0,0.06322479274770973,-4.784217988115634
607.0,-1.2,3.9867050046771446,0.9340498850288228,10.413060356948904,11.921154518806759,0.0,0.0631861435779827,-4.7840460056125735
608.0,-1.2,3.9865620046633254,0.9339387739177116,10.400300487605705,11.906514050553255,0.0,0.06314787689473338,-4.7838744055959905
609.0,-1.2,3.986419320218605,0.9338276628066006,10.387555494277876,11.891893209944953,0.0,0.06310998889440213,-4.783703184262326
610.0,-1.2,3.986276948197994,0.9337165516954894,10.374825423613117,11.877291953632437,0.0,0.06307247580300199,-4.783532337837593
611.0,-1.2,3.9861348854811496,0.9336054405843783,10.362110321997648,11.862710238283341,0.0,0.0630353338761223,-4.7833618625773795
612.0,-1.2,3.9859931289723742,0.9334943294732672,10.349410235556093,11.848148020582073,0.0,0.06299855939892503,-4.7831917547668485
613.0,-1.2,3.9858516756006157,0.9333832183621561,10.336725210151712,11.833605257229976,0.0,0.06296214868614847,-4.783022010720739
614.0,-1.2,3.985710522319467,0.9332721072510449,10.32405529138623,11.819081904945335,0.0,0.062926098082103,-4.78285262678336
615.0,-1.2,3.985569666107166,0.9331609961399339,10.311400524599833,11.804577920463316,0.0,0.06289040396067484,-4.782683599328599
616.0,-1.2,3.985429103966598,0.9330498850288228,10.298760954871227,11.790093260535855,0.0,0.0628550627253265,-4.7825149247599175
617.0,-1.2,3.9852888329252902,0.9329387739177116,10.28613662701764,11.775627881931939,0.0,0.062820070809091,-4.7823465995103485
618.0,-1.2,3.985148850035419,0.9328276628066006,10.273527585594763,11.761181741437383,0.0,0.06278542467457875,-4.782178620042503
619.0,-1.2,3.9850091523738036,0.9327165516954894,10.260933874896978,11.746754795854883,0.0,0.06275112081397384,-4.782010982848564
620.0,-1.2,3.984869737041911,0.9326054405843783,10.248355538050816,11.732347002397091,0.0,0.06271715574903566,-4.781843684450293
621.0,-1.2,3.9847306011658503,0.9324943294732672,10.23579256200594,11.717958342647933,0.0,0.06268352603109618,-4.781676721399021
622.0,-1.2,3.9845917418963785,0.9323832183621561,10.22324492675267,11.70358880141356,0.0,0.06265022824106374,-4.781510090275654
623.0,-1.2,3.9844531564088976,0.9322721072510449,10.210712634355161,11.68923835388938,0.0,0.06261725898941979,-4.781343787690677
624.0,-1.2,3.984314841903454,0.9321609961399339,10.198195687067027,11.6749069751001,0.0,0.06258461491622107,-4.781177810284144
625.0,-1.2,3.984176795604741,0.9320498850288228,10.185694087331285,11.660594639899614,0.0,0.06255229269109853,-4.781012154725689
626.0,-1.2,3.984039014762096,0.9319387739177116,10.173207837780183,11.646301322971055,0.0,0.0625202890132579,-4.780846817714515
627.0,-1.2,3.9839014966495028,0.9318276628066006,10.16073694123537,11.632026998826518,0.0,0.062488600611479046,-4.780681795979403
628.0,-1.2,3.983764238565589,0.9317165516954894,10.148281400707845,11.617771641807508,0.0,0.0624572242441161,-4.7805170862787065
629.0,-1.2,3.9836272378336295,0.9316054405843783,10.135841219397946,11.60353522608466,0.0,0.06242615669909792,-4.780352685400355
630.0,-1.2,3.9834904918015432,0.9314943294732672,10.123416400695362,11.58931772565768,0.0,0.062395394793928104,-4.780188590161852
631.0,-1.2,3.9833539978418955,0.9313832183621561,10.111006948179067,11.57511911435563,0.0,0.062364935375683925,-4.780024797410275
632.0,-1.2,3.983217753351897,0.9312721072510449,10.098612865617497,11.560939365836532,0.0,0.062334775321019005,-4.779861304022276
633.0,-1.2,3.983081755753403,0.9311609961399339,10.086234156968374,11.546778453587876,0.0,0.06230491153615958,-4.779698106904084
634.0,-1.2,3.9829460024929144,0.9310498850288228,10.073870826378709,11.532636350925998,0.0,0.06227534095690661,-4.7795352029914975
635.0,-1.2,3.9828104910415774,0.9309387739177116,10.06152287818503,11.518513030996758,0.0,0.062246060548635816,-4.779372589249893
636.0,-1.2,3.982675218895185,0.9308276628066006,10.049190316912984,11.504408466774919,0.0,0.06221706730629819,-4.779210262674222
637.0,-1.2,3.9825401835741734,0.9307165516954894,10.036873147277674,11.4903226310646,0.0,0.06218835825441733,-4.779048220289008
638.0,-1.2,3.982405382623626,0.9306054405843783,10.024571374183665,11.47625549649905,0.0,0.06215993044709371,-4.778886459148351
639.0,-1.2,3.9822708136132703,0.9304943294732672,10.012285002724639,11.462207035540644,0.0,0.06213178096800043,-4.7787249763359245
640.0,-1.2,3.98213647413748,0.9303832183621561,10.000014038183792,11.448177220481,0.0,0.0621039069303853,-4.778563768964976
641.0,-1.2,3.9820023618152742,0.9302721072510449,9.987758486033613,11.434166023440923,0.0,0.062076305477071964,-4.778402834178329
642.0,-1.2,3.9818684699307787,0.9301609961399339,9.975518351935932,11.420173416370403,0.0,0.06204896854901047,-4.778242163916934
643.0,-1.2,3.98173478621037,0.9300498850288228,9.963293641741984,11.406199371048558,0.0,0.062021881417853204,-4.778081743452444
644.0,-1.2,3.9816013089358897,0.9299387739177116,9.951084361492178,11.392243859083749,0.0,0.0619950420218105,-4.777921570723067
645.0,-1.2,3.9814680368606337,0.9298276628066006,9.938890517416496,11.378306851913464,0.0,0.061968448864836385,-4.77776164423276
646.0,-1.2,3.9813349687369097,0.9297165516954894,9.926712115934151,11.364388320804437,0.0,0.06194210044970134,-4.777601962484291
647.0,-1.2,3.981202103316034,0.9296054405843783,9.914549163653703,11.35048823685247,0.0,0.0619159952779837,-4.777442523979241
648.0,-1.2,3.9810694393483335,0.9294943294732672,9.902401667372999,11.336606570982724,0.0,0.0618901318500761,-4.777283327218
649.0,-1.2,3.9809369755831443,0.9293832183621561,9.890269634079402,11.322743293949372,0.0,0.06186450866518225,-4.777124370699773
650.0,-1.2,3.980804710768812,0.9292721072510449,9.878153070949452,11.30889837633589,0.0,0.06183912422131694,-4.776965652922574
651.0,-1.2,3.980672643652695,0.9291609961399339,9.866051985349145,11.295071788554878,0.0,0.061813977015309794,-4.776807172383234
652.0,-1.2,3.980540772981158,0.9290498850288228,9.853966384833711,11.28126350084807,0.0,0.061789065542799365,-4.77664892757739
653.0,-1.2,3.9804090974995785,0.9289387739177116,9.841896277147896,11.267473483286494,0.0,0.06176438829823691,-4.776490916999494
654.0,-1.2,3.980277615952342,0.9288276628066006,9.829841670225619,11.253701705770254,0.0,0.06173994377488636,-4.77633313914281
655.0,-1.2,3.980146327082845,0.9287165516954894,9.817802552847127,11.23994814734209,0.0,0.06171573046482379,-4.776175592499414
656.0,-1.2,3.980015229633494,0.9286054405843783,9.805778895796834,11.226212795335073,0.0,0.061691746858935304,-4.776018275560192
657.0,-1.2,3.979884322345704,0.9284943294732672,9.793770683120783,11.212495630514354,0.0,0.061667991446921276,-4.775861186814844
658.0,-1.2,3.979753603959903,0.9283832183621561,9.781777899184021,11.19879663348928,0.0,0.06164446271729318,-4.775704324751883
659.0,-1.2,3.9796230732155258,0.9282721072510449,9.769800528657072,11.185115784720097,0.0,0.06162115915737356,-4.775547687858631
660.0,-1.2,3.9794927288510182,0.9281609961399339,9.757838556516162,11.171453064517777,0.0,0.061598079253297654,-4.775391274621222
661.0,-1.2,3.9793625696038366,0.9280498850288228,9.74589196804294,11.15780845304414,0.0,0.061575221490013377,-4.775235083524604
662.0,-1.2,3.979232594210447,0.9279387739177116,9.73396074882453,11.144181930311902,0.0,0.061552584351279194,-4.775079113052536
663.0,-1.2,3.979102801406324,0.9278276628066006,9.722044884753814,11.130573476184395,0.0,0.06153016631966519,-4.774923361687589
664.0,-1.2,3.9789731899259557,0.9277165516954894,9.710144362029041,11.116983070375909,0.0,0.06150796587655627,-4.7747678279111465
665.0,-1.2,3.978843758502836,0.9276054405843783,9.698259167154106,11.103410692451519,0.0,0.061485981502145744,-4.774612510203403
666.0,-1.2,3.9787145058694704,0.9274943294732672,9.686389286938265,11.089856321827085,0.0,0.061464211675440694,-4.774457407043364
667.0,-1.2,3.978585430757376,0.9273832183621561,9.674534708496594,11.076319937769313,0.0,0.06144265487426032,-4.77430251690885
668.0,-1.2,3.9784565318970766,0.9272721072510449,9.662695419249474,11.062801519395578,0.0,0.06142130957523495,-4.774147838276492
669.0,-1.2,3.9783278080181095,0.9271609961399339,9.650871406922931,11.04930104567427,0.0,0.061400174253807546,-4.773993369621731
670.0,-1.2,3.9781992578490195,0.9270498850288228,9.639062659548529,11.035818495424508,0.0,0.06137924738423273,-4.773839109418823
671.0,-1.2,3.978070880117362,0.9269387739177116,9.627269165463417,11.02235384731614,0.0,0.061358527439576704,-4.773685056140834
672.0,-1.2,3.9779426735497014,0.9268276628066006,9.615490913310168,11.008907079869857,0.0,0.06133801289171785,-4.773531208259642
673.0,-1.2,3.977814636871614,0.9267165516954894,9.603727892036943,10.995478171457307,0.0,0.06131770221134669,-4.773377564245937
674.0,-1.2,3.9776867688076853,0.9266054405843783,9.59198009089755,10.982067100300753,0.0,0.06129759386796536,-4.773224122569222
675.0,-1.2,3.97755906808151,0.9264943294732672,9.580247499451275,10.968673844473358,0.0,0.06127768632988814,-4.773070881697812
676.0,-1.2,3.9774315334156936,0.9263832183621561,9.568530107562822,10.95529838189907,0.0,0.06125797806424202,-4.772917840098832
677.0,-1.2,3.977304163531851,0.9262721072510449,9.5568279054026,10.94194069035268,0.0,0.06123846753696398,-4.772764996238221
678.0,-1.2,3.9771769571506073,0.9261609961399339,9.545140883446493,10.928600747459711,0.0,0.061219153212805286,-4.772612348580728
679.0,-1.2,3.977049912991598,0.9260498850288228,9.53346903247592,10.915278530696582,0.0,0.061200033555327236,-4.772459895589917
680.0,-1.2,3.9769230297734666,0.9259387739177116,9.521812343577949,10.901974017390557,0.0,0.061181107026902735,-4.7723076357281595
681.0,-1.2,3.97679630621387,0.9258276628066006,9.510170808145006,10.888687184719515,0.0,0.06116237208872004,-4.772155567456644
682.0,-1.2,3.9766697410294713,0.9257165516954894,9.498544417875166,10.875418009712348,0.0,0.06114382720077529,-4.772003689235365
683.0,-1.2,3.9765433329359468,0.9256054405843783,9.486933164772097,10.86216646924862,0.0,0.06112547082187891,-4.771851999523136
684.0,-1.2,3.9764170806479804,0.9254943294732672,9.47533704114494,10.848932540058797,0.0,0.061107301409652946,-4.7717004967775765
685.0,-1.2,3.976290982879267,0.9253832183621561,9.463756039608313,10.835716198724128,0.0,0.06108931742052998,-4.77154917945512
686.0,-1.2,3.976165038342511,0.9252721072510449,9.45219015308254,10.82251742167665,0.0,0.06107151730975584,-4.771398046011013
687.0,-1.2,3.976039245749427,0.9251609961399339,9.440639374793363,10.809336185199243,0.0,0.061053899531389,-4.771247094899312
688.0,-1.2,3.9759136038107408,0.9250498850288228,9.429103698272058,10.796172465425514,0.0,0.0610364625382985,-4.771096324572889
689.0,-1.2,3.975788111236185,0.9249387739177116,9.417583117355548,10.783026238339971,0.0,0.06101920478216502,-4.770945733483422
690.0,-1.2,3.9756627667345055,0.9248276628066006,9.406077626186175,10.76989747977791,0.0,0.06100212471348296,-4.770795320081406
691.0,-1.2,3.975537569013456,0.9247165516954894,9.394587219211985,10.75678616542541,0.0,0.06098522078155674,-4.770645082816147
692.0,-1.2,3.975412516779801,0.9246054405843783,9.383111891186388,10.743692270819395,0.0,0.06096849143450402,-4.770495020135761
693.0,-1.2,3.975287608739315,0.9244943294732672,9.37165163716844,10.730615771347573,0.0,0.060951935119254584,-4.770345130487178
694.0,-1.2,3.9751628435967823,0.9243832183621561,9.360206452522732,10.71755664224844,0.0,0.06093555028154824,-4.770195412316139
695.0,-1.2,3.9750382200559966,0.9242721072510449,9.348776332842135,10.704514858645155,0.0,0.0609193353659391,-4.770045864067196
696.0,-1.2,3.9749137368197625,0.9241609961399339,9.337361252905964,10.691490404766512,0.0,0.060903288815791254,-4.769896484183715
697.0,-1.2,3.9747893925898947,0.9240498850288228,9.325961180594277,10.678483267866113,0.0,0.06088740907328311,-4.769747271107874
698.0,-1.2,3.9746651860672153,0.9239387739177116,9.31457609531435,10.665493430136848,0.0,0.06087169457940149,-4.769598223280658
699.0,-1.2,3.9745411159515602,0.9238276628066006,9.303205976730624,10.652520873642061,0.0,0.060856143773948546,-4.769449339141872
700.0,-1.2,3.9744171809417725,0.9237165516954894,9.291850804764863,10.639565580315946,0.0,0.06084075509553699,-4.769300617130127
701.0,-1.2,3.9742933797357063,0.9236054405843783,9.280510559595996,10.626627531963152,0.0,0.060825526981590626,-4.769152055682848
702.0,-1.2,3.974169711030226,0.9234943294732672,9.269185221660337,10.613706710259123,0.0,0.06081045786834753,-4.769003653236271
703.0,-1.2,3.974046173521205,0.9233832183621561,9.257874771651302,10.600803096749928,0.0,0.060795546190855275,-4.768855408225446
704.0,-1.2,3.973922765903526,0.9232721072510449,9.246579190519753,10.58791667285226,0.0,0.0607807903829741,-4.768707319084231
705.0,-1.2,3.973799486871084,0.9231609961399339,9.23529845947354,10.575047419853547,0.0,0.06076618887737695,-4.7685593842453
706.0,-1.2,3.973676335116782,0.9230498850288228,9.224032559977957,10.562195318911677,0.0,0.06075174010554835,-4.768411602140138
707.0,-1.2,3.9735533093325346,0.9229387739177116,9.212781473755513,10.549360351055384,0.0,0.0607374424977845,-4.768263971199041
708.0,-1.2,3.973430408209264,0.9228276628066006,9.201545182785992,10.536542497183973,0.0,0.060723294483193156,-4.768116489851117
709.0,-1.2,3.9733076304369046,0.9227165516954894,9.190323669306338,10.523741738067486,0.0,0.06070929448969533,-4.767969156524285
710.0,-1.2,3.9731849747043997,0.9226054405843783,9.179116915810823,10.510958054346418,0.0,0.06069544094402257,-4.767821969645279
711.0,-1.2,3.973062439699702,0.9224943294732671,9.167924905050938,10.498191426532173,0.0,0.06068173227171911,-4.767674927639642
712.0,-1.2,3.972940024109776,0.9223832183621561,9.156747620035446,10.485441835006554,0.0,0.0606681668971408,-4.767528028931731
713.0,-1.2,3.9728177266205944,0.9222721072510449,9.145585044030327,10.47270926002227,0.0,0.06065474324345618,-4.767381271944713
714.0,-1.2,3.9726955459171402,0.9221609961399339,9.134437160558889,10.459993681702429,0.0,0.06064145973264434,-4.767234655100568
715.0,-1.2,3.9725734806834065,0.9220498850288228,9.123303953401603,10.447295080041044,0.0,0.06062831478549757,-4.767088176820088
716.0,-1.2,3.972451529602397,0.9219387739177116,9.112185406596268,10.43461343490253,0.0,0.06061530682161926,-4.766941835522876
717.0,-1.2,3.9723296913561246,0.9218276628066006,9.101081504437843,10.421948726022208,0.0,0.06060243425942602,-4.7667956296273495
718.0,-1.2,3.9722079646256123,0.9217165516954894,9.089992231478618,10.409300933005795,0.0,0.06058969551614446,-4.766649557550735
719.0,-1.2,3.9720863480908934,0.9216054405843783,9.078917572528155,10.396670035329862,0.0,0.06057708900781495,-4.766503617709072
720.0,-1.2,3.97196484043101,0.9214943294732671,9.06785751265312,10.384056012341603,0.0,0.060564613149288425,-4.766357808517212
721.0,-1.2,3.971843440324016,0.9213832183621561,9.056812037177622,10.371458843258722,0.0,0.06055226635422901,-4.766212128388819
722.0,-1.2,3.9717221464469734,0.9212721072510449,9.045781131682872,10.35887850716972,0.0,0.0605400470351114,-4.766066575736368
723.0,-1.2,3.9716009574759554,0.9211609961399339,9.034764782007471,10.346314983033722,0.0,0.06052795360322296,-4.765921148971146
724.0,-1.2,3.971479872086045,0.9210498850288228,9.02376297424712,10.333768249680418,0.0,0.06051598446866375,-4.765775846503254
725.0,-1.2,3.9713588889513347,0.9209387739177116,9.01277569475485,10.321238285810296,0.0,0.06050413804034438,-4.765630666741601
726.0,-1.2,3.9712380067449264,0.9208276628066006,9.001802930140968,10.30872506999441,0.0,0.060492412725988126,-4.765485608093911
727.0,-1.2,3.9711172241389336,0.9207165516954894,8.990844667272995,10.296228580674494,0.0,0.06048080693212991,-4.76534066896672
728.0,-1.2,3.9709965398044784,0.9206054405843783,8.979900893275726,10.283748796162854,0.0,0.060469319064117316,-4.765195847765374
729.0,-1.2,3.970875952411694,0.9204943294732671,8.968971595531173,10.271285694642586,0.0,0.06045794752610902,-4.765051142894032
730.0,-1.2,3.9707554606297215,0.9203832183621561,8.95805676167862,10.258839254167299,0.0,0.06044669072107531,-4.764906552755666
731.0,-1.2,3.970635063126714,0.9202721072510449,8.947156379614569,10.246409452661396,0.0,0.06043554705080023,-4.764762075752057
732.0,-1.2,3.9705147585698346,0.9201609961399339,8.936270437492851,10.233996267919792,0.0,0.06042451491587783,-4.764617710283801
733.0,-1.2,3.9703945456252545,0.9200498850288228,8.925398923724572,10.22159967760814,0.0,0.060413592715714864,-4.764473454750306
734.0,-1.2,3.970274422958156,0.9199387739177116,8.914541826977882,10.209219659262772,0.0,0.06040277884853022,-4.764329307549787
735.0,-1.2,3.970154389232732,0.9198276628066006,8.903699136178375,10.196856190290532,0.0,0.06039207171135441,-4.764185267079278
736.0,-1.2,3.970034443112184,0.9197165516954894,8.89287084050892,10.184509247969117,0.0,0.06038146970003008,-4.764041331734621
737.0,-1.2,3.969914583258724,0.9196054405843783,8.882056929409487,10.172178809446734,0.0,0.06037097120921206,-4.763897499910469
738.0,-1.2,3.9697948083335746,0.9194943294732671,8.871257392577377,10.15986485174227,0.0,0.0603605746323657,-4.76375377000029
739.0,-1.2,3.9696751169969673,0.9193832183621561,8.860472219967164,10.147567351745295,0.0,0.06035027836177065,-4.76361014039636
740.0,-1.2,3.969555507908144,0.9192721072510449,8.84970140179064,10.135286286216001,0.0,0.06034008078851602,-4.763466609489773
741.0,-1.2,3.9694359797253576,0.9191609961399339,8.838944928516867,10.123021631785207,0.0,0.06032998030250525,-4.763323175670429
742.0,-1.2,3.9693165311058682,0.9190498850288228,8.828202790872126,10.110773364954468,0.0,0.06031997529245121,-4.7631798373270415
743.0,-1.2,3.9691971607059484,0.9189387739177116,8.817474979839972,10.098541462095966,0.0,0.06031006414588109,-4.763036592847138
744.0,-1.2,3.9690778671808804,0.9188276628066006,8.806761464354281,10.086325909292611,0.0,0.06030024524913262,-4.762893440617057
745.0,-1.2,3.9689586491849553,0.9187165516954894,8.796062180484341,10.074126707096866,0.0,0.06029051698735621,-4.762750379021946
746.0,-1.2,3.9688395053714753,0.9186054405843783,8.785377109925719,10.061943835908096,0.0,0.06028087774451336,-4.76260740644577
747.0,-1.2,3.9687204343927514,0.9184943294732671,8.774706236343718,10.049777275241581,0.0,0.060271325903377714,-4.762464521271301
748.0,-1.2,3.9686014349001044,0.9183832183621561,8.764049543408134,10.037627004595095,0.0,0.060261859845535067,-4.7623217218801255
749.0,-1.2,3.968482505543868,0.9182721072510449,8.753407014793197,10.02549300344964,0.0,0.06025247795138444,-4.762179006652642
750.0,-1.2,3.9683636449733815,0.9181609961399338,8.742778634177625,10.013375251268826,0.0,0.060243178600134326,-4.762036373968058
751.0,-1.2,3.9682448518369973,0.9180498850288228,8.732164385244516,10.001273727499154,0.0,0.06023396016980644,-4.761893822204397
752.0,-1.2,3.968126124782076,0.9179387739177116,8.721564251681514,9.989188411570126,0.0,0.060224821037234116,-4.761751349738491
753.0,-1.2,3.9680074624549904,0.9178276628066006,8.710978217180639,9.97711928289391,0.0,0.06021575957806444,-4.761608954945988
754.0,-1.2,3.9678888635011194,0.9177165516954894,8.700406265438517,9.96506632086573,0.0,0.06020677416675291,-4.761466636201343
755.0,-1.2,3.967770326564856,0.9176054405843783,8.68984838015598,9.95302950486348,0.0,0.06019786317656983,-4.761324391877827
756.0,-1.2,3.9676518502896,0.9174943294732671,8.679304545038576,9.941008814247994,0.0,0.06018902497959661,-4.76118222034752
757.0,-1.2,3.9675334333177643,0.9173832183621561,8.668774743796178,9.929004228362999,0.0,0.06018025794672681,-4.761040119981317
758.0,-1.2,3.967415074290768,0.9172721072510449,8.658258960143144,9.917015726535055,0.0,0.060171560447664516,-4.760898089148921
759.0,-1.2,3.9672967718490435,0.9171609961399338,8.647757177798212,9.905043288073557,0.0,0.06016293085092865,-4.760756126218852
760.0,-1.2,3.967178524632031,0.9170498850288228,8.637269380484668,9.89308689227073,0.0,0.06015436752384655,-4.760614229558437
761.0,-1.2,3.9670603312781805,0.9169387739177116,8.626795551930286,9.88114651840175,0.0,0.06014586883255983,-4.760472397533817
762.0,-1.2,3.9669421904249544,0.9168276628066006,8.616335675867163,9.869222145724564,0.0,0.06013743314202173,-4.760330628509945
763.0,-1.2,3.966824100708823,0.9167165516954894,8.605889736031997,9.85731375348007,0.0,0.0601290588159971,-4.760188920850587
764.0,-1.2,3.966706060765267,0.9166054405843783,8.595457716165868,9.845421320891887,0.0,0.06012074421706295,-4.76004727291832
