time_s,current_A,voltage_V,soc,temp_surface_C,temp_core_C,temp_ambient_C,heat_generation_W,power_W
0.0,0.0,3.7000000000000015,0.7,25.0,25.0,15.0,0.0,0.0
1.0,0.0,3.7000000000000015,0.7,24.956141351934434,24.99975616841499,15.000105476760496,0.0,0.0
2.0,0.0,3.6999932944876974,0.7000022445851393,24.913426996349074,24.999037601360897,15.000421904816903,0.0,0.0
3.0,0.0,3.699982567725528,0.700005871876777,24.871817600743782,24.997861331284184,15.000949277493987,0.0,0.0
4.0,-0.05907691013578557,3.7000530207058877,0.7000046788355245,24.831275261013502,24.996243191982785,15.001687583666751,2.855888331136304e-06,-0.21858769980188367
5.0,-0.1665219033965631,3.700207284021828,0.6999937304060527,24.791763374251616,24.994200289379137,15.002636807760325,3.55613545758527e-05,-0.616165559897142
6.0,-0.31356733377920365,3.7004461006835108,0.6999694106995142,24.75324663882668,24.991751005411345,15.003796929750479,0.00014947440732048477,-1.160339017584979
7.0,-0.4930348598688445,3.7007679295534808,0.6999294229935435,24.715691054382603,24.98891499803284,15.005167925164017,0.0004134129642769899,-1.8246075975545142
8.0,-0.6990473527930441,3.7011686206669343,0.6998727897322571,24.679063921838747,24.985713201212604,15.006749765079348,0.0009058471845522841,-2.587292126517903
9.0,-0.8677161162683463,3.7015745697287064,0.699799852526253,24.643333428038034,24.982167335881684,15.008542416127,0.0015399507183861127,-3.211915909722668
10.0,-1.0058104200092126,3.7019877286774268,0.6997122721526112,24.60846871147038,24.978295185529362,15.010545840490295,0.0022886778829358514,-3.7234978322499934
11.0,-1.1188724733067517,3.702404591260742,0.6996130285548937,24.57444179594944,24.974111541449076,15.012759995906379,0.0031234026690814434,-4.142518582206179
12.0,-1.2114398533475887,3.7028201723939675,0.6995052692266481,24.541225599320626,24.969630540829428,15.015184835666844,0.004015805806877008,-4.485743926617442
13.0,-1.287227614118879,3.703235521261778,0.6993899945721103,24.50879380087946,24.964865691305818,15.01782030861881,0.004950068145769495,-4.766907024554081
14.0,-1.3492773845692514,3.7036505115875116,0.6992683132315319,24.4771208413718,24.959829870960732,15.020666359166057,0.005912801136417633,-4.997251875633368
15.0,-1.4000794398584007,3.704064704452721,0.6991412386740272,24.44618192299373,24.954535328323516,15.023722927270171,0.0068932432095928885,-5.185984836609438
16.0,-1.441672644843195,3.7044774922003962,0.6990096796780015,24.415953009391558,24.9489936823706,15.026989948451728,0.007882795740665426,-5.340643863942631
17.0,-1.4757262808833227,3.704888190653779,0.698874440331152,24.386410825661812,24.943215922525383,15.030467353791778,0.008874649397768553,-5.467400870682043
18.0,-1.5036070399635,3.7052961146187324,0.6987362200304669,24.35753285835125,24.93721240865807,15.03415506993332,0.00986350368433172,-5.57130932309013
19.0,-1.5264338748415993,3.705700639699863,0.6985956134822262,24.329297355456845,24.930992871086005,15.038053019082554,0.010845352700236222,-5.656506986460055
20.0,-1.5451229065517322,3.7061012529112722,0.6984531107020012,24.30168332642586,24.924566410573448,15.042161119010927,0.011817319720107243,-5.726381939873281
21.0,-1.5604241915580677,3.7064975941131424,0.6983090970146546,24.274670542155775,24.91794149833163,15.046479283056613,0.012777528964980621,-5.783708511805923
22.0,-1.5729518241543654,3.70688948993714,0.6981638530543406,24.248239498211888,24.911126231355865,15.051007420126439,0.013725006451705261,-5.8307585851352695
23.0,-1.5832085822242168,3.7072769815621864,0.6980175547645046,24.22237176550874,24.904129425791268,15.05574543469777,0.014659603972563861,-5.8693927338915435
24.0,-1.5916061054828847,3.7076603474553385,0.6978702733978838,24.197050173207572,24.896959243852166,15.06069322682049,0.015581941642971478,-5.901134846066711
25.0,-1.6074479347069726,3.7080502272569955,0.6977219755165066,24.17225804322362,24.88962345024015,15.065850692119227,0.016602126929380262,-5.960497679593978
26.0,-1.621318174260677,3.708436180071951,0.6975726061521774,24.147979144395208,24.882129491083788,15.071217721795335,0.017613309833550278,-6.012554976836495
27.0,-1.6335742127187878,3.708818196373783,0.6974222894985388,24.124197692484017,24.87448449393878,15.076794202629571,0.01861605960194125,-6.058629765258417
28.0,-1.6445086550982837,3.7091962015526367,0.6972711680011472,24.100898350175044,24.866695267787918,15.082580016983968,0.019610820887759433,-6.099805256910989
29.0,-1.6543610661250703,3.70957009409441,0.6971193737452334,24.078066227076647,24.858768303041074,15.088575042804848,0.020597986990885973,-6.136968335731705
30.0,-1.6543610661250703,3.7099296508758934,0.6969670285065226,24.055686879720383,24.850709771535037,15.094779153624984,0.021444857762766466,-6.137563172472053
31.0,-1.6543610661250703,3.7102856692572277,0.6968142437512354,24.03374631156123,24.84252552653379,15.101192218566439,0.022286601862315566,-6.138152155420957
32.0,-1.6543610661250703,3.710637875529556,0.6966611206360869,24.012230972977363,24.834221102728407,15.107814102343411,0.023122599126526058,-6.1387348317651425
33.0,-1.6543610661250703,3.710986028582251,0.6965077500082875,23.991127761270434,24.82580171623681,15.114644665264905,0.023952300377274985,-6.139310802620573
34.0,-1.6543610661250703,3.7113299199029157,0.6963542124055422,23.970424020665178,24.8172722646043,15.121683763237797,0.02477522742132952,-6.139879723032459
35.0,-1.6543610661250703,3.7116693735773842,0.6962005780560511,23.950107542053843,24.808637328029818,15.128931247769856,0.025590973050340346,-6.140441301975253
36.0,-1.6543610661250703,3.712004246289718,0.6960469068785092,23.930166516480995,24.79990222148342,15.136386965972804,0.026399201040843878,-6.140995302352645
37.0,-1.6543610661250703,3.712334427322211,0.6958932484821065,23.910590097572538,24.79107231517912,15.14405076056562,0.02719964615426591,-6.141541540997576
38.0,-1.6543610661250703,3.712659838555387,0.6957396421665278,23.8913680124121,24.782152142892187,15.151922469877945,0.027992114136915765,-6.142079888672221
39.0,-1.6543610661250703,3.7129804344679975,0.6955861169219529,23.872490249616703,24.773146130745033,15.160001927853216,0.02877648171998996,-6.142610270068003
40.0,-1.6543610661250703,3.7132962021370273,0.6954326914290564,23.85394705933652,24.764058597207224,15.168288964052465,0.029552696619572185,-6.143132663805587
41.0,-1.6543610661250703,3.7136071612376873,0.6952793740590081,23.835728953255,24.754893753095416,15.176783403657737,0.030320777536630397,-6.143647102434876
42.0,-1.6543610661250703,3.7139133640434223,0.6951261628734724,23.817826704588697,24.745655701573412,15.185485067475838,0.031080814157021942,-6.1441536724350225
43.0,-1.6543610661250703,3.714214895425905,0.6949730456246087,23.800231348087607,24.736348438152163,15.194393771942089,0.03183296715148842,-6.144652514214417
44.0,-1.6543610661250703,3.7145118728550375,0.6948199997550717,23.78293418003466,24.726975850689826,15.203509329124245,0.03257746817565642,-6.1451438221106915
45.0,-1.6543610661250703,3.7148044463989542,0.6946669923980106,23.76592675824628,24.71754171939159,15.212831546726477,0.03331461987004264,-6.1456278443907255
46.0,-1.6543610661250703,3.715092798724017,0.6945139803770695,23.749200902072005,24.708049716809853,15.22236022809318,0.03404479586004733,-6.1461048832506355
47.0,-1.6543610661250703,3.7153771450948194,0.6943609102063877,23.73274869239458,24.698503407844214,15.232095172213633,0.03476844075595789,-6.1465752948157855
48.0,-1.6543610661250703,3.715657688143846,0.6942077407469137,23.71656247162997,24.688906249741194,15.242036173725637,0.03548595784391301,-6.1470394143134675
49.0,-1.6543610661250703,3.7159345249305504,0.6940544813759281,23.700634843727414,24.679261592094747,15.252183022920349,0.03619749218188527,-6.147497402315062
50.0,-1.6543610661250703,3.7162079360344884,0.6939010288655459,23.68495868068061,24.66957267259579,15.262535505746314,0.03690367872596186,-6.147949723000464
51.0,-1.6543610661250703,3.716478082158201,0.6937473184462489,23.669527533797464,24.65984240276049,15.273093403814357,0.0376048904883391,-6.148396642229698
52.0,-1.6543610661250703,3.716744966564308,0.6935933428715804,23.65433529166245,24.650073663572925,15.283856494401846,0.038301144854824345,-6.148838165400317
53.0,-1.6543610661250703,3.7170084350755075,0.693439152418145,23.63937587730328,24.64026932398997,15.294824550457633,0.03899210358483454,-6.1492740374473955
54.0,-1.6543610661250703,3.717268176074575,0.6932848548856093,23.62464338658276,24.630432116623126,15.305997340606723,0.03967707281139477,-6.1497037428435295
55.0,-1.6543610661250703,3.717523720504364,0.6931306155967011,23.610132088198725,24.620564637738596,15.317374629155097,0.040355003041139655,-6.150126505598838
56.0,-1.6543610661250703,3.7177744418678054,0.6929766573972101,23.595836423683977,24.61066934725733,15.328956176094891,0.04102448915431049,-6.1505412892609606
57.0,-1.6543610661250703,3.718019556227907,0.6928232606559875,23.581751007406467,24.60074856875491,15.34074173710934,0.04168377040476036,-6.15094679691506
58.0,-1.6543610661250703,3.7182581222077578,0.692670763264946,23.56787062656906,24.59080448946162,15.352731063577778,0.04233073041995191,-6.151341471183828
59.0,-1.6543610661250703,3.7184890409905202,0.6925195606390601,23.55419024120971,24.58083916026237,15.364923902581268,0.042962897200952976,-6.1517234942274674
60.0,-1.6543610661250703,3.7187110563194383,0.6923701057163655,23.540704984201454,24.570854495696892,15.377319996907488,0.043577443122444645,-6.152090787743712
61.0,-1.6543610661250703,3.718922754497831,0.69222290895796,23.52741016125225,24.560852273959426,15.389919085056533,0.04417118493271318,-6.152441012967815
62.0,-1.6543610661250703,3.719122564389097,0.6920785383480026,23.514303163232,24.550868595361806,15.402720901246084,0.044740583753656624,-6.152771570672551
63.0,-1.6543610661250703,3.7193087574167123,0.691937619393714,23.501380105852377,24.540834774872337,15.415725175417492,0.04528174508078114,-6.153079601168223
64.0,-1.1255668786662674,3.7188240560105994,0.691820539842316,23.488628674083998,24.530506940599764,15.428931633240836,0.03039426340654726,-4.185785185032879
65.0,-0.5967726912074647,3.718115852900188,0.6917769210111938,23.476036614313216,24.5197248700087,15.442339996121405,0.015718355266924233,-2.218870003756383
66.0,-0.0679785037486619,3.717239818754657,0.6917889561516474,23.46359206413922,24.508420155604597,15.455949981204924,0.0017301115588652808,-0.2526924009538888
67.0,0.46081568371014087,3.7162565914241132,0.6918370962708279,23.45128355237449,24.496616204933844,15.46976130138404,-0.01125288635491689,1.7125093220194203
68.0,0.9896098711689436,3.7152174944457603,0.6919047724559102,23.43909999904446,24.48442824058361,15.483773665304057,-0.023070499804971445,3.6766159060430743
69.0,0.9896098711689436,3.7147604880931704,0.6919783958740929,23.427030715387673,24.472063300181958,15.497986777369306,-0.022545383345878585,3.6761636480453643
70.0,0.7916878969351551,3.714545374293444,0.6920473577725981,23.41506862175089,24.459781493310402,15.512400337749057,-0.01781140738459966,2.940760615444585
71.0,0.5937659227013665,3.7143724755801246,0.6921040294786717,23.403217258517202,24.44765992994286,15.52701404238428,-0.013222244446553873,2.2054678002193917
72.0,0.39584394846757787,3.714255858238818,0.6921437623995832,23.391478320602857,24.4356883235738,15.541827582993676,-0.008752939325895452,1.470265704544086
73.0,0.1979219742337893,3.71420027424223,0.6921648880226259,23.37985278508279,24.423850850085557,15.556840647080378,-0.004361287143587815,0.7351218509777038
74.0,7.105427357601002e-16,3.714201161250166,0.6921687179151166,23.368341096278527,24.41212604142271,15.57205291793855,-1.5654992562764433e-17,2.639098654278034e-15
75.0,7.105427357601002e-16,3.71402158454457,0.6921595437243958,23.35694316575814,24.400486785592534,15.587464074660033,-1.5533914293664442e-17,2.638971057354361e-15
76.0,7.105427357601002e-16,3.7138614112244093,0.6921446371778279,23.345658372336175,24.38890032666467,15.60307379214089,-1.5430696042940745e-17,2.6388572473652584e-15
77.0,7.105427357601002e-16,3.7136881360107896,0.6921342500828007,23.334485562073837,24.37732826477105,15.618881741088842,-1.5314957073533256e-17,2.6387341279209336e-15
78.0,7.105427357601002e-16,3.71349016607366,0.6921321094042145,23.32342211512679,24.365741427830358,15.634887588029471,-1.517581201642569e-17,2.6385934618202073e-15
79.0,-0.09554898844526609,3.713425411443353,0.6921222199307199,23.312465779468198,24.354190642495155,15.651090995313837,0.0020354983996877275,-0.3548140417303584
80.0,-0.2693268721561656,3.7134894247315606,0.6920994011233786,23.301617778142827,24.342744253631395,15.667491621125407,0.005760908153737804,-1.00014249154795
81.0,-0.507153158200355,3.7136769598764543,0.6920598750139179,23.290879615682854,24.331456494205213,15.684089119487226,0.010963172859119599,-1.883402998737237
82.0,-0.7974178409203205,3.7139829385511374,0.6920007651019177,23.28025299331398,24.320367541208327,15.700883140269127,0.01752897729061145,-2.9615962560743556
83.0,-1.1306154516408462,3.714401925037671,0.6919200963548108,23.269739808955194,24.309503515658434,15.717873329195413,0.025418302889982477,-4.199560210052095
84.0,-1.4034145823898463,3.7148200125803013,0.6918167952078825,23.259342157218953,24.298876482598985,15.735059327851957,0.032283050702333546,-5.213432576608827
85.0,-1.6267636201469942,3.715249358547963,0.6916906895642714,23.24906232941089,24.288484451099123,15.752440773694218,0.03832438564175256,-6.043832496260282
86.0,-1.8096263460291464,3.7156971544545576,0.6915425087949683,23.238902813530274,24.27831137425386,15.770017300054349,0.043710883164588654,-6.724023464566498
87.0,-1.9593416833005335,3.716166031394962,0.6913738837388171,23.22886629426955,24.26832714918413,15.787788536149435,0.0485762883212235,-7.2812390073776685
88.0,-2.0819182341320603,3.7166543919879578,0.6911873467025147,23.218955650244936,24.25848765756973,15.805754107088944,0.05302030594922763,-7.737770548646735
89.0,-2.1822754259040575,3.7171566821481097,0.6909863314606102,23.20917168497357,24.24877134590207,15.823913633882796,0.057110913192618636,-8.11185968168688
90.0,-2.2644409451003367,3.717663613593773,0.690775173255506,23.199513653712984,24.23918392145464,15.842266733449435,0.060887285251855786,-8.418429706731416
91.0,-2.3317123825089494,3.718162346021224,0.6905591087974571,23.189981770242753,24.229717631996778,15.86081301862373,0.06436281003198613,-8.669685182396213
92.0,-2.386789577119141,3.718658885835392,0.6903370104173936,23.180576115815143,24.22036510833442,15.879552098165277,0.06759835705214158,-8.875656269573392
93.0,-2.431882970139766,3.719170040336659,0.6901041824744043,23.17129663915523,24.211119364310548,15.898483576766637,0.07068476474771587,-9.044586284148748
94.0,-2.4688023177663836,3.7196834242892862,0.6898654054706446,23.16214315646073,24.20197379680485,15.917607055061524,0.07361479397066033,-9.183163059242588
95.0,-2.4990293230518725,3.7201879256147676,0.6896249275708523,23.153115351402278,24.192922185733835,15.936922129633501,0.07637782831211795,-9.296858713374823
96.0,-2.5237771018525526,3.7206740298863212,0.689386380170144,23.144212775123208,24.183958694051,15.956428393024225,0.07896305392446804,-9.390151920084557
97.0,-2.5440388694270406,3.721133875198686,0.6891527778940141,23.13543484623949,24.175077867746438,15.976125433742197,0.08136115463000919,-9.466709216847127
98.0,-2.560627801651992,3.721561297091709,0.6889265185983355,23.126780850840078,24.166274635847344,15.996012836271461,0.08356552111088239,-9.52953332288508
99.0,-2.5742096706252866,3.721951865330677,0.6887093833693596,23.118249929557578,24.157536276467226,16.016090181080187,0.08557311854040563,-9.581084485336053
100.0,-2.4146457324409742,3.72211055334083,0.6885025365237158,23.109839585911914,24.148704611005996,16.036357044629824,0.08115145438324455,-8.987578363297947
101.0,-2.2518930120708416,3.7222275228284287,0.688306525608412,23.101544597119414,24.139733852685254,16.056812999383624,0.07638645660222664,-8.382058147995098
102.0,-2.086529537660311,3.722303945719807,0.6881212814008342,23.09335993701154,24.130643195510345,16.07745761381608,0.07132313877746084,-7.766697130893901
103.0,-1.9190285586281841,3.722342776205164,0.6879461179087468,23.0852811336606,24.121452516317902,16.098290452421736,0.06600816959219678,-7.143282092541029
104.0,-1.7497775388275099,3.7223487721438637,0.6877797323702927,23.077304269379397,24.112182374775955,16.119311075724625,0.06048812933462695,-6.5132822731794935
105.0,-1.7497775388275099,3.722520873268261,0.6876202052539927,23.06942598072135,24.102854013383762,16.140519040287245,0.06106840498144001,-6.5135834118613705
106.0,-1.7497775388275099,3.722676455565629,0.6874650002587464,23.06164345848049,24.093489357472038,16.16191389872006,0.06161221360540982,-6.513855646270744
107.0,-1.7497775388275099,3.7228255412720497,0.687310964313831,23.053954447691467,24.084111015202723,16.183495199691038,0.06214260906244957,-6.514116513091199
108.0,-1.7497775388275099,3.7229800529730985,0.6871543275789028,23.046357247629658,24.074742277568987,16.2052624879351,0.06268704960696385,-6.51438687419518
109.0,-1.7497775388275099,3.723147174428466,0.6869927865022533,23.038850711810937,24.0654071183954,16.227215304263552,0.06326213592334122,-6.514679299564039
110.0,-1.7497775388275099,3.7233126944853034,0.6868307700634729,23.031434226351564,24.056126001227256,16.24935318557408,0.0638352519265193,-6.514968922841718
111.0,-1.7497775388275099,3.7234751231852212,0.6866687536246926,23.024107296807188,24.046888439393683,16.271675664860197,0.06440295874279464,-6.515253136932495
112.0,-1.7497775388275099,3.7236344903007392,0.6865067371859123,23.01686930656905,24.037691231121528,16.29418227122136,0.06496530846745482,-6.515531993931656
113.0,-1.7497775388275099,3.7237908253397847,0.6863447207471319,23.00971964886446,24.028534717626712,16.316872529872853,0.06552235273280729,-6.51580554547151
114.0,-1.7497775388275099,3.723944157545686,0.6861827043083516,23.00265772891896,24.019419235138628,16.339745962155632,0.06607414270817091,-6.516073842721376
115.0,-1.7497775388275099,3.724094515897174,0.6860206878695713,22.995682963956313,24.010345114900247,16.362802085546548,0.06662072909987746,-6.516336936387583
116.0,-1.7497775388275099,3.7242419291083833,0.685858671430791,22.988794783198387,24.001312683168067,16.38604041366864,0.06716216215127709,-6.5165948767134845
117.0,-1.7497775388275099,3.7243864256288517,0.6856966549920107,22.98199262786528,23.99232226121228,16.409460456301133,0.06769849164272976,-6.5168477134794385
118.0,-1.7497775388275099,3.72452803364352,0.6855346385532304,22.97527595117532,23.983374165316434,16.433061719390025,0.06822976689161302,-6.517095496002823
119.0,-1.7497775388275099,3.724666781072732,0.68537262211445,22.96864421834499,23.974468706777714,16.45684370505836,0.06875603675231658,-6.517338273138028
120.0,-1.7497775388275099,3.724802695572234,0.6852106056756697,22.96209690658901,23.965606191906943,16.4808059116167,0.0692773496162454,-6.517576093276458
121.0,-1.7497775388275099,3.7249358045331773,0.6850485892368894,22.955633505120204,23.9567869220283,16.504947833573965,0.06979375341181895,-6.5178090043465335
122.0,-1.7497775388275099,3.7250661350821144,0.684886572798109,22.949253515149564,23.948011193479715,16.5292689616478,0.07030529560447114,-6.5180370538136865
123.0,-1.7497775388275099,3.7251937140810014,0.6847245563593287,22.94295644988648,23.939279297612586,16.553768782775364,0.07081202319664805,-6.5182602886803656
124.0,-1.7497775388275099,3.725318568127198,0.6845625399205484,22.936741714126242,23.930591574077198,16.578446780124352,0.07131398272781336,-6.518478755486031
125.0,-1.7497775388275099,3.7254407235534654,0.684400523481768,22.930608581087995,23.921948422991363,16.603302433103693,0.07181122027444055,-6.518692500307161
126.0,-1.7497775388275099,3.7255602064279705,0.6842385070429877,22.924556778512112,23.913350045598463,16.62833521737474,0.07230378145002303,-6.518901568757244
127.0,-1.7497775388275099,3.7256770425542816,0.6840764906042074,22.918586059277175,23.904796632197133,16.653544604861963,0.07279171140506403,-6.519106005986787
128.0,-1.7497775388275099,3.7257912574713696,0.683914474165427,22.912696172343317,23.89628837493126,16.678930063764483,0.07327505482708283,-6.519305856683307
129.0,-1.7497775388275099,3.7259028767179188,0.6837524577266468,22.906886862752458,23.887825467789867,16.704491058567214,0.07375385640309359,-6.519501165533819
130.0,-1.7497775388275099,3.7260119257493582,0.6835904412878665,22.901157871628072,23.879408106607116,16.730227050051838,0.07422816067443556,-6.519691977079662
131.0,-1.7497775388275099,3.7261184290973097,0.6834284248490862,22.895508936175304,23.871036489062362,16.75613749530862,0.07469801056599003,-6.519878334245718
132.0,-1.7497775388275099,3.726222411064428,0.6832664084103058,22.889939789680852,23.8627108146801,16.782221847747564,0.07516344860199607,-6.520060279556225
133.0,-1.7497775388275099,3.726323895748921,0.6831043919715255,22.8844501615132,23.854431284829843,16.808479557110104,0.07562451694895499,-6.520237855177686
134.0,-1.7497775388275099,3.7264229070445487,0.6829423755327452,22.87903977712233,23.846198102726476,16.834910069480543,0.07608125741563265,-6.520411102918865
135.0,-1.7497775388275099,3.7265194686406216,0.6827803590939648,22.873708358039835,23.838011473429958,16.861512827298043,0.07653371145305331,-6.520580064230787
136.0,-1.7497775388275099,3.726613604022006,0.6826183426551845,22.86845562187915,23.829871603845277,16.888287269367993,0.07698192015450805,-6.520744780206742
137.0,-1.7497775388275099,3.726705336469121,0.6824563262164042,22.863281282335095,23.821778702722725,16.91523283087406,0.07742592425554948,-6.520905291582285
138.0,-1.7497775388275099,3.7267946890579347,0.6822943097776238,22.85818504918427,23.81373298065762,16.942348943390243,0.07786576413399005,-6.521061638735228
139.0,-1.7497775388275099,3.72688168465997,0.6821322933388435,22.85316662828484,23.805734650090642,16.969635034892462,0.07830147980990759,-6.521213861685646
140.0,-1.7497775388275099,3.7269663459423037,0.6819702769000632,22.84822572157674,23.797783925307385,16.997090529771185,0.07873311094564218,-6.521362000095881
141.0,-1.7497775388275099,3.727048695367564,0.6818082604612828,22.843362027081355,23.78988102243875,17.024714848842905,0.07916069684579609,-6.5215060932705375
142.0,-1.7497775388275099,3.7271287551939305,0.6816462440225026,22.838575238901797,23.782026159460656,17.05250740936299,0.07958427645723307,-6.521646180156476
143.0,-1.7497775388275099,3.7272065474751366,0.6814842275837223,22.833865047222787,23.77421955619434,17.080467625037613,0.08000388836908066,-6.521782299342825
144.0,-1.7497775388275099,3.7272820940604685,0.681322211144942,22.829231138310774,23.766461434306052,17.108594906036046,0.08041957081272785,-6.521914489060974
145.0,-1.7497775388275099,3.727355416594765,0.6811601947061616,22.824673194513707,23.758752017307245,17.136888659003546,0.08083136166182897,-6.522042787184576
146.0,-1.7497775388275099,3.7274265365184167,0.6809981782673813,22.820190894261202,23.75109153055456,17.165348287073357,0.08123929843229594,-6.5221672312295444
147.0,-1.7497775388275099,3.7274954750673674,0.680836161828601,22.815783912064546,23.74348020124978,17.193973189879557,0.08164341828230834,-6.5222878583540576
148.0,-1.7497775388275099,3.7275622532731143,0.6806741453898206,22.811451918516696,23.735918258439767,17.222762763569847,0.08204375801230565,-6.522404705358557
149.0,-1.7497775388275099,3.7276268919627045,0.6805121289510403,22.807194748780887,23.728405840479752,17.251716400817998,0.0824403540649888,-6.522517808685741
150.0,-1.7497775388275099,3.727689411758741,0.68035011251226,22.803012685087992,23.72094300873016,17.280833490836812,0.08283324252532409,-6.522627204420578
151.0,-1.7497775388275099,3.727749833079378,0.6801880960734796,22.798905616263824,23.713530082297325,17.310113419390973,0.08322245912054003,-6.522732928290295
152.0,-1.7497775388275099,3.7278081761383217,0.6800260796346993,22.794873388967687,23.706167172476967,17.339555568810226,0.08360803922012428,-6.522835015664381
153.0,-1.7497775388275099,3.7278644609448315,0.679864063195919,22.790915842289053,23.698854155463493,17.369159318001948,0.08399001783583135,-6.522933501554589
154.0,-1.7497775388275099,3.7279187073037194,0.6797020467571386,22.78703280774755,23.69159067235006,17.398924042464614,0.08436842962167493,-6.523028420614934
155.0,-1.7497775388275099,3.7279709348153496,0.6795400303183583,22.783224109293087,23.684376129128736,17.428849114300988,0.08474330887393325,-6.523119807141693
156.0,-1.7497775388275099,3.7280162331162225,0.6793796559384997,22.779489563305674,23.67720969669034,17.458933902231024,0.08510319031102741,-6.523199069091108
157.0,-1.7497775388275099,3.727927554781095,0.6792633734086039,22.775829100730448,23.67006317761286,17.489177771605625,0.08515149151101102,-6.523043901732121
158.0,-1.209159974606952,3.727063554050869,0.6792023056874535,22.772238542463242,23.662402248864566,17.51958008441966,0.05787190585576268,-4.506616072374644
159.0,-0.6685424103863942,3.7260636571541577,0.6791868608497731,22.768698838717,23.653987477008684,17.550140199325654,0.03133912639252424,-2.4910315786069837
160.0,-0.12792484616583638,3.7249557418596257,0.6792081609593743,22.76519141707007,23.644825369730597,17.580857471647164,0.005852252249123649,-0.47651439025194153
161.0,0.4126927180547214,3.723765413470866,0.679258042069157,22.761701277524082,23.63498315045274,17.611731253392634,-0.018367868077241813,1.5367708698834552
162.0,0.9533102822752791,3.7225160048263963,0.6793290542211083,22.758216992503492,23.624588758334482,17.6427608932687,-0.041170564072134146,3.5487127833352963
163.0,0.9533102822752791,3.721837852294537,0.6794144614463036,22.754730706856037,23.613830848272244,17.67394573669418,-0.040442654704602427,3.548066293553724
164.0,0.9533102822752791,3.7211404677887834,0.6795082417649053,22.751238137852454,23.602958790899322,17.705285125813816,-0.03968842914256983,3.5474014697336895
165.0,0.7626482258202235,3.7206552428900577,0.6796050871861642,22.74773857518653,23.59228267258601,17.73677839951216,-0.03130682841721736,2.8375511198788153
166.0,0.5719861693651678,3.7201815444389608,0.6797004037084183,22.74423827000976,23.582054278433986,17.76842489342755,-0.023154652617994282,2.1278923909466347
167.0,0.38132411291011215,3.7197313429486423,0.6797903113190935,22.740749266128148,23.57219775380105,17.80022393996603,-0.01523047845485182,1.4184232546138311
168.0,0.19066205645505646,3.7193143364671815,0.6798716439947033,22.73727852415567,23.562633127830793,17.832174868315462,-0.007520224858926735,0.7091321199936066
169.0,7.549516567451064e-16,3.718937950577581,0.6799419497008491,22.733831837162484,23.55329321948915,17.864277004459893,-2.944009546832114e-17,2.8076183671207957e-15
170.0,7.549516567451064e-16,3.718392462260148,0.67999949039222,22.730413904858437,23.54412231764678,17.896529671193377,-2.898483771905942e-17,2.8072065498118144e-15
171.0,7.549516567451064e-16,3.717895628305365,0.6800432420125924,22.727028333593466,23.53507618107915,17.928932188134524,-2.8576721743483297e-17,2.8068314641945237e-15
172.0,7.549516567451064e-16,3.7174480569010155,0.6800728944948308,22.72367763635708,23.526122038466383,17.96148387174088,-2.821644077966569e-17,2.8064935694212985e-15
173.0,7.549516567451064e-16,3.7170480837698117,0.6800888517608874,22.720363232778823,23.517238588393298,17.9941840353232,-2.7902433437162966e-17,2.8061916090432423e-15
174.0,7.549516567451064e-16,3.716691772169389,0.6800922317218019,22.717085448461205,23.50841588957894,18.02703198906005,-2.76308836970143e-17,2.8059226110101857e-15
175.0,7.549516567451064e-16,3.7163729128923126,0.6800848662777018,22.713843797109348,23.49961708901037,18.060027040012244,-2.7395720911743003e-17,2.8056818876706885e-15
176.0,7.549516567451064e-16,3.7160830242660734,0.6800693013178024,22.71063919766368,23.490842445729015,18.09316849213758,-2.7188619805355184e-17,2.8054630357720375e-15
177.0,7.549516567451064e-16,3.7158113521530876,0.6800487967204066,22.70747333399828,23.482130447904126,18.12645564630543,-2.699900047334008e-17,2.8052579364602475e-15
178.0,7.549516567451064e-16,3.7155448699507003,0.680027326352905,22.70434807722762,23.473514542690566,18.159887800311594,-2.681402838267106e-17,2.8050567552800622e-15
179.0,7.549516567451064e-16,3.7152682785911813,0.6800095780717758,22.701265485706244,23.465023136229036,18.19346424889295,-2.6618614371803633e-17,2.804847942174952e-15
180.0,-0.04793879871742474,3.715018674837411,0.6800007531960003,22.698227805029205,23.45667959364573,18.227184283742588,0.0016787170970700707,-0.17809353248450466
181.0,-0.1351265662104218,3.7148226035770597,0.6799893832089391,22.69523746803162,23.448502239052743,18.261047193524462,0.004706893458394872,-0.501971222502227
182.0,-0.25444867146657674,3.7147014107803673,0.6799661358879039,22.692297094789012,23.440504355547773,18.295052263888522,0.008838344549413317,-0.9452008388680828
183.0,-0.4000801472792242,3.7146473818354595,0.6799312206018113,22.68940949261713,23.432694185214302,18.329198777485885,0.013889246899326723,-1.486156671615115
184.0,-0.5672519138605964,3.7146538880070508,0.6798848892502601,22.686577656072018,23.42507492912148,18.36348601398379,0.019722781087805487,-2.107144527301705
185.0,-0.7041205802071399,3.714661143702586,0.6798274362635303,22.683804766950004,23.417644747324175,18.397913250080933,0.024527130292752705,-2.6155693597767824
186.0,-0.8161791664778244,3.714673877356359,0.6797591986025834,22.681094194287652,23.410396758862873,18.432479759522664,0.02849663340309642,-3.031839428957661
187.0,-0.907924977204076,3.71469559112262,0.679680555759063,22.67844949436187,23.40331904176395,18.467184813116262,0.03179102518425618,-3.3726649098900863
188.0,-0.9830400939117299,3.7147287642907627,0.679591929755294,22.675874410689744,23.396394633039336,18.5020276787464,0.03454091712150684,-3.6517273133049954
189.0,-1.044539149981328,3.714775019827588,0.6794937851442832,22.673370276377625,23.389585009886332,18.537007621390615,0.03685263088638943,-3.880227941582579
190.0,-1.094890318470775,3.714835260730584,0.6793866290097185,22.670936679981708,23.38287053562317,18.57212390313458,0.03881236367421023,-4.067337161687774
191.0,-1.1361143685664963,3.7149097816645433,0.67927101096597,22.668575388023385,23.376263096339187,18.607375783188104,0.040489719468694424,-4.220562380877313
192.0,-1.1698657661462906,3.7149983603619017,0.679147523158089,22.666288070840324,23.369772601543275,18.642762517900337,0.041940667132422414,-4.346049403076989
193.0,-1.19749907330423,3.715100332454997,0.6790168002618089,22.66407629853802,23.363406943556015,18.678283360775595,0.04320999636288418,-4.448829205347096
194.0,-1.3069251572172034,3.715312478423465,0.6788795194835441,22.661941540989915,23.357171997509738,18.71393756248915,0.0476151505904422,-4.855635344974624
195.0,-1.4098634302277309,3.7155329068688134,0.6787364005603911,22.65988516783733,23.351071621348467,18.74972437090321,0.05187804860438648,-5.238393969202077
196.0,-1.5074899329322713,3.7157604399040607,0.6785882057601279,22.657908448489536,23.34510765582803,18.785643031082373,0.05603676875657774,-5.60147145634336
197.0,-1.600767525934014,3.715993555279842,0.6784357398812141,22.65601255212357,23.339279924515893,18.82169278530978,0.0601213312351464,-5.948441809872054
198.0,-1.6904845328197164,3.7162304299350453,0.6782798502527908,22.654198547684587,23.333586233791266,18.857872873103304,0.06415486796439054,-6.282230062199159
199.0,-1.6904845328197164,3.716371149973136,0.678121426734681,22.652467403885453,23.328022372845055,18.894182531231195,0.0646605655192406,-6.282467947247008
200.0,-1.6904845328197164,3.7165139067420174,0.6779614017173892,22.650819989207037,23.322582113679857,18.93062099372844,0.06517241344558584,-6.282709275356758
201.0,-1.6904845328197164,3.7166556764143013,0.6778007501221014,22.649257071898205,23.31725721111013,18.967187491912796,0.06568365192081198,-6.282948934794978
202.0,-1.6904845328197164,3.7167933310540713,0.6776404894006853,22.647779319975484,23.31203740276186,19.003881254401165,0.06618727323098586,-6.283181637834379
203.0,-1.6904845328197164,3.7169236386168754,0.6774816795356904,22.646387301223513,23.306910409072827,19.040701507125732,0.06667602177084872,-6.283401920753809
204.0,-1.6904845328197164,3.7170436373053017,0.6773253689738808,22.645081483194815,23.301861933292628,19.077647473350225,0.06714311828464775,-6.283604776680552
205.0,-1.6904845328197164,3.717156462003135,0.6771707669523834,22.64386223320969,23.29687566148249,19.114718373686458,0.06759519901733876,-6.28379550508716
206.0,-1.6904845328197164,3.717268905577514,0.6770155124040353,22.642729818356543,23.291933262515272,19.151913426110866,0.06804773855327398,-6.283985589210463
207.0,-1.6904845328197164,3.7173854195372242,0.6768580103460275,22.641683797323083,23.287021726451428,19.1892318459806,0.06851095839297099,-6.28418255425721
208.0,-1.6904845328197164,3.717507925570882,0.6766975394371076,22.640721547575367,23.282167759332765,19.22667284605052,0.06898932653754343,-6.284389648812286
209.0,-1.6904845328197164,3.717635815546939,0.6765342519775791,22.639843365313936,23.277379538805747,19.26423563648956,0.06948155748870699,-6.284605844838713
210.0,-1.6904845328197164,3.7177659515136776,0.6763691739093018,22.63904955792316,23.272656277107444,19.301919424897335,0.06998061224877261,-6.284825837677648
211.0,-1.6904845328197164,3.7178926656992126,0.676204204815692,22.638339974354835,23.267992308605074,19.339723416321135,0.07047369832064876,-6.285040046048383
212.0,-1.6904845328197164,3.718007760511493,0.6760421179217219,22.63771400512809,23.263377089795654,19.377646813272463,0.07094226970784594,-6.2852346120483515
213.0,-1.6904845328197164,3.7181005085382974,0.6758865600939199,22.637170582329475,23.258795199306576,19.415688815743863,0.0713620269144669,-6.285391401153114
214.0,-1.6904845328197164,3.7181576525472404,0.675742051840371,22.636708179612697,23.254226337895034,19.453848621225916,0.07170291694521722,-6.2854880022163755
215.0,-1.6904845328197164,3.718163405485767,0.6756139873107161,22.63632481219912,23.24964532844848,19.492125424724065,0.07192913330539918,-6.285497727469973
216.0,-1.1273783735477945,3.7174648298396558,0.6755086342961524,22.63601766268914,23.244819780819796,19.530518418775728,0.04730050749208619,-4.190989453585759
217.0,-0.5642722142758725,3.7166650304377193,0.6754366826106862,22.63577355481482,23.23925494883241,19.569026793467117,0.023264011119295137,-2.0972108064467947
218.0,-0.0011660550039504613,3.7156554892938822,0.6754346407484842,22.635573705126035,23.23297763193665,19.607649736450526,4.6899721709493525e-05,-0.004332658676247131
219.0,0.5619401042679716,3.7144762952976533,0.6754898998172615,22.635403014717497,23.226081172636952,19.64638643296138,-0.021908019141282833,2.0873131966804723
220.0,1.1250462635398937,3.713197149500989,0.6755799033349866,22.63525023674032,23.218703374262248,19.685236065835454,-0.04232114224371974,4.177518578833071
221.0,1.1250462635398937,3.712510780859219,0.6756858064411231,22.635107976402367,23.21102650096583,19.724197815525997,-0.041429799874029276,4.176746382357237
222.0,1.1250462635398937,3.7118290843065473,0.6757924758966287,22.63497269096797,23.203277277725647,19.763270860121224,-0.04054285164222776,4.175979442197786
223.0,0.9000370108319151,3.7114405681083555,0.6758884900839561,22.634844689757983,23.19572689034385,19.802454375361492,-0.03199818603394227,3.3404338748005493
224.0,0.6750277581239367,3.711114976936293,0.6759661390070524,22.63472979594411,23.188617844798443,19.841747534656747,-0.023726441268035987,2.5051056230214708
225.0,0.45001850541595817,3.7108640481516875,0.6760214242913593,22.634639079168892,23.181893707756046,19.881149509103977,-0.015679825514394657,1.6699574927510346
226.0,0.22500925270797967,3.710687926377739,0.6760540591838131,22.634579360623945,23.175472150008943,19.920659467504663,-0.0077929405756923835,0.8349391173467777
227.0,1.1546319456101628e-15,3.7105751634995228,0.6760674685528447,22.634556127986684,23.169285505645973,19.960276576382284,-3.984368695480332e-17,4.284348620364202e-15
228.0,1.1546319456101628e-15,3.7102491332361867,0.6760687888883797,22.634573726641236,23.163277017049836,20.0,-3.946571749593197e-17,4.2839721754069186e-15
229.0,1.1546319456101628e-15,3.709931180110606,0.6760681507712487,22.634635359678384,23.157400834896862,20.03982890037821,-3.909933545035468e-17,4.283605056570917e-15
230.0,1.1546319456101628e-15,3.7096134520616575,0.6760683460130511,22.634743087895572,23.151622018157184,20.07976243731224,-3.873225106259971e-17,4.283238197615584e-15
231.0,1.1546319456101628e-15,3.7092983073142114,0.6760687263450691,22.63489782979707,23.145916534094454,20.11979976839001,-3.836793572620942e-17,4.282874321422692e-15
232.0,1.1546319456101628e-15,3.708986660910201,0.676068995680194,22.63509974705852,23.14027470597216,20.159940049010004,-3.8007787849465385e-17,4.282514484528887e-15
233.0,1.1546319456101628e-15,3.708680236962732,0.6760685719749878,22.635350404514554,23.13470795818688,20.200182432398833,-3.7654470194384314e-17,4.282160677650239e-15
234.0,1.1546319456101628e-15,3.708381568656086,0.6760665872296836,22.635649411875477,23.129203347237876,20.240526069629254,-3.7311909876721653e-17,4.281815825682244e-15
235.0,1.1546319456101628e-15,3.7080939982457166,0.6760618874881847,22.635996622784717,23.12375599770496,20.28097010963802,-3.698529836596746e-17,4.281483787699819e-15
236.0,1.1546319456101628e-15,3.7078216770582526,0.6760530328380654,22.636392669119914,23.118375244160404,20.32151369924395,-3.6681091485350026e-17,4.281169356957307e-15
237.0,1.1546319456101628e-15,3.7075695654914966,0.6760382974105705,22.636838960992975,23.113084631168988,20.36215598316562,-3.640700941183379e-17,4.2808782608884725e-15
238.0,-0.09622993763039751,3.7074518841541364,0.6760156693806155,22.637337686750016,23.10792191328801,20.40289610403977,0.0030251049869915348,-0.3567678635798523
239.0,-0.27124628456557964,3.707455552729899,0.675982850966787,22.637891812971247,23.102939055067225,20.44373320243926,0.00853685341848434,-1.0056335438700126
240.0,-0.5107674877231773,3.707571863519787,0.6759372584313417,22.638505084471205,23.0982022310489,20.484666416891116,0.016157927766139245,-1.8937071662831402
241.0,-0.8031008003929401,3.707795835480758,0.6758760220802074,22.639182024298634,23.093791825767653,20.525694883894744,0.025634827690374153,-2.977733803168207
242.0,-1.1386730112552348,3.7081256853573263,0.6757959862629823,22.639928129514487,23.08979927153956,20.56681773794014,0.036812955820730825,-4.222342640258708
243.0,-1.4134163001665647,3.7084539435410413,0.6756937093729357,22.64075233112095,23.086232600271046,20.608034111526308,0.04630384897047203,-5.241589252217885
244.0,-1.638357080000059,3.708803660695232,0.6755654638470074,22.641661648723925,23.083015336678784,20.649343135179265,0.054456035132721695,-6.07634473583017
245.0,-1.8225230140710846,3.709190994547217,0.6754090034407905,22.642660768708822,23.080071809512617,20.690743937470643,0.06156845625260465,-6.760085951147518
246.0,-1.9733053279643653,3.7095673939558824,0.675242587145625,22.643752813430126,23.07732729865586,20.732235645035985,0.06773332416002606,-7.320109102936028
247.0,-2.096755445369052,3.709914138948226,0.6750745818911413,22.64493934121151,23.074708035125127,20.773817382592995,0.07305003097368543,-7.77878267269133
248.0,-1.95497740552979,3.7099549104381913,0.6749077600218399,22.6462203463459,23.072141201070508,20.81548827296041,0.0685163871921684,-7.2528780254409595
249.0,-1.7842154654635798,3.709949132631721,0.674744438468242,22.647594259095285,23.06955492977562,20.857247437076012,0.06281275978339215,-6.61934861852471
250.0,-1.5897235149374231,3.7098972908574344,0.6745864787468892,22.64905794569097,23.06687830565744,20.89909399401563,0.056134428343668386,-5.897710961278705
251.0,-1.3758030750768464,3.709800184391066,0.6744352869603438,22.65060670833327,23.06404136426636,20.94102706101131,0.04865513463496294,-5.10395450160588
252.0,-1.1459759335123318,3.7096591210152683,0.674291813797189,22.652234290300157,23.060980211901835,20.98304575347032,0.040530082905053874,-4.251180074218008
253.0,-1.1459759335123318,3.709749768765968,0.6741565545320285,22.653935023201427,23.057855374518795,21.025149184993495,0.040788966908441665,-4.251283954358738
254.0,-1.1459759335123318,3.7098132257157563,0.6740295490254864,22.655707738102876,23.054774908155878,21.06733646739417,0.04100723229963404,-4.251356674496009
255.0,-1.1459759335123318,3.7098509923923353,0.6739103817242078,22.65755204688662,23.051743259798968,21.10960671071672,0.041187074861408886,-4.251399954198457
256.0,-1.1459759335123318,3.7098659565899785,0.6737981816608584,22.659467590305383,23.048764156730556,21.15195902325553,0.04133280204410951,-4.251417102808821
257.0,-1.1459759335123318,3.7098623933695274,0.6736916224541241,22.66145403798265,23.045840606529566,21.194392511573653,0.04145083296563851,-4.2514130194439375
258.0,-1.1459759335123318,3.709845965058396,0.673588922308712,22.66351108841269,23.042974897071417,21.236906280521623,0.04154969841146386,-4.251394192994753
259.0,-1.1459759335123318,3.7098237212505665,0.6734878440153496,22.665638468960367,23.040168596528133,21.27949943325666,0.041640040834615415,-4.25136870212631
260.0,-1.1459759335123318,3.70980409880659,0.6733856949507849,22.66783593586132,23.03742255336806,21.322171071261096,0.041734614355683805,-4.251346215277757
261.0,-1.1459759335123318,3.7097941733840023,0.6732801994693437,22.670103274221958,23.034736896356094,21.364920294361696,0.041844135343094176,-4.2513348409823415
262.0,-1.1459759335123318,3.709785260029173,0.673174090586611,22.672440298019353,23.032111034553736,21.407746200748647,0.04195551907891654,-4.25132462649222
263.0,-1.1459759335123318,3.7097754293364735,0.6730679817038784,22.674846850101346,23.029543657318754,21.45064788699426,0.04206585156761686,-4.251313360754977
264.0,-1.1459759335123318,3.709764690133247,0.6729618728211458,22.677322706972802,23.027034309685916,21.493624448072467,0.04217514292511709,-4.251301053886534
265.0,-1.1459759335123318,3.7097530511691343,0.6728557639384132,22.679867604669084,23.024584066388627,21.536674977377515,0.042283403178296805,-4.2512877159137705
266.0,-1.1459759335123318,3.709740521116075,0.6727496550556805,22.682481373655776,23.022192993060514,21.579798566743307,0.042390642264988544,-4.251273356774519
267.0,-1.1459759335123318,3.709727108568304,0.672643546172948,22.685163843195483,23.019861151150508,21.6229943064626,0.042496870033979416,-4.251257986317566
268.0,-1.1459759335123318,3.709712822042356,0.6725374372902153,22.68791484110011,23.017588601319687,21.666261285306064,0.0426020962450131,-4.251241614302656
269.0,-1.1459759335123318,3.709697669977062,0.6724313284074827,22.69073419373086,23.015375403441,21.709598590541475,0.042706330568786796,-4.251224250400486
270.0,-1.1459759335123318,3.7096816607335517,0.67232521952475,22.693621725998014,23.013221616599367,21.753005307953174,0.04280958258695324,-4.25120590419271
271.0,-1.1459759335123318,3.709664802595249,0.6722191106420174,22.696577261361256,23.011127299091754,21.796480521861156,0.042911861792118214,-4.251186585171931
272.0,-1.1459759335123318,3.7096471037678787,0.6721130017592848,22.69960062182929,23.00909250842693,21.840023315140456,0.04301317758784353,-4.251166302741713
273.0,-1.1459759335123318,3.709628572379461,0.6720068928765521,22.70269162796029,23.007117301325763,21.88363276924059,0.04311353928864607,-4.251145066216572
274.0,-1.1459759335123318,3.7096092164803154,0.6719007839938196,22.70585009886139,23.00520173372115,21.927307964204715,0.04321295611999724,-4.25112288482198
275.0,-1.1459759335123318,3.7095890440430574,0.6717946751110869,22.70907585218913,23.003345860757804,21.97104797868917,0.04331143721832299,-4.251099767694361
276.0,-1.1459759335123318,3.7095680629626013,0.6716885662283543,22.71236870414924,23.00154973679247,22.01485188998305,0.043408991631004326,-4.251075723881099
277.0,-1.1459759335123318,3.7095462810561566,0.6715824573456217,22.71572846949664,22.999813415393874,22.05871877402734,0.043505628316376256,-4.251050762340528
278.0,-1.1459759335123318,3.709523706063233,0.6714763484628891,22.71915496153548,22.998136949342666,22.102647705434777,0.04360135614372988,-4.251024891941938
279.0,-1.1459759335123318,3.709500345645635,0.6713702395801564,22.722647992119107,22.996520390631588,22.146637757508927,0.04369618389330931,-4.2509981214655745
280.0,-1.1459759335123318,3.7094762073874668,0.6712641306974239,22.72620737165022,22.994963790465135,22.190688002264324,0.04379012025631519,-4.2509704596026365
281.0,-1.1459759335123318,3.709451298795129,0.6711580218146912,22.729832909080585,22.99346719926001,22.23479751044539,0.043883173834902256,-4.25094191495528
282.0,-1.1459759335123318,3.709425627301936,0.6710519129319585,22.733524411911276,22.99203066664478,22.278965351546674,0.04397535314746889,-4.250912496041903
283.0,-1.1459759335123318,3.709399200286011,0.6709458040492259,22.737281687241705,22.99065424096466,22.323190593831896,0.04406666664916751,-4.250882211317658
284.0,-1.1459759335123318,3.7093720250015068,0.6708396951664932,22.74110460480631,22.989337939777272,22.36747230435401,0.044157122653083185,-4.2508510690956305
285.0,-1.1459759335123318,3.7093441086274055,0.6707335862837607,22.744993037456652,22.988081778392655,22.411809548974816,0.044246729386155335,-4.25081907760276
286.0,-1.1459759335123318,3.70931545827909,0.670627477401028,22.748946830594946,22.986885783634307,22.456201392384457,0.04433549500244259,-4.250786244993103
287.0,-1.1459759335123318,3.709286081008349,0.6705213685182954,22.752965828539516,22.98574998125406,22.500646898121374,0.04442342758312485,-4.250752579347842
288.0,-1.1459759335123318,3.7092559838033776,0.6704152596355628,22.75704987452508,22.984674395932075,22.545145128592026,0.044510535136504784,-4.250718088675279
289.0,-1.1459759335123318,3.709225173588772,0.6703091507528302,22.76119881070241,22.98365905127696,22.589695145090502,0.04459682559800379,-4.250682780910834
290.0,-1.1459759335123318,3.7091936572255344,0.6702030418700975,22.76541247813867,22.98270396982548,22.63429600781859,0.044682306830165545,-4.250646663917052
291.0,-1.1459759335123318,3.7091614415110725,0.670096932987365,22.769690716817195,22.981809173042734,22.67894677590533,0.04476698662265445,-4.250609745483597
292.0,-1.1459759335123318,3.7091285331791957,0.6699908241046323,22.774033365637536,22.980974681322323,22.723646507427077,0.04485087269225517,-4.250572033327255
293.0,-1.1459759335123318,3.7090949389001207,0.6698847152218996,22.778440262415472,22.980200513986006,22.768394259427225,0.04493397268287515,-4.2505335350919315
294.0,-1.1459759335123318,3.7090606652804663,0.6697786063391671,22.78291124388312,22.979486689283874,22.813189087936223,0.045016294165540024,-4.250494258348653
295.0,-1.1459759335123318,3.709025718863257,0.6696724974564344,22.78744614568876,22.978833224394464,22.858030047991406,0.045097844638399255,-4.250454210595569
296.0,-1.1459759335123318,3.708990106127921,0.6695663885737018,22.792044802396845,22.978240135424528,22.902916193656893,0.04517863152672151,-4.250413399257948
297.0,-1.1459759335123318,3.708953833490292,0.6694602796909692,22.796707047488212,22.977707437409208,22.947846578043652,0.04525866218289672,-4.250371831688179
298.0,-1.1459759335123318,3.7089169073026067,0.6693541708082366,22.80143271605931,22.97723500959762,22.9928202533294,0.04533794388643657,-4.250329515165776
299.0,-1.1459759335123318,3.708879333853506,0.6692480619255039,22.80622166837486,22.976822899356534,23.037836270778655,0.04541648384397199,-4.250286456897367
300.0,-1.1459759335123318,3.708841119368038,0.6691419530427712,22.811073767748837,22.97647142884,23.082893680762595,0.0454942891892577,-4.250242664016709
301.0,-1.1459759335123318,3.708802270007652,0.6690358441600387,22.815988860978962,22.976180522409834,23.12799153277939,0.04557136698316612,-4.250198143584675
302.0,-1.1459759335123318,3.7087553192042733,0.6689321658144891,22.820966778166962,22.975949692050335,23.173128875473935,0.04563637538126115,-4.250144339093944
303.0,-1.1459759335123318,3.708679213656273,0.6688378839030832,22.826007332718973,22.9757780373684,23.218304756658085,0.04565720505628263,-4.250057123967529
304.0,-1.1459759335123318,3.7085696561225503,0.6687546154282527,22.831110321345534,22.975664245593634,23.26351822333072,0.045627078427477694,-4.249931573670547
305.0,-1.1459759335123318,3.708424144060954,0.6686833788221553,22.836275570589578,22.975598247948597,23.308768321697812,0.045541960543025194,-4.249764820349922
306.0,-0.7852790698099987,3.7078345670407655,0.6686248830183598,22.841501058674567,22.9753219779941,23.35405409719266,0.03079054419665781,-2.9116848798151316
307.0,-0.4245822061076655,3.707206722838879,0.6685795274518446,22.84677665563885,22.974663673815655,23.39937459449584,0.01640041983317839,-1.5740140088801002
308.0,-0.06388534240533232,3.706540801343621,0.6685474020589997,22.852091995092962,22.973596155025632,23.44472885755556,0.0024272213224404695,-0.23679362823317207
309.0,0.2968115212970009,3.7058378899201467,0.6685282872776248,22.857438411824262,22.972143573355766,23.49011592960761,-0.011073919919313075,1.0999353817872666
310.0,0.6575083849993341,3.705099973410435,0.6685216540469309,22.8628089417968,22.970381412656593,23.53553485319577,-0.024050551690686563,2.4361342997781708
311.0,0.6575083849993341,3.704736439498686,0.6685266638075391,22.868198322151613,22.96843648889785,23.580984670191867,-0.023808231135873204,2.435895273182964
312.0,0.6575083849993341,3.70434456261514,0.6685421685014813,22.87360299120644,22.96648695016819,23.62646442181591,-0.02354037433278067,2.4356376108461455
313.0,0.6575083849993341,3.7039290200322585,0.6685667105721999,22.879021860866544,22.96469897138826,23.671973148656605,-0.023251014982928916,2.4353643881135763
314.0,0.6575083849993341,3.703495386499327,0.6685985229645477,22.88445902289351,22.963028010276958,23.71750989069136,-0.022944980384293854,2.435079270429657
315.0,0.5260067079994676,3.703198336632437,0.6686355291247886,22.889918550467996,22.961521026475907,23.76307368730653,-0.01818026859631654,1.9479071661211325
316.0,0.3945050309996011,3.702897037744549,0.6686753430005965,22.89540428114293,22.96021910036751,23.80866357731776,-0.013500630745821224,1.4608115106637443
317.0,0.2630033539997346,3.70259975701543,0.6687152690410563,22.900919961399268,22.95914219417557,23.854278598990277,-0.00891173398582364,0.9737961546136605
318.0,0.1315016769998682,3.702315659101672,0.6687523021966629,22.906469246645656,22.958289151965005,23.89991779005919,-0.00441363771875357,0.48686071795474223
319.0,1.7319479184152442e-15,3.702054806136694,0.6687831279193226,22.912055701218947,22.95763769964202,23.94558018774967,-5.762481383075556e-17,6.411766115347597e-15
320.0,1.7319479184152442e-15,3.701679955340762,0.6688041221623516,22.917682798043813,22.957144183103992,23.99126482879734,-5.693923083951253e-17,6.4111168932918666e-15
321.0,1.7319479184152442e-15,3.701351020399371,0.6688113993715235,22.923352999909753,22.95674145887881,24.036970749468594,-5.635692890519864e-17,6.410547195104831e-15
322.0,1.7319479184152442e-15,3.7010345557139024,0.6688159020387965,22.92906625016633,22.956404653166544,24.08269698558098,-5.580103016673902e-17,6.409999094751581e-15
323.0,1.7319479184152442e-15,3.700711045936193,0.6688238986022266,22.934822653408048,22.95613800092184,24.128442572523397,-5.522687844926131e-17,6.4094387926654905e-15
324.0,1.7319479184152442e-15,3.7003976542221313,0.6688295664396458,22.94062302589009,22.955958638452216,24.17420654527666,-5.4674283923222843e-17,6.408896014538673e-15
325.0,-0.07801475325700519,3.7001968777275063,0.6688279365709148,22.94646889552837,22.95589660341841,24.219987938433633,0.0024472402042648883,-0.2886699464182524
326.0,-0.21990258419931424,3.7001047646857996,0.6688148936579232,22.95236250189936,22.955994834834257,24.265785786219624,0.0068807234982929295,-0.8136625995626029
327.0,-0.41408526813631924,3.7001176637126183,0.6687871760045896,22.95830679624038,22.956309173066586,24.31159912251303,0.01297349340342017,-1.5321642149143706
328.0,-0.651083356447774,3.7002317001171825,0.6687423755568608,22.964305444263175,22.956908368078814,24.357426980865284,0.020502175127006795,-2.4091592749467483
329.0,-0.9231357330260603,3.700442347142436,0.6686789379027128,22.97036471955903,22.957854415714564,24.40326839452166,0.029321938071916978,-3.416010558650008
330.0,-1.1458733801786554,3.7006561522992154,0.6685961622721502,22.976490793686025,22.95912457320867,24.44912239644134,0.03673668914080549,-4.240483374114039
331.0,-1.3282355417707175,3.7008822328821207,0.6684942015372065,22.98268763394492,22.96067349334794,24.494988019318043,0.04301893436029687,-4.915643317621806
332.0,-1.477541051663915,3.701125291356653,0.6683740622119437,22.988958556198156,22.962458821637142,24.540864295600272,0.0483912855537575,-5.468564555331023
333.0,-1.5997820642174647,3.701385946393501,0.668237604452453,22.995306224869466,22.964441196298935,24.58675025751188,0.053030122895834156,-5.921410849786909
334.0,-1.6998645404824473,3.7016610038964752,0.6680875420568537,23.001732652944327,22.966584248273932,24.632644937072257,0.05707033728241055,-6.292322281410276
335.0,-1.7081801274521269,3.7018607035104245,0.6679274424652946,23.008239201969502,22.96885460122064,24.678547366117073,0.05796412217693371,-6.323444888332457
336.0,-1.6929981222970372,3.7020480843649293,0.6677617267599526,23.0148265820535,22.971221871515354,24.724456576318403,0.0580467390456278,-6.267560455483169
337.0,-1.6585779158461165,3.7022114577981062,0.667595669665034,23.021494851866237,22.97365866825237,24.77037159920519,0.05741298173711941,-6.140406163696396
338.0,-1.6084068023603937,3.702335676368221,0.6674353995467733,23.02824341863908,22.976140593243827,24.816291466183998,0.05613384264387546,-5.954861886492216
339.0,-1.5453399368964063,3.702405568802377,0.667286857611868,23.035071038164972,22.978646241019874,24.862215208559064,0.0542703469350221,-5.721475188057968
340.0,-1.5453399368964063,3.7025315961806378,0.6671422415069117,23.04197581479849,22.98115719882844,24.90814185755272,0.05468858311829797,-5.721669943198737
341.0,-1.5453399368964063,3.7026536550369618,0.666998084057024,23.048955532405728,22.983688084996174,24.954070444326305,0.055099977808140306,-5.721858565624067
342.0,-1.5453399368964063,3.7027720328379767,0.666854302267728,23.05600918627374,22.98628145894162,25.0,0.055505103492888216,-5.7220414995676165
343.0,-1.5453399368964063,3.7028869936788946,0.6667108204130958,23.063136222958292,22.98893785999536,25.045929555673695,0.055904485311720924,-5.722219153146266
344.0,-1.5453399368964063,3.702998778283515,0.6665675700357482,23.070336095747166,22.99165722103578,25.09185814244728,0.05629860105466121,-5.722391898360116
345.0,-1.5453399368964063,3.7031076040042223,0.6664244899468545,23.077608264922446,22.994439480421363,25.137784791440936,0.05668788116257402,-5.722560071092487
346.0,-1.5453399368964063,3.7032136648219893,0.6662815262261337,23.084952197760344,22.99728458199047,25.183708533816002,0.05707270872716649,-5.7227239711099225
347.0,-1.5453399368964063,3.7033171313463717,0.6661386322218528,23.09236736853154,23.00019247506151,25.22962840079481,0.0574534194909852,-5.722883862062182
348.0,-1.5453399368964063,3.7034181508155153,0.665995768550828,23.099853258500843,23.003163114432823,25.275543423681597,0.057830301847423014,-5.723039971482254
349.0,-1.5453399368964063,3.70351684709615,0.6658529030984244,23.10740935592736,23.006196460382682,25.321452633882927,0.05820359684071292,-5.723192490786342
350.0,-1.5453399368964063,3.703613320683591,0.6657100110185558,23.11503515606455,23.009292478669522,25.367355062927743,0.05857349816592802,-5.72334157527387
351.0,-1.5453399368964063,3.7037076487017417,0.6655670747336848,23.122730161160007,23.01245114053154,25.41324974248812,0.05894015216898774,-5.723487344127487
352.0,-1.5453399368964063,3.703799884903091,0.665424083934823,23.130493874659237,23.01567227979291,25.459135704399728,0.05930365784665023,-5.723629880413059
353.0,-1.5453399368964063,3.7038900596687134,0.6652810355815308,23.138325809364574,23.01895560767929,25.505011980681957,0.05966406684651651,-5.723769231079676
354.0,-1.5453399368964063,3.7039781800082707,0.6651379339019174,23.14622552527652,23.02230159921868,25.55087760355866,0.06002138346703047,-5.723905406959647
355.0,-1.5453399368964063,3.70406422956001,0.6649947903926409,23.15419258157391,23.025710539123736,25.59673160547834,0.060375564657478176,-5.7240383827685015
356.0,-1.5453399368964063,3.7041481685907653,0.6648516238189079,23.162226532694206,23.029182436736505,25.642573019134716,0.060726520017986514,-5.724168097104992
357.0,-1.5453399368964063,3.7042299339959563,0.6647084602144745,23.170326928333225,23.03271702602825,25.68840087748697,0.06107411179952591,-5.72429445245109
358.0,-1.5453399368964063,3.7043094392995894,0.6645653328816451,23.178493313445472,23.036313765599687,25.734214213780376,0.061418154903908284,-5.72441731517199
359.0,-1.5453399368964063,3.7043776008597122,0.6644251806858692,23.186725228243972,23.039971838680742,25.780012061566367,0.06174007047030291,-5.724522647953009
360.0,-1.5453399368964063,3.704419409707607,0.6642929680779734,23.195022208200157,23.043690153130626,25.82579345472334,0.062008992775813315,-5.724587256835376
361.0,-1.5453399368964063,3.704433155481197,0.664169434221956,23.203383784044092,23.047467341437994,25.871557427476603,0.062221136469968165,-5.724608498728268
362.0,-1.5453399368964063,3.704417618853229,0.6640551495140826,23.211810391909296,23.051358612737033,25.91730301441902,0.062373735821537296,-5.724584489356585
363.0,-1.5453399368964063,3.704371917281226,0.6639505649544004,23.220304879771675,23.055466079754297,25.963029250531406,0.06246473005400226,-5.72451386489219
364.0,-1.5453399368964063,3.704295505007488,0.6638560121467371,23.22886338492566,23.059469385484192,26.00873517120266,0.062492763345552864,-5.724395781953913
365.0,-1.0228838279824857,3.703599365024341,0.6637717032987014,23.23747876480718,23.063089762465665,26.05441981225033,0.04073907108551225,-3.788351895809601
366.0,-0.500427719068565,3.7028724331783827,0.6636977312216832,23.24614121116042,23.06614099688761,26.10008220994081,0.0196041067453813,-1.8530200057373254
367.0,0.02202838984535571,3.7021151740662375,0.663634069330853,23.25483825003778,23.068529428588533,26.145721401009723,-0.0008476767767909809,0.08155163630673799
368.0,0.5444844987592764,3.701328389069306,0.6635805716451624,23.263554741799737,23.070253951056827,26.19133642268224,-0.020553101449440708,2.015315932665881
369.0,1.066940607673197,3.7005132163537664,0.6635369727873438,23.272272882610935,23.071406084796706,26.23692631269347,-0.039451455780229294,3.9482278197591847
370.0,1.066940607673197,3.700259938905314,0.6635028879839109,23.280980997357062,23.072362216296824,26.28249010930864,-0.03921759024635473,3.9479575877644226
371.0,1.066940607673197,3.699981560424931,0.6634778130651577,23.289681532550844,23.073403462456554,26.32802685134334,-0.038947330390384026,3.9476605744594
372.0,1.066940607673197,3.699680229433122,0.6634611244651599,23.298376967064655,23.07457196875265,26.37353557818409,-0.03864363386389514,3.9473390721878885
373.0,1.066940607673197,3.699358431235164,0.6634520792217735,23.30707059494705,23.07591040256233,26.419015329808133,-0.03830994503649333,3.946995732623011
374.0,0.8535524861385578,3.6992594763340816,0.6634498149766357,23.3157665254231,23.077461953163436,26.46446514680423,-0.030565425479426464,3.157512122896575
375.0,0.6401643646039188,3.6991460351917342,0.6634533499751646,23.324469682894176,23.07927033173445,26.50988407039239,-0.022849185152672216,2.368061471195622
376.0,0.42677624306927964,3.6990216034677275,0.6634615830665592,23.333185806938047,23.081379771354364,26.55527114244444,-0.015176171910276901,1.5786545429600594
377.0,0.21338812153464054,3.6988900136064427,0.6634732937037996,23.341921665809082,23.083822636872128,26.60062540550416,-0.007557507330943211,0.7892991917667198
378.0,1.4210854715202005e-15,3.6987554348370346,0.6634871419436467,23.350684100085516,23.08652330930721,26.64594590280734,-5.0119258636111016e-17,5.2562476111532916e-15
379.0,1.4210854715202005e-15,3.6983818847604666,0.663501668446642,23.35947589768756,23.089413220783,26.691231678302188,-4.956776864705589e-17,5.255716764566595e-15
380.0,1.4210854715202005e-15,3.698014694588416,0.6635152944771088,23.36829900868122,23.092443257941227,26.73648177666928,-4.902659627433892e-17,5.255194955947809e-15
381.0,1.4210854715202005e-15,3.697659043904365,0.6635263219031503,23.377155010155207,23.095574260437445,26.781695243341915,-4.850551533936182e-17,5.254689545927768e-15
382.0,1.4210854715202005e-15,3.697320449076572,0.6635329331966515,23.386045106221104,23.098777020941156,26.826871124526065,-4.8014947935710976e-17,5.2542083737372594e-15
383.0,1.4210854715202005e-15,3.696998158126079,0.6635353898257323,23.39497012801303,23.10203228513558,26.87200846722061,-4.755345386846731e-17,5.2537503707499114e-15
384.0,1.4210854715202005e-15,3.6966528860749945,0.6635467650602045,23.4039305336878,23.105330751717986,26.917106319237405,-4.704662759250552e-17,5.2532597096543935e-15
385.0,1.4210854715202005e-15,3.696287763777733,0.663565995004922,23.412926408424937,23.108673072399426,26.962163729221345,-4.6500430205482834e-17,5.252740839662427e-15
386.0,1.4210854715202005e-15,3.6959148662694075,0.6635890256983855,23.421957464426725,23.112069851904778,27.0071797466706,-4.59377823901555e-17,5.252210920430979e-15
387.0,1.4210854715202005e-15,3.695545230070418,0.6636121363640346,23.43102333686278,23.115542474842186,27.052153421956348,-4.537965552683226e-17,5.251685635798848e-15
388.0,1.4210854715202005e-15,3.695188853186453,0.6636319394102476,23.44012599674562,23.119105895979715,27.097083806343107,-4.4845071693379424e-17,5.251179193786659e-15
389.0,1.4210854715202005e-15,3.6948546951084906,0.663645380430342,23.44926468204892,23.122731955933602,27.141969952008594,-4.435110366521704e-17,5.250704326596876e-15
390.0,1.4210854715202005e-15,3.6945506768127974,0.6636497382025743,23.458438377257323,23.12640086510453,27.186810912063777,-4.391287491532335e-17,5.25027229061379e-15
391.0,1.4210854715202005e-15,3.6942836807609263,0.6636426246901399,23.46764680798009,23.130109297011643,27.231605740572775,-4.354355961422847e-17,5.2498928664035225e-15
392.0,1.4210854715202005e-15,3.6940595508997207,0.6636219850411729,23.476890440951138,23.13387038829262,27.276353492572923,-4.325438263001941e-17,5.2495743587140295e-15
393.0,1.4210854715202005e-15,3.6938830926613124,0.6635860975887465,23.486170484029003,23.137713738703496,27.32105322409467,-4.3054619528340125e-17,5.249323596475097e-15
394.0,-0.10582928100839986,3.6938773425628164,0.6635335738508732,23.495488886196938,23.141685411118658,27.36570399218141,0.0032112592258699895,-0.39092038329664164
395.0,-0.2983042489545108,3.694023409096425,0.6634633585305039,23.504848337562635,23.145847931530966,27.410304854909498,0.009116192932078451,-1.1019428786708907
396.0,-0.5617187054180919,3.694305281264513,0.6633747295155289,23.514252269358735,23.15028028905175,27.454854871407974,0.01737426948630582,-2.075160380011122
397.0,-0.8832135027385482,3.694709118180954,0.6632672978787771,23.523704853942206,23.155077935910754,27.499353101878626,0.027769840241560092,-3.263216981868653
398.0,-1.2522604612677797,3.6952226674458557,0.6631410078780167,23.533212734899394,23.160326995743162,27.543798607615543,0.040174593808656046,-4.627381242022903
399.0,-1.5544105555455558,3.695715519351389,0.6629961369559545,23.54278552583537,23.16600174034795,27.588190451025184,0.050859353366392204,-5.744659213573325
400.0,-1.8017901297761831,3.6961988761166205,0.6628332957402365,23.552429388029907,23.172052959376117,27.63252769564599,0.06011777339641967,-6.659774652676748
401.0,-2.004327394882135,3.6966804241497,0.6626534280434476,23.562149666234177,23.178436813038275,27.676809406168104,0.06820124046130603,-7.4093578442477535
402.0,-2.170150882468686,3.697164783105473,0.6624578108631117,23.571950995355337,23.185114374261047,27.721034648453326,0.07531936643957247,-8.02340541668849
403.0,-2.3059156713384406,3.6976538735427664,0.6622480543816915,23.5818373004563,23.192051628686954,27.76520248955461,0.08164283326009433,-8.526478014187553
404.0,-2.4170704791712474,3.698147217936709,0.6620261019665888,23.59181179675585,23.199219474674578,27.809311997735676,0.08730728308609552,-8.938682468104098
405.0,-2.5080763386964398,3.6986421871267803,0.6617942301701443,23.601876989628636,23.20659372329834,27.853362242491073,0.09241748897224031,-9.276476954837127
406.0,-2.58258563460001,3.6991342020914013,0.6615550487296374,23.61203467460507,23.214155098348726,27.897352294565223,0.09705138163251832,-9.553330850778822
407.0,-2.6435886865464497,3.699616880658997,0.6613115069241905,23.622285937371544,23.221889236332004,27.94128122597266,0.10126365263926439,-9.780265330266392
408.0,-2.6935337612066137,3.7000525928030945,0.6610771837643371,23.632631207673285,23.229789160989526,27.98514811001695,0.10498158010272658,-9.966216576955203
409.0,-2.7344253297956653,3.7004166152815867,0.6608614846318425,23.643072040457696,23.23788745466385,28.02895202131083,0.10816055117203421,-10.118512923622712
410.0,-2.76790451454112,3.70071579347786,0.6606629174033097,23.653609142692346,23.246109590379433,28.072692035795285,0.11086253650710048,-10.243227951800993
411.0,-2.795314952680203,3.7009564475537786,0.6604800459200708,23.664240902913264,23.254345963746914,28.11636723075941,0.11314429071738848,-10.345338897065282
412.0,-2.817756721340012,3.7011444332230177,0.6603114899881869,23.674963796901807,23.26249326211206,28.159976684859544,0.11505730025203552,-10.428924603364326
413.0,-2.475079272939406,3.700878286789272,0.6601559253784484,23.685772387684153,23.27045446455628,28.203519478138844,0.1007910726730738,-9.159967139303626
414.0,-2.1271328948899133,3.700567795541329,0.6600120838263747,23.69665932553181,23.278138841896236,28.246994692046826,0.08626738846454894,-7.871599487666212
415.0,-1.774872682101072,3.7002180819300903,0.6598787530322147,23.70761534796145,23.285461956684003,28.290401409458525,0.07159717287512722,-6.567415991434144
416.0,-1.41908060014743,3.6998338833337527,0.6597547766609461,23.718629279734614,23.292345663207016,28.333738714693936,0.056875482750617316,-5.250362487607059
417.0,-1.0603968682927183,3.6994195874264846,0.6596390543422759,23.729688648385263,23.29884951101377,28.3770056935374,0.04218315270150837,-3.9228529450077843
418.0,-1.0603968682927183,3.69938616585464,0.6595305416706404,23.74078698281022,23.30519837079254,28.420201433256693,0.042262779068563024,-3.9228175048776666
419.0,-1.0603968682927183,3.6993326682875955,0.6594282502052047,23.751921809027294,23.31148282403501,28.463325022622485,0.042314519965609185,-3.9227607762251115
420.0,-1.0603968682927183,3.6992621910045886,0.6593312474698634,23.763091304346062,23.31777109083697,28.506375551927533,0.042342647472194385,-3.9226860423349255
421.0,-1.0603968682927183,3.699177640328915,0.65923865695324,23.77429428672218,23.324110247376495,28.54935211300574,0.04235117289435921,-3.922596385063229
422.0,-1.0603968682927183,3.6990817326279317,0.6591496581086875,23.785530214757614,23.330526225914014,28.592253799251353,0.042343846764636345,-3.922494684837461
423.0,-1.0603968682927183,3.698976994313056,0.6590634863542877,23.79679918770057,23.337023814792076,28.635079705638304,0.04232415884205292,-3.9223836206563765
424.0,-1.0603968682927183,3.6988657618397647,0.6589794330728518,23.80810194544557,23.343586658435584,28.677828928738904,0.04229533811212678,-3.922265670090046
425.0,-1.0603968682927183,3.698750181707595,0.6588968456119199,23.81943946755274,23.35018666556971,28.72050056674334,0.04226035278686972,-3.9221431092798564
426.0,-1.0603968682927183,3.6986322104601435,0.6588151272837615,23.830811001435677,23.356834818936647,28.763093719478377,0.042221910304784734,-3.9220180129385103
427.0,-1.0603968682927183,3.6985136146850675,0.6587337373653752,23.842216278570675,23.363534072453604,28.805607488426347,0.04218245733086877,-3.921892254350027
428.0,-1.0603968682927183,3.698395971014084,0.6586521910984887,23.853655174224684,23.370284264822317,28.84804097674447,0.04214417975661088,-3.9217675053697416
429.0,-1.0603968682927183,3.698280666122971,0.658570059689559,23.865127563240605,23.37708527638955,28.89039328928328,0.042109002699993174,-3.9216452364243066
430.0,-1.0603968682927183,3.6981688967315645,0.658486970309772,23.876633320037286,23.383937029147376,28.93266353260583,0.04207859050548939,-3.9215267165116883
431.0,-1.0603968682927183,3.6980616696037636,0.658402606095043,23.888172318609406,23.390839486733057,28.974850815006505,0.04205434674406772,-3.921413013201172
432.0,-1.0603968682927183,3.697959801547524,0.6583167061460162,23.89974443252754,23.39779265442928,29.01695424652968,0.042037414213186554,-3.9213049926333565
433.0,-1.0603968682927183,3.697863919414864,0.6582290655280655,23.911349534938267,23.4047965791637,29.05897293898869,0.042028674936799244,-3.9212033195201585
434.0,-1.0603968682927183,3.6977744601018614,0.6581395352712932,23.92298749856394,23.411851349509334,29.10090600598437,0.04202875016535027,-3.921108457144811
435.0,-1.0603968682927183,3.6976916705486533,0.6580480223705314,23.934658195702866,23.418957095684505,29.142752562923988,0.04203800037577718,-3.9210206673618617
436.0,-1.0603968682927183,3.6976156077394378,0.6579544897853409,23.946361500895478,23.426113931838188,29.18451172703959,0.04205652527151102,-3.920940010597176
437.0,-1.0603968682927183,3.697546138702472,0.657858956440012,23.958097299401857,23.433321885236808,29.226182617407005,0.04208416378247353,-3.9208663458479345
438.0,-1.0603968682927183,3.6974829405100746,0.6577614972235639,23.96986547349877,23.440581119068952,29.267764354964015,0.04212049406508138,-3.9207993306826343
439.0,-1.0603968682927183,3.697425500278623,0.6576622429897453,23.98166590305715,23.447891746820005,29.309256062529357,0.04216483350224192,-3.9207384212410887
440.0,-1.0603968682927183,3.697373115168555,0.6575613805570336,23.99349846591116,23.455253819065547,29.350656864820735,0.0422162387033565,-3.9206828722344276
441.0,-1.0603968682927183,3.6973248923843687,0.6574591527086356,24.00536303785816,23.462667323471123,29.391965888473692,0.04227350550431855,-3.9206317369450963
442.0,-1.0603968682927183,3.6972797491746228,0.6573558581924874,24.01725949265864,23.47013218479276,29.43318226205986,0.04233516896751456,-3.920583867226857
443.0,-1.0603968682927183,3.697236412831934,0.6572518517212541,24.029187702036154,23.477648264876336,29.474305116105256,0.042399503381822176,-3.920537913504787
444.0,-1.0603968682927183,3.6971934206929813,0.6571475439723298,24.041147535677567,23.485215362658096,29.515333583108884,0.04246452226261349,-3.92049232477528
445.0,-1.0603968682927183,3.697149120138503,0.657043401587838,24.05313886123281,23.492833214164307,29.55626679756074,0.04252797835175319,-3.9204453486060475
446.0,-1.0603968682927183,3.6971016685932985,0.6569399471746313,24.065161544314947,23.500501492511432,29.59710389596023,0.04258736361759757,-3.920395031136117
447.0,-1.0603968682927183,3.697049033526224,0.6568377593042914,24.077215448500226,23.50821980790613,29.63784401683438,0.042639909254995514,-3.9203392170758287
448.0,-1.0603968682927183,3.696988992450199,0.6567374725131294,24.08930043532814,23.51598770764525,29.67848630075605,0.04268258568528893,-3.920275549706843
449.0,-1.0603968682927183,3.6968978071369616,0.6566470345462536,24.101417189630183,23.523853077111085,29.71902989036198,0.04268179320154747,-3.9201788570862517
450.0,-1.0603968682927183,3.6967103485756243,0.6565887156775594,24.113567231546085,23.531845104080844,29.759473930370746,0.04254485387589649,-3.919980076614875
451.0,-1.0603968682927183,3.6964363887055653,0.6565595564946407,24.125747889948798,23.539763412926334,29.799817567601167,0.04228526799389727,-3.919689570426627
452.0,-0.7260624986153908,3.6957139976287308,0.6565548461888951,24.13795470818377,23.547447205516164,29.840059950989996,0.02843199133806448,-2.6833193392861907
453.0,-0.3917281289380634,3.6949338089821993,0.6565701942983135,24.15018163112785,23.554789768540957,29.88020023160999,0.015028106999418757,-1.4474095075425888
454.0,-0.057393759260735956,3.6941086354343047,0.6566015307074793,24.162421005189458,23.5617384735134,29.92023756268776,0.002152673739258539,-0.21201878170512228
455.0,0.2769406104165915,3.693250263519262,0.6566451056475696,24.17466357830847,23.568294776768255,29.96017109962179,-0.01013745476538182,1.0228109824002618
456.0,0.611274980093919,3.6923694536371685,0.6566974896963544,24.186898513277583,23.574514878430364,30.0,-0.0218053790478313,2.257053064271455
457.0,0.611274980093919,3.691852734888628,0.6567555737781969,24.199119500322013,23.58064840722136,30.039723423617716,-0.021454016459131055,2.2567372070287264
458.0,0.611274980093919,3.6913320205708744,0.6568165691640533,24.211328176225607,23.58684676811879,30.079340532495337,-0.021098431871636385,2.256418907394507
459.0,0.611274980093919,3.690814992681648,0.6568780074714728,24.223525708969703,23.593115209273208,30.118850490896023,-0.02074482995879651,2.2561028611818124
460.0,0.611274980093919,3.6903083070845715,0.6569377406645984,24.235713433589808,23.59945941463252,30.158252465343253,-0.020398592324090876,2.2557931369535456
461.0,0.611274980093919,3.689817593509148,0.6569939410541653,24.247892852175596,23.60588550394209,30.197545624638508,-0.02006427750102835,2.2554931760224965
462.0,0.611274980093919,3.6893474555507626,0.6570451012975026,24.260065633870965,23.612400032744972,30.236729139878776,-0.01974562095314748,2.2552057924513433
463.0,0.611274980093919,3.688901470670682,0.657090034398532,24.272233614874153,23.61900999238162,30.275802184474003,-0.01944553507401651,2.25493317305265
464.0,0.48901998407513536,3.688619971576567,0.6571278737077686,24.284398829312465,23.625733990330616,30.314763934164546,-0.015400265198291565,1.803808879759599
465.0,0.3667649880563518,3.6883667020809323,0.6571580729223205,24.296564230272452,23.63265111948033,30.35361356703862,-0.011446232500612873,1.352763769436159
466.0,0.24450999203756832,3.6881421612426903,0.6571804060858891,24.30873336067009,23.639752925018854,30.392350263549474,-0.007570458506858253,0.9017876104788702
467.0,0.12225499601878478,3.6879458219866326,0.6571949675887688,24.32090929535002,23.64701354990177,30.430973206532883,-0.003759445581984858,0.4508698017844697
468.0,1.2434497875801752e-15,3.687776131103432,0.657202172167847,24.333094590318524,23.654408875508125,30.469481581224272,-3.801718274393611e-17,4.585564446863803e-15
469.0,1.2434497875801752e-15,3.687492727869129,0.6572027549066045,24.345291282743062,23.66191652164025,30.507874575275935,-3.7664060446058756e-17,4.58521204917231e-15
470.0,1.2434497875801752e-15,3.6872297881866745,0.657197771235115,24.357500890952792,23.669515846523495,30.546151378774084,-3.7343305099018736e-17,4.584885096880015e-15
471.0,1.2434497875801752e-15,3.6869826804443844,0.6571885969300454,24.36972441443811,23.67718794680684,30.584311184256137,-3.704744681704902e-17,4.584577830810355e-15
472.0,1.2434497875801752e-15,3.6867457468964586,0.6571769281146558,24.38196233385105,23.68491565756233,30.622353186727537,-3.6767341433227504e-17,4.584283215840516e-15
473.0,1.2434497875801752e-15,3.6865123036629766,0.6571647812587994,24.394215062518413,23.69269223972492,30.660276583678865,-3.6492170499476995e-17,4.5839929409014306e-15
474.0,1.2434497875801752e-15,3.6862746407299003,0.6571544931789224,24.40648386083069,23.700536943154475,30.698080575102665,-3.620944128656519e-17,4.583697418977781e-15
475.0,1.2434497875801752e-15,3.6860240219490725,0.6571487210380642,24.41876801666092,23.708434150454707,30.73576436351044,-3.5904986784105274e-17,4.583385787107998e-15
476.0,1.2434497875801752e-15,3.6857474046303436,0.6571518662348008,24.43106680340469,23.716369001465807,30.77332715394948,-3.5557116143676434e-17,4.5830418273617826e-15
477.0,1.2434497875801752e-15,3.685437963809303,0.6571670470830138,24.443379719159566,23.724331980515558,30.8107681540194,-3.515346539799937e-17,4.582657053238591e-15
478.0,1.2434497875801752e-15,3.685112107494795,0.6571888006518611,24.455706486725376,23.732318916419388,30.848086573889134,-3.472122996238024e-17,4.5822518672735345e-15
479.0,1.2434497875801752e-15,3.684785510307037,0.6572118316077524,24.46804705360404,23.740330982480373,30.885281626313486,-3.4286484921427256e-17,4.581845760069793e-15
480.0,1.2434497875801752e-15,3.684471870428561,0.6572314953346367,24.480401591999566,23.748374696489236,30.922352526649775,-3.3872038624142807e-17,4.581455764629525e-15
481.0,1.2434497875801752e-15,3.6841829096042145,0.6572437979340022,24.49277049881806,23.756461920724405,30.959298492874268,-3.349743268392237e-17,4.581096456353872e-15
482.0,1.2434497875801752e-15,3.6839283731411627,0.6572453962248772,24.505154395667887,23.764609861951783,30.996118745598835,-3.317894197856001e-17,4.5807799530429594e-15
483.0,1.2434497875801752e-15,3.6837160299088842,0.6572335977438292,24.517554128859388,23.772841071425034,31.032812508087204,-3.292957465024235e-17,4.580515914895889e-15
484.0,-0.07797486527041354,3.6836395500123342,0.6572063607449649,24.52997076940511,23.78118344488547,31.06937900627156,0.0020611243717903556,-0.2872312976169785
485.0,-0.21979015070482916,3.683686819925989,0.657162294199931,24.542405613019696,23.789670222561995,31.105817468768805,0.005829829506704116,-0.809638081300926
486.0,-0.413873551416932,3.683846637218668,0.6571006577979135,24.55486020816562,23.798340676221983,31.142127126896696,0.011069453488991207,-1.5246466906210123
487.0,-0.6507504655123025,3.6841081871327788,0.6570213619456378,24.56734172220348,23.80733873584387,31.17830721469022,0.017626764099781502,-2.3974351177743407
488.0,-0.9226637450468083,3.6844606140436458,0.6569249677673689,24.579856523064564,23.81668406227226,31.214356968917627,0.025406142515552527,-3.399518228630973
489.0,-1.145287509171998,3.6848047929269256,0.6568126871049111,24.592406775766392,23.82629011676744,31.25027562909679,0.032059009153372446,-4.2201609030763185
490.0,-1.3275564312272696,3.685144726965164,0.6566863825176086,24.60499417202948,23.83608112326101,31.28606243751085,0.037780058193430756,-4.892237582285864
491.0,-1.476785603044294,3.6854806176348567,0.6565485672823446,24.61761993027676,23.845992068356225,31.321716639224405,0.04272643542714052,-5.442664716421949
492.0,-1.59896411526725,3.685809195571483,0.6564024053935422,24.630284795633884,23.855968701327697,31.357237482099663,0.04702040223971844,-5.893476639440851
493.0,-1.6989954205894982,3.6861239914588633,0.6562517115631638,24.642989039929375,23.865967534121523,31.392624216811896,0.050752866745359136,-6.262707781213691
494.0,-1.60735707720928,3.6862199815600394,0.6561009512207112,24.655732461694242,23.875955841355335,31.42787609686542,0.04841203657459765,-5.925071775510791
495.0,-1.4922331557349793,3.686270760939854,0.655955240513226,24.668514386162144,23.8859116603183,31.462992378609385,0.04523782471397317,-5.500775450490862
496.0,-1.3578808692212383,3.686263202657005,0.6558203463052891,24.681333665269676,23.89582379097095,31.4979723212536,0.04133777224444309,-5.005506281802159
497.0,-1.2077857289182983,3.6861908974060573,0.6556997061522467,24.694188677655745,23.90569179594536,31.532815186883738,0.036826825654069285,-4.452128759955571
498.0,-1.0448014300769306,3.686081736186026,0.6555857620953158,24.707077328662308,23.915526000545015,31.567520240477336,0.031862237341561475,-3.8512234693476155
499.0,-1.0448014300769306,3.686139533289494,0.6554767680360338,24.71999705033369,23.925347492745004,31.602086749919067,0.03203650098692696,-3.851283855843973
500.0,-1.0448014300769306,3.686183302176818,0.655371878550851,24.73294480141709,23.93518812319178,31.63651398601621,0.032191819467115176,-3.851329585640042
501.0,-1.0448014300769306,3.6862155182750818,0.6552703174533911,24.745917067362313,23.945090505203382,31.670801222514115,0.03233159007251853,-3.8513632450655795
502.0,-1.0448014300769306,3.6862384356732942,0.6551713777944514,24.758912088022157,23.955081101275425,31.704947736111478,0.03245890650009632,-3.8513871891960054
503.0,-1.0448014300769306,3.6862540871223968,0.6550744218620024,24.771933843438717,23.965112927808207,31.738952806475538,0.032576558853378436,-3.8514035418524104
504.0,-1.0448014300769306,3.686264284035259,0.6549788811811881,24.78498215607425,23.975181721745912,31.772815716257412,0.03268703364246441,-3.851414195601551
505.0,-1.0448014300769306,3.6862706164866785,0.6548842565143258,24.798056504443252,23.98528723741009,31.80653575110705,0.03279251378402207,-3.85142081175585
506.0,-1.0448014300769306,3.686274453213386,0.6547901178609067,24.81115637455406,23.995429248551375,31.840112199688406,0.032894878601290756,-3.851424820373401
507.0,-1.0448014300769306,3.686276941614039,0.6546961044575949,24.824281259908958,24.0056075483497,31.87354435369457,0.03299570382407808,-3.851427420257962
508.0,-1.0448014300769306,3.6862790077492242,0.654601924778228,24.837430661504186,24.015821949414146,31.90683150786242,0.03309626158876085,-3.851429578958958
509.0,-1.0448014300769306,3.6862813563414587,0.6545073565338173,24.850604087829765,24.026072283783094,31.939972959987756,0.03319752043828646,-3.8514320327714833
510.0,-1.0448014300769306,3.6862844707751896,0.6544122466725475,24.863801054869782,24.036358402924122,31.97296801093995,0.033300145322171515,-3.8514352867362995
511.0,-1.0448014300769306,3.6862886130967913,0.6543165113797763,24.877021086102218,24.046680177734004,32.0058159646768,0.03340449759650089,-3.851439614639833
512.0,-1.0448014300769306,3.6862938240145695,0.6542201360780354,24.890263712498893,24.05703749853876,32.03851612825912,0.03351063502393051,-3.8514450590141793
513.0,-1.0448014300769306,3.6862999228987596,0.6541231754270297,24.903528472525693,24.06743027509367,32.071067811865476,0.03361831177368596,-3.851451431137103
514.0,-1.0448014300769306,3.6863065077815245,0.6540257533236372,24.916814912142343,24.077858436583142,32.10347032880662,0.03372697842156111,-3.8514583110320326
515.0,-1.0448014300769306,3.6863129553569576,0.6539280629019097,24.930122584802405,24.088321931620897,32.13572299554011,0.03383578194991995,-3.8514650474680656
516.0,-1.0448014300769306,3.686318420981082,0.6538303665330727,24.943451061589997,24.09882062267411,32.16782513168448,0.033943565747695664,-3.851470757959967
517.0,-1.0448014300769306,3.6863218386718506,0.6537329958255242,24.95679992417439,24.109354155824576,32.19977606003397,0.034048869610392496,-3.8514743287681696
518.0,-1.0448014300769306,3.686322478522855,0.6536361815374108,24.970168725289,24.119922345996372,32.23157510657245,0.03415068983431001,-3.8514749972854143
519.0,-1.0448014300769306,3.686321944769873,0.6535394406642555,24.983557020495198,24.13052501007985,32.26322160048784,0.03425120717105045,-3.851474439619535
520.0,-1.0448014300769306,3.6863204877436027,0.6534426997911003,24.99696436951126,24.14116195688291,32.294714874186184,0.0343507598705392,-3.8514729173164044
521.0,-1.0448014300769306,3.686318116445032,0.653345958917945,25.010390336212595,24.151832987131115,32.32605426330588,0.034449357337020405,-3.8514704397802664
522.0,-1.0448014300769306,3.6863148397943477,0.6532492180447897,25.023834488631792,24.1625378934674,32.3572391067313,0.03454700889031939,-3.851467016330946
523.0,-1.0448014300769306,3.686310666630941,0.6531524771716345,25.037296398958233,24.173276460452485,32.388268746607366,0.0346437237658436,-3.8514626562038505
524.0,-1.0448014300769306,3.686305605713402,0.6530557362984791,25.050775643538657,24.184048464564626,32.419142528352836,0.03473951111458115,-3.8514573685499682
525.0,-1.0448014300769306,3.686299665719524,0.6529589954253239,25.064271802876704,24.194853674199635,32.449859800674346,0.03483438000310228,-3.85145116243587
526.0,-1.0448014300769306,3.686292855246301,0.6528622545521686,25.077784461633087,24.205691849670927,32.48041991558034,0.034928339413558385,-3.851444046843707
527.0,-1.0448014300769306,3.6862851828099283,0.6527655136790134,25.091313208625706,24.216562743209522,32.510822228394375,0.03502139824368389,-3.8514360306712128
528.0,-1.0448014300769306,3.686276656845804,0.6526687728058581,25.10485763682931,24.227466098963873,32.541066097768976,0.03511356530679346,-3.8514271227317027
529.0,-1.0448014300769306,3.6862672857085252,0.6525720319327029,25.118417343375995,24.238401653000324,32.57115088569901,0.03520484933178293,-3.8514173317540723
530.0,-1.0448014300769306,3.686257077671894,0.6524752910595476,25.131991929554715,24.24936913330248,32.601075957535386,0.0352952589631321,-3.851406666382802
531.0,-1.0448014300769306,3.6862460409289115,0.6523785501863922,25.145581000811546,24.260368259771724,32.63084068199805,0.0353848027608996,-3.8513951351779503
532.0,-1.0448014300769306,3.6862341835917807,0.652281809313237,25.15918416674964,24.27139874422693,32.660444431189774,0.03547348920072802,-3.851382746615159
533.0,-1.0448014300769306,3.686221513691905,0.6521850684400817,25.17280104112922,24.28246029040463,32.68988658060903,0.035561326673838815,-3.8513695090856506
534.0,-1.0448014300769306,3.6862080391798933,0.6520883275669265,25.186431241867638,24.29355259395885,32.71916650916319,0.03564832348703876,-3.8513554308962306
535.0,-1.0448014300769306,3.6861937679255514,0.6519915866937712,25.200074391039152,24.304675342461337,32.748283599182,0.035734487862713035,-3.8513405202692854
536.0,-1.0448014300769306,3.68617870771789,0.651894845820616,25.213730114875204,24.315828215401268,32.77723723643015,0.035819827938830304,-3.8513247853427837
537.0,-1.0448014300769306,3.686162581722304,0.6517981971870466,25.22739804376431,24.327010884185484,32.80602681012044,0.03590395810614918,-3.8513079368795338
538.0,-1.0448014300769306,3.6861194732780573,0.6517101098308885,25.24107781225206,24.338223012138428,32.83465171292664,0.035950952137637576,-3.8512628971153364
539.0,-1.0448014300769306,3.686031068281818,0.6516367857483583,25.254769059040996,24.34946425450204,32.863111340996454,0.035935195577427144,-3.8511705314488394
540.0,-1.0448014300769306,3.6858960423413145,0.6515789340084283,25.2684706194633,24.360612847501898,32.891405093963954,0.03585456386230324,-3.851029456153104
541.0,-0.6824048539539098,3.6853055743678573,0.6515369359411513,25.282175890549922,24.371396571742025,32.91953237496239,0.023043882773797764,-2.5148704122520273
542.0,-0.3200082778308889,3.684668609400206,0.6515108451376602,25.295876858274823,24.381858613924464,32.94749259063701,0.010610759038379448,-1.1791244560716962
543.0,0.042388298292131935,3.6839865957807003,0.6515003874501681,25.30956662034407,24.39205478164149,32.975285151157095,-0.0013770350890948732,0.156157922726168
544.0,0.4047848744151528,3.6832619060965515,0.651504960991968,25.323239388079855,24.402038555630213,33.002909470228815,-0.012854731035967055,1.490928708097409
545.0,0.7671814505381737,3.6824978371798385,0.651523636137433,25.336890486420884,24.41186108977189,33.03036496510754,-0.023762832484972598,2.8251440323313157
546.0,0.7671814505381737,3.682107031048804,0.6515551555220167,25.35051635392182,24.42157121109244,33.05765105660976,-0.023438832183301547,2.8248442131168296
547.0,0.7671814505381737,3.681686212083978,0.6515979340422525,25.364114542753725,24.431215419762168,33.08476716912594,-0.023083168792245683,2.8245213686129804
548.0,0.7671814505381737,3.6812414498520507,0.6516500588557541,25.37768371870402,24.44083788909586,33.11171273063201,-0.022701966267980052,2.8241801552787456
549.0,0.7671814505381737,3.680779738164585,0.6517092893812153,25.391223661176127,24.450480465552857,33.13848717270196,-0.022302309065420082,2.823825938636625
550.0,0.7671814505381737,3.680308995078011,0.65177305729841,25.40473526318999,24.46018266873682,33.16508993051946,-0.02189224213822022,2.8234647932726364
551.0,0.7671814505381737,3.6798380628936305,0.651838466548192,25.418220531381507,24.46998169139607,33.191520442889896,-0.02148077093877564,2.8231035028363185
552.0,0.6137451604305391,3.6795496308565663,0.6519022933324958,25.43168258600309,24.479912399423256,33.217778152252436,-0.016968419604187063,2.258305778502194
553.0,0.4603088703229045,3.679281467058911,0.6519609861143356,25.44512566092328,24.490007331855566,33.24386250469138,-0.012575859720275277,1.6936058957018862
554.0,0.30687258021527,3.679045186536575,0.6520106656178059,25.458554806352538,24.50028901082169,33.26977294994816,-0.008296153189225929,1.128998089121048
555.0,0.1534362901076354,3.6788533285703413,0.652047124828081,25.471972948859843,24.510733968940656,33.295508941432786,-0.0041130444540815915,0.564469606585959
556.0,8.437694987151189e-16,3.6787193566858623,0.652065828991416,25.48538136909491,24.521309908847,33.32106993623552,-2.2489433701731453e-17,3.103991187504435e-15
557.0,8.437694987151189e-16,3.6784723908706836,0.652065852044959,25.498781170952043,24.53198869662799,33.34645539513804,-2.2281032027781875e-17,3.1037828052823617e-15
558.0,8.437694987151189e-16,3.678246523866502,0.6520595087009564,25.51217330077884,24.542745977962,33.37166478262532,-2.2095804659076375e-17,3.103592225593467e-15
559.0,8.437694987151189e-16,3.6780298744200275,0.6520507673114406,25.525558547375738,24.553561178118798,33.39669756689631,-2.1920378182077596e-17,3.1034094233986185e-15
560.0,8.437694987151189e-16,3.6778152244811784,0.6520420874025191,25.538937541996177,24.564417501959156,33.42155321987565,-2.174658695317514e-17,3.1032283083273163e-15
561.0,8.437694987151189e-16,3.677596946690893,0.6520353885074206,25.552310758346664,24.575301933935407,33.446231217224636,-2.1568063134844814e-17,3.1030441321856268e-15
562.0,8.437694987151189e-16,3.6773710043811354,0.6520320501664959,25.56567851258677,24.586205238090884,33.4707310383522,-2.13802366956505e-17,3.102853488956184e-15
563.0,8.437694987151189e-16,3.6771349515748897,0.6520329119272169,25.579040963328907,24.597121958060313,33.495052166426035,-2.1180335410242674e-17,3.1026543147981877e-15
564.0,8.437694987151189e-16,3.6768879329861637,0.6520382733441774,25.59239811163866,24.60805041706965,33.5191940883833,-2.096738485935876e-17,3.1024458880474053e-15
565.0,8.437694987151189e-16,3.6766306840199854,0.6520478939790926,25.605749801034563,24.61899271793601,33.54315629494164,-2.074220842982202e-17,3.102228829216168e-15
566.0,8.437694987151189e-16,3.6763655307724084,0.652060993400799,25.619095717488108,24.629954743067856,33.566938280609975,-2.050742731454454e-17,3.1020051009933772e-15
567.0,8.437694987151189e-16,3.676096390030507,0.6520762511852553,25.632435389423904,24.640946154464928,33.59053954369887,-2.0267460512524245e-17,3.101778008244499e-15
568.0,8.437694987151189e-16,3.6758287692723774,0.6520918069155409,25.645767662148444,24.651951288178452,33.61395958633136,-2.0028524828846393e-17,3.1015521980115665e-15
569.0,8.437694987151189e-16,3.6755697666671394,0.6521052601818577,25.659091115824936,24.66292746714862,33.63719791445345,-1.9798634874682812e-17,3.101333659513179e-15
570.0,8.437694987151189e-16,3.6753280710749343,0.6521136705815282,25.6724071590005,24.67394615094082,33.66025403784437,-1.9587603067291933e-17,3.1011297241445025e-15
571.0,-0.09358761295475031,3.675219435286726,0.6521135577189974,25.68571773312948,24.685073898971268,33.68312747012715,0.00216242392678829,-0.3439550140333901
572.0,-0.26379828274271555,3.675236610489953,0.652100901205831,25.699025156890855,24.696364275332087,33.70581772877864,0.006103160379185736,-0.9695211065204082
573.0,-0.4967426055548751,3.67537740425973,0.6520711406607167,25.712332126188016,24.70785784879098,33.7283243351398,0.011577214105921852,-1.8257165481894917
574.0,-0.7810488993508662,3.6756440523346297,0.6520191757094639,25.725641714148992,24.719582192791393,33.75064681442592,0.018452183885384603,-2.87085774148152
575.0,-1.107406818330019,3.676042704270188,0.651939365985003,25.738957371126276,24.731551885452404,33.77278469573645,0.02669220116152734,-4.070874755181128
576.0,-1.3746060831087838,3.67647179509251,0.6518273533870417,25.752282924697056,24.743768509568895,33.7947375120649,0.033876399483154414,-5.053700493912034
577.0,-1.5933703383829851,3.6768987467406484,0.6516970887031254,25.76562257966276,24.75622065261149,33.81650480030896,0.040155574395057736,-5.858661400294121
578.0,-1.7724793618501757,3.677311639702332,0.6515555768030651,25.778980918049683,24.768883906726273,33.83808610127994,0.04565208993146264,-6.517958988463813
579.0,-1.9191214275165305,3.6777092131640603,0.6514058932094894,25.792362890452864,24.781720362621286,33.859480959712755,0.050479264939637405,-7.057970555158107
580.0,-2.039181796372456,3.6780896288433813,0.6512508258709669,25.80577094996636,24.79462267426726,33.880688924275375,0.054729198457771855,-7.500293416563746
581.0,-1.902217262212499,3.6781855973020257,0.6510928751620074,25.819202087861754,24.807508237811305,33.901709547578264,0.0515362437350667,-6.996708136809305
582.0,-1.737064680723892,3.678248328758191,0.6509342538830605,25.832652984010906,24.820345459832424,33.92254238618392,0.04744631475223413,-6.389355258817536
583.0,-1.5488336780181011,3.678277783869057,0.6507768872605169,25.846120529821633,24.833111578618116,33.943187000616376,0.04259431484299803,-5.697040508762181
584.0,-1.3417076621293145,3.678273770470743,0.6506224129467072,25.859601828237942,24.84579266416449,33.96364295537023,0.03710003825827412,-4.93516810124988
585.0,-1.1191117178677952,3.678236132795813,0.650472181019903,25.87309419373986,24.858383618176333,33.983909818919756,0.0310709637667356,-4.116357157296518
586.0,-1.1191117178677952,3.678430046271419,0.6503272539843163,25.88659515234366,24.870888174066977,34.00398716372854,0.0314501641532993,-4.116574168139321
587.0,-1.1191117178677952,3.6786024114837854,0.6501884067700995,25.90010244160152,24.88331889695843,34.0238745662578,0.031798445626634836,-4.116767064068233
588.0,-1.1191117178677952,3.6787518856750347,0.6500561267333455,25.91361401060186,24.895697183681364,34.043571606975775,0.03211376008475269,-4.116934342387179
589.0,-1.1191117178677952,3.6788780171140036,0.6499306136560876,25.927128019969132,24.9080532627749,34.0630778703665,0.03239537841159906,-4.11707549755852
590.0,-1.1191117178677952,3.678981245096242,0.6498117797462999,25.940642841863962,24.920426194486993,34.082392944938476,0.03264389047705688,-4.117191021203055
591.0,-1.1191117178677952,3.679062899944013,0.6496992496378969,25.95415737889084,24.932852655462966,34.10151642323336,0.0328612051369453,-4.117282402100017
592.0,-1.1191117178677952,3.6791252030062958,0.6495923603907334,25.96767239972121,24.945304306045614,34.12044790183472,0.03305055023301969,-4.117352126187076
593.0,-1.1191117178677952,3.6791712666587815,0.6494901614906049,25.98118764431075,24.957773527345182,34.13918698137627,0.03321647259297116,-4.117403676560341
594.0,-1.1191117178677952,3.6792050943038763,0.6493914148492475,25.99470262416463,24.970259847352338,34.157733266550565,0.033364838030428015,-4.117441533474355
595.0,-1.1191117178677952,3.6792315803707,0.6492945948043373,26.008216859006154,24.982762844981664,34.176086366117204,0.03350283134495431,-4.117471174342097
596.0,-1.1191117178677952,3.679256510315087,0.6491978881194915,26.02172987677659,24.99528215007183,34.194245892911056,0.03363895632205032,-4.117499073734987
597.0,-1.1191117178677952,3.6792865606195844,0.6490991939842675,26.035241213635288,25.007817443385534,34.212211463850565,0.033783035733152535,-4.117532703382874
598.0,-1.1191117178677952,3.6793277922690018,0.6489965939366489,26.04875041395951,25.020368456609617,34.229982699945595,0.03394399947070648,-4.117578846204885
599.0,-1.1191117178677952,3.679370885951663,0.6488929724812907,26.062257030344654,25.03293497235495,34.24755922630578,0.03410819010085314,-4.117627072850118
600.0,-1.1191117178677952,3.679412572337612,0.6487893510259326,26.075760623604026,25.04551682415638,34.264940672147986,0.034270805808757826,-4.117673724573108
601.0,-1.1191117178677952,3.6794528650586336,0.6486857295705745,26.089260762769015,25.05811389647289,34.28212667080459,0.0344318618499114,-4.117718816629348
602.0,-1.1191117178677952,3.6794917776312843,0.6485821081152163,26.102757025089034,25.070726124687553,34.29911685973087,0.03459137335085093,-4.117762364145374
603.0,-1.1191117178677952,3.6795293234568907,0.6484784866598582,26.116248996548165,25.083353495064955,34.315910880512774,0.03474935530915769,-4.117804382118767
604.0,-1.1191117178677952,3.6795655158215497,0.6483748652045,26.12973646100835,25.095995956183515,34.33250837887459,0.03490582259345912,-4.117844885418155
605.0,-1.1191117178677952,3.6796003678961293,0.6482712437491419,26.143219109860638,25.10865323455704,34.34890900468616,0.03506078994342689,-4.117883888783209
606.0,-1.1191117178677952,3.6796338927362675,0.6481676222937838,26.156696458640567,25.121325016590106,34.36511241197053,0.03521427196977886,-4.117921406824647
607.0,-1.1191117178677952,3.679666103282371,0.6480640008384256,26.170168030619095,25.134010988940872,34.381118258911215,0.035366283154276604,-4.11795745402423
608.0,-1.1191117178677952,3.679697012359621,0.6479603793830675,26.183633356803057,25.14671083852096,34.39692620785911,0.03551683784972888,-4.117992044734769
609.0,-1.1191117178677952,3.6797266326779647,0.6478567579277094,26.197091975934654,25.159424252495626,34.41253592533997,0.03566595027998815,-4.118025193180115
610.0,-1.1191117178677952,3.6797549768321223,0.6477531364723513,26.210543434491797,25.172150918283705,34.42794708206145,0.03581363453995258,-4.118056913455165
611.0,-1.1191117178677952,3.6797820573015834,0.6476495150169932,26.223987286688043,25.18489052355767,34.44315935291962,0.035959904595565535,-4.118087219525864
612.0,-1.1191117178677952,3.679807886450608,0.647545893561635,26.237423094472433,25.19764275624351,34.458172417006324,0.036104774283815574,-4.1181161252292
613.0,-1.1191117178677952,3.679832476528227,0.6474422721062769,26.250850427529713,25.210407304520743,34.47298595761572,0.036248257312735975,-4.118143644273207
614.0,-1.1191117178677952,3.6798558396682415,0.6473386506509188,26.264268863280165,25.223183856822516,34.48759966225094,0.036390367261406195,-4.118169790236964
615.0,-1.1191117178677952,3.6798779878892236,0.6472350291955606,26.277677986879723,25.23597210183567,34.502013222630694,0.036531117579950895,-4.118194576570595
616.0,-1.1191117178677952,3.679898933094514,0.6471314077402025,26.291077391219858,25.248771728500458,34.51622633469594,0.03667052158953845,-4.118218016595269
617.0,-1.1191117178677952,3.6799186870722256,0.6470277862848444,26.304466676927632,25.261582426010705,34.53023869861596,0.03680859248238392,-4.1182401235032
618.0,-1.1191117178677952,3.6799372614952413,0.6469241648294862,26.31784545236593,25.27440388381399,34.544050018795076,0.03694534332174707,-4.118260910357649
619.0,-1.1191117178677952,3.6799546679212134,0.6468205433741281,26.33121333363289,25.287235791611295,34.557660003878595,0.03708078704193238,-4.118280390092921
620.0,-1.1191117178677952,3.6799709177925655,0.64671692191877,26.344569944562522,25.3000778393573,34.571068366759164,0.037214936448290506,-4.118298575514364
621.0,-1.1191117178677952,3.6799860224364926,0.6466133004634118,26.35791491672427,25.312929717260204,34.58427482458251,0.03734780421721731,-4.118315479298378
622.0,-1.1191117178677952,3.679999993064958,0.6465096790080538,26.37124788942333,25.325791115781726,34.597279098753916,0.037479402896152376,-4.118331113992399
623.0,-1.1191117178677952,3.680012840774696,0.6464060575526956,26.384568509700443,25.338661725637337,34.61008091494347,0.03760974490358197,-4.118345492014916
624.0,-1.1191117178677952,3.680024576547212,0.6463024360973375,26.397876432331827,25.351541237795857,34.62268000309251,0.037738842529036545,-4.118358625655456
625.0,-1.1191117178677952,3.6800352112487817,0.6461988146419794,26.41117131982952,25.364429343479912,34.63507609741873,0.037866707933093276,-4.118370527074599
626.0,-1.1191117178677952,3.6800590000000306,0.6460903927655025,26.424452842440985,25.377325734165595,34.64726893642222,0.03801466639580779,-4.118397149344875
627.0,-1.1191117178677952,3.680134609280017,0.6459640847675507,26.437720678149333,25.390230101582517,34.65925826289066,0.03824063438758787,-4.118481764576087
628.0,-1.1191117178677952,3.680236867042183,0.6458282711819873,26.450974512673383,25.403142137714042,34.67104382390511,0.03850706282252049,-4.1185962024359695
629.0,-1.1191117178677952,3.6803384811305304,0.6456920842706992,26.46421403946738,25.41606153479688,34.6826253708449,0.03877318870773356,-4.11870991995294
630.0,-1.1191117178677952,3.680415919590146,0.6455634298911397,26.477438959721326,25.428987985321555,34.69400265939328,0.03900382961902288,-4.118796582240509
631.0,-1.1191117178677952,3.680449410667202,0.645448987496327,26.49064898236071,25.441921182032047,34.70517544954237,0.03916938370085613,-4.118834062497287
632.0,-1.1191117178677952,3.6804229428089563,0.6453542101348455,26.503843824046726,25.454860817925862,34.716143505598154,0.039245829666368894,-4.118804442006978
633.0,-1.1191117178677952,3.680324264663752,0.6452833244508449,26.517023209176045,25.467806586254255,34.72690659618564,0.039214726797367615,-4.118694010138381
634.0,-1.1191117178677952,3.6801448850810186,0.6452393306840408,26.53018686988105,25.48075818052189,34.737464494253686,0.039063214944328156,-4.118493264345398
635.0,-1.1191117178677952,3.679880073111271,0.6452240026697145,26.54333421547011,25.49367124280377,34.74781697707965,0.038784014526396245,-4.118196910167022
636.0,-0.6560303342843024,3.6790069652868107,0.6452378878387127,26.556457887602278,25.50609128911981,34.75796382627436,0.022153539166747123,-2.4135401692713834
637.0,-0.19294895070080945,3.678050243779622,0.6452803072174479,26.569547043852026,25.517990330331997,34.76790482778637,0.006322924874203323,-0.7096759351621345
638.0,0.27013243288268346,3.677016458243477,0.6453493554278983,26.58259264203781,25.529476581380948,34.77763977190682,-0.008554311525917905,0.9932814016149785
639.0,0.7332138164661763,3.675915918533233,0.6454419006876078,26.595587214928514,25.540648806707168,34.78716845327352,-0.022343970927647998,2.695232339636522
640.0,1.1962952000496692,3.674762694704831,0.6455535848096856,26.608524870243173,25.551596320250724,34.796490670875755,-0.03494271796528396,4.396100972996977
641.0,1.1962952000496692,3.6740965097346003,0.6456788232028072,26.62140129065108,25.56239898545141,34.80560622805791,-0.03399594199449837,4.395304019114745
642.0,1.1962952000496692,3.6734170613613553,0.6458108048712133,26.634213733771674,25.573127215248746,34.81451493252416,-0.03302523213049482,4.394491198287151
643.0,1.1962952000496692,3.6727497002442946,0.6459414924147103,26.64696103217466,25.583841972081814,34.82321659634226,-0.03207053034846389,4.393692837386111
644.0,1.1962952000496692,3.6721235372437047,0.6460616220286703,26.65964359337994,25.594594767889532,34.831711035947535,-0.0311777440758454,4.392943761594056
645.0,1.1962952000496692,3.6715591399180987,0.6461641458895858,26.67226339985774,25.605427664110323,34.839998072146784,-0.03037990946159822,4.392268575782513
646.0,1.1962952000496692,3.671050886033519,0.6462502049161256,26.684824009028375,25.61637327168245,34.848077530122055,-0.029668935778698752,4.391660554099984
647.0,0.9570361600397355,3.6708624500536926,0.6463215603741427,26.697330553262418,25.627454751043786,34.85594923943438,-0.023486518822874065,3.513148103233441
648.0,0.7177771200298019,3.670718548056695,0.646379881087365,26.70978967924151,25.638688301187813,34.86361303402725,-0.017469738282609327,2.6347577878641104
649.0,0.4785180800198683,3.670613866051729,0.6464267449870161,26.72220597863219,25.65015627981677,34.871068752230144,-0.01157397473309367,1.7564550996773793
650.0,0.23925904000993467,3.670543415041033,0.6464636391118158,26.734582138287692,25.661842126482497,34.8783162367622,-0.005761304072478435,0.8782106937975047
651.0,1.0658141036401502e-15,3.6705025310198818,0.6464919596079798,26.74692100779646,25.673680476080108,34.885355334735095,-2.55908056472626e-17,3.912073365007858e-15
652.0,1.0658141036401502e-15,3.670217230038496,0.6465130117292197,26.759224925694355,25.685616076390318,34.89218589765659,-2.526429018978995e-17,3.9117692871981146e-15
653.0,1.0658141036401502e-15,3.6699531430163144,0.6465280098367434,26.77149571946478,25.69760378807979,34.89880778143356,-2.496683732243414e-17,3.911487819525285e-15
654.0,1.0658141036401502e-15,3.6697065809277207,0.6465380773992545,26.783734705538564,25.70960858470079,34.905220846375016,-2.4693317820874348e-17,3.911225030173839e-15
655.0,1.0658141036401502e-15,3.6694741797401353,0.6465442469929529,26.795942689294066,25.72160555269153,34.91142495719515,-2.4439045717465436e-17,3.910977333710408e-15
656.0,1.0658141036401502e-15,3.6692529004140124,0.6465474603015342,26.808119965057074,25.733579891375882,34.91741998301603,-2.419977830123466e-17,3.910741491083782e-15
657.0,1.0658141036401502e-15,3.669040028902846,0.6465485681161902,26.820266316100856,25.745526912963555,34.92320579737043,-2.3971716117885915e-17,3.910514609624918e-15
658.0,1.0658141036401502e-15,3.668833176153165,0.6465483303356088,26.832381014646216,25.757452042550028,34.928782278204665,-2.3751502969796416e-17,3.910294143046931e-15
659.0,1.0658141036401502e-15,3.6686302781045326,0.6465474159659735,26.84446282186144,25.769370818116556,34.93414930788077,-2.353622591601577e-17,3.910077891445097e-15
660.0,1.0658141036401502e-15,3.6684295956895503,0.6465464031209645,26.856510019781638,25.78130527904017,34.93930677317951,-2.3323415272270695e-17,3.909864001296857e-15
661.0,1.0658141036401502e-15,3.668229714833856,0.6465457790217572,26.86852195269165,25.793212673293283,34.94425456530223,-2.3111044610960765e-17,3.90965096546181e-15
662.0,1.0658141036401502e-15,3.668036882443622,0.6465435161351806,26.880499546155534,25.805101377106155,34.94899257987356,-2.2907932946239393e-17,3.90944544198066e-15
663.0,1.0658141036401502e-15,3.6678747878893705,0.6465317397480724,26.89244383811905,25.8170071047183,34.95352071694339,-2.2747721723664628e-17,3.909272679318616e-15
664.0,-0.053228323651496254,3.667804660970619,0.646509888120128,26.904355966365245,25.828959851299942,34.95783888098907,0.0011334850613709522,-0.1952310935846106
665.0,-0.1500363128112625,3.667814848279341,0.6464780692662915,26.916237168514442,25.840983892951954,34.961946980917446,0.003201291650386464,-0.5503054159102325
666.0,-0.2825243143315004,3.6678956073288753,0.6464364172939157,26.928088782024247,25.85309778670586,34.96584493006668,0.006062742950735905,-1.0362696915001126
667.0,-0.4442246392414589,3.668038749248917,0.6463850924027623,26.93991224418943,25.865314370523834,34.96953264620822,0.009619087900740737,-1.6294331901087922
668.0,-0.6298419916794409,3.6682373462489277,0.6463242808850017,26.951709092142096,25.877640763298643,34.97301005154827,0.01380176873261602,-2.3104099161143314
669.0,-0.7818126264253309,3.6684255037886775,0.6462541951252131,26.96348096285169,25.890078364853935,34.97627707272983,0.017333809057468664,-2.8680213779626937
670.0,-0.9062356586565725,3.668609015164331,0.6461750736003842,26.975229593124766,25.902622855943832,34.97933364083394,0.02033043780946512,-3.3246243072108874
671.0,-1.008104621535503,3.6687923674738574,0.6460871808799118,26.98695681960527,25.915264198253226,34.98217969138119,0.02288920353818094,-3.6985265411045747
672.0,-1.0915078742286426,3.6689789674768636,0.6459908076256013,26.998664578774253,25.92798663439754,34.984815164333156,0.025091757491678017,-4.004719433380272
673.0,-1.15979268211525,3.669171326512989,0.6458862705916669,27.010354906950226,25.940768687923025,34.98724000409362,0.027005837460192358,-4.255478053916869
674.0,-1.2156995543000373,3.6693712119002853,0.6457739126247315,27.022029899121833,25.953585392458592,34.989454159509705,0.02868722621197368,-4.460852946868564
675.0,-1.2614722298661227,3.669579770889721,0.6456541026638267,27.033690100233116,25.96648687424704,34.991457583873,0.03018156604795433,-4.629072976255872
676.0,-1.386895614095107,3.6698967494193013,0.6455272357403932,27.04533612697645,25.979492666814394,34.99325023492065,0.033797971638906285,-5.089763705951519
677.0,-1.5015723851201614,3.670218767849769,0.64539373297828,27.056969060358085,25.992586194424803,34.99483207483598,0.03727658682267044,-5.511099149152957
678.0,-1.6074505734237245,3.6705464595466935,0.645254041593745,27.068589816794088,26.00575234707594,34.99620307024952,0.04065631174173682,-5.900222011176754
679.0,-1.7061250914697024,3.670879999704372,0.645108634895455,27.08019914811041,26.018977480499075,34.997363192239675,0.043969172141909665,-6.262980475269923
680.0,-1.7989017431407615,3.6712191774844625,0.6449580122844857,27.091797641542712,26.03224941615906,34.99831241633325,0.047241255855143154,-6.604162577828592
681.0,-1.7989017431407615,3.6714643378093474,0.644802699254321,27.10338571973648,26.04555744125406,34.99905072250601,0.04796166807162363,-6.604603597164377
682.0,-1.7989017431407615,3.671718237071607,0.6446432473908541,27.114963640747078,26.05889230871594,34.9995780951831,0.04870524613222181,-6.605060336989838
683.0,-1.7989017431407615,3.6719790121701164,0.6444802343723867,27.12653149803964,26.072246237210038,34.999894523239504,0.049467599314574215,-6.605529445769114
684.0,-1.7989017431407615,3.672244739796486,0.6443142639696293,27.138089220489178,26.08561291113523,35.0,0.05024418165168083,-6.606007463659391
685.0,-1.7989017431407615,3.6725134364350556,0.6441459660457012,27.149636572380416,26.09898748062392,34.999894523239504,0.051030291931901145,-6.60649082251089
686.0,-1.7989017431407615,3.6727830583628984,0.6439759965561304,27.161173153408015,26.112366561541933,34.9995780951831,0.05182107369895573,-6.606975845866875
687.0,-1.7989017431407615,3.6730515016498186,0.6438050375488537,27.172698398676346,26.1257482354888,34.99905072250601,0.05261151525192702,-6.6074587489636505
688.0,-1.7989017431407615,3.6733166021583528,0.6436337971642166,27.18421157869966,26.13913204979741,34.99831241633325,0.05339644964525616,-6.6079356387305594
689.0,-1.7989017431407615,3.6735761355437697,0.6434630096349736,27.195711799402034,26.152519017534246,34.997363192239675,0.054170554688747756,-6.608402513789989
690.0,-1.7989017431407615,3.673827817254068,0.6432934352862875,27.20719800211731,26.16591161749932,34.99620307024952,0.05492835294756432,-6.608855264457362
691.0,-1.7989017431407615,3.674069339857573,0.6431258485186457,27.218669189116497,26.179312722250586,34.99483207483598,0.055664300508454514,-6.609289739889815
692.0,-1.7989017431407615,3.674303802966431,0.6429592835424289,27.230125933100396,26.19271763660703,34.99325023492065,0.05638571062974478,-6.609711515985042
693.0,-1.7989017431407615,3.674534429324216,0.6427927185662122,27.241567964245064,26.20612469673432,34.991457583873,0.05710021881284051,-6.610126390142075
694.0,-1.7989017431407615,3.674761255731084,0.6426261535899955,27.252994736123924,26.219533501715205,34.989454159509705,0.05780789125760773,-6.61053442856078
695.0,-1.7989017431407615,3.674984318693651,0.6424595886137787,27.264405711522784,26.232943650174832,34.98724000409362,0.058508793635862304,-6.610935696912972
696.0,-1.7989017431407615,3.6752036544249944,0.642293023637562,27.27580036244018,26.24635474028088,34.984815164333156,0.059202991091371546,-6.611330260342419
697.0,-1.7989017431407615,3.6754192988446497,0.6421264586613453,27.287178170086975,26.259766369743375,34.98217969138119,0.05989054823985021,-6.611718183464836
698.0,-1.7989017431407615,3.6756312875786112,0.6419598936851285,27.298538624886646,26.273178135814817,34.97933364083394,0.06057152916896287,-6.612099530367885
699.0,-1.7989017431407615,3.6758396559593347,0.6417933287089118,27.309881226475284,26.286589635290056,34.97627707272983,0.06124599743832395,-6.612474364611184
700.0,-1.7989017431407615,3.6760444390257336,0.6416267637326951,27.321205483701362,26.300000464506525,34.97301005154827,0.06191401607949691,-6.612842749226295
701.0,-1.7989017431407615,3.676245671523182,0.6414601987564783,27.33251091462597,26.31341021934395,34.96953264620822,0.06257564759599665,-6.613204746716732
702.0,-1.7989017431407615,3.6764433879035137,0.6412936337802616,27.34379704652264,26.32681849522453,34.96584493006668,0.0632309539632847,-6.613560419057958
703.0,-1.7989017431407615,3.6766376223250212,0.6411270688040449,27.35506341587751,26.340224887112868,34.961946980917446,0.0638799966287748,-6.613909827697385
704.0,-1.7989017431407615,3.676828408652456,0.6409605038278281,27.366309568389227,26.353628989516096,34.95783888098907,0.06452283651182741,-6.614253033554375
705.0,-1.7989017431407615,3.6770157804570314,0.6407939388516114,27.377535058968874,26.367030396483642,34.95352071694339,0.06515953400375595,-6.614590097020241
706.0,-1.7989017431407615,3.677199771016418,0.6406273738753946,27.388739451740264,26.380428701607514,34.94899257987356,0.06579014896782129,-6.614921077958243
707.0,-1.7989017431407615,3.6773804133147467,0.6404608088991779,27.399922320039536,26.393823498022016,34.94425456530223,0.06641474073923176,-6.615246035703592
708.0,-1.7989017431407615,3.6775577400426087,0.6402942439229612,27.411083246415387,26.407214378403978,34.93930677317951,0.06703336812515033,-6.615565029063448
709.0,-1.7989017431407615,3.677731783597052,0.6401276789467444,27.422221822629126,26.420600934972526,34.93414930788077,0.06764608940468418,-6.615878116316919
710.0,-1.7989017431407615,3.677902576081589,0.6399611139705277,27.43333764965456,26.43398275948948,34.928782278204665,0.06825296232889515,-6.616185355215068
711.0,-1.7989017431407615,3.678070149306187,0.639794548994311,27.444430337677943,26.44735944325879,34.92320579737043,0.06885404412079009,-6.6164868029809005
712.0,-1.7989017431407615,3.678234534787274,0.6396279840180942,27.455499506098192,26.46073057712698,34.91741998301603,0.06944939147532733,-6.6167825163093745
713.0,-1.7989017431407615,3.6783957637477385,0.6394614190418775,27.466544783526558,26.474095751483105,34.91142495719515,0.07003906055941421,-6.617072551367399
714.0,-1.7989017431407615,3.6785538671169293,0.6392948540656608,27.477565807787073,26.4874545562584,34.905220846375016,0.07062310701191031,-6.617356963793833
715.0,-1.7989017431407615,3.6787088755306514,0.639128289089444,27.48856222591604,26.500806580926735,34.89880778143356,0.07120158594361944,-6.617635808699479
716.0,-1.7989017431407615,3.678860819331173,0.6389617241132273,27.49953366533731,26.514151424591603,34.89218589765659,0.07177455193729927,-6.617909140667097
717.0,-1.7989017431407615,3.6790097285672196,0.6387951591370106,27.510479505350986,26.52748877866793,34.885355334735095,0.07234205904765567,-6.618177013751391
718.0,-1.7989017431407615,3.679155632993977,0.6386285941607938,27.521399286694532,26.540818284950547,34.8783162367622,0.0729041608013444,-6.618439481479017
719.0,-1.7989017431407615,3.679298562073091,0.6384620291845771,27.532292610417585,26.554139565445894,34.871068752230144,0.07346091019697021,-6.61869659684858
720.0,-1.7989017431407615,3.6794385449726654,0.6382954642083604,27.543159078599558,26.567452242566446,34.86361303402725,0.0740123597050869,-6.618948412330635
721.0,-1.7989017431407615,3.679575610567264,0.6381288992321436,27.553998294349526,26.580755939130825,34.85594923943438,0.07455856126819815,-6.619194979867683
722.0,-1.7989017431407615,3.679709787437912,0.6379623342559269,27.564809861806054,26.594050278363852,34.848077530122055,0.0750995663007582,-6.619436350874181
723.0,-1.7989017431407615,3.6798411038720924,0.6377957692797102,27.575593386137314,26.6073348838965,34.839998072146784,0.07563542568917038,-6.619672576236531
724.0,-1.7989017431407615,3.6799695878637464,0.6376292043034933,27.586348473541136,26.62060937976588,34.831711035947535,0.07616618979178545,-6.619903706313083
725.0,-1.7989017431407615,3.6800952671132783,0.6374626393272766,27.59707473124496,26.63387339041526,34.82321659634226,0.0766919084389072,-6.6201297909341426
726.0,-1.7989017431407615,3.680218169027549,0.63729607435106,27.607771767505767,26.64712654069399,34.81451493252416,0.07721263093278606,-6.620350879401959
727.0,-1.7989017431407615,3.6803493138715635,0.6371255710106546,27.618439169291094,26.6603689144614,34.80560622805791,0.07775526637755488,-6.620586796090461
728.0,-1.7989017431407615,3.680489541615073,0.6369507024834048,27.629076562933278,26.673601097667245,34.796490670875755,0.07832209360828038,-6.6208390520226965
729.0,-1.7989017431407615,3.680623902765983,0.6367766587348327,27.63968361440584,26.686822831910035,34.78716845327352,0.07887688371955234,-6.621080754531279
730.0,-1.7989017431407615,3.6807394412557515,0.6366079570548191,27.650259985309503,26.700033022779053,34.77763977190682,0.07938820385644384,-6.621288596921923
731.0,-1.7989017431407615,3.68082519733454,0.6364484410280968,27.660805332870837,26.71322973986463,34.76790482778637,0.0798294242745907,-6.621442863681541
732.0,-1.7989017431407615,3.680872207571217,0.636301280534251,27.671319278449232,26.726350723667736,34.75796382627436,0.08017871834019558,-6.621527430478245
733.0,-1.2374881123792765,3.680240791691488,0.6361689717477184,27.68179565143822,26.738970703297696,34.74781697707965,0.054538353271333044,-4.554254230411513
734.0,-0.6760744816177915,3.6795586920635017,0.6360533371377881,27.692219564457275,26.750865766373465,34.737464494253686,0.02941286027899911,-2.4876557353190707
735.0,-0.11466085085630642,3.6788229342122425,0.6359555254686013,27.702575001301625,26.7619346594945,34.72690659618564,0.004915213560550785,-0.4218169677864695
736.0,0.4467527799051786,3.678032539981402,0.6358760117991512,27.71284536149841,26.772155297342806,34.716143505598154,-0.018833546156570905,1.6431712618183962
737.0,1.0081664106666637,3.6771885275333775,0.6358145974832827,27.723013461787502,26.781585236210105,34.70517544954237,-0.04171180655377637,3.7072179591479593
738.0,0.8065331285333311,3.6771538652201037,0.6357704101696934,27.733067823004603,26.79082088215921,34.69400265939328,-0.033377127471324916,2.9657464110144014
739.0,0.6048998463999986,3.6770736099705568,0.6357419038019323,27.74301398155353,26.800324868965333,34.6826253708449,-0.025001542712850013,2.224261261872678
740.0,0.40326656426666607,3.676954768903251,0.6357268586184007,27.752859589302375,26.810091038484302,34.67104382390511,-0.016625837732465384,1.4827929166195473
741.0,0.2016332821333336,3.676806345455406,0.6357223811523522,27.762611586411765,26.820101603616592,34.65925826289072,-0.00828389456547319,0.7413665312028411
742.0,1.0658141036401502e-15,3.6766393393829477,0.6357249042318921,27.77227620133499,26.830327148307163,34.64726893642222,-4.3607182026463886e-17,3.918614061912551e-15
743.0,1.0658141036401502e-15,3.676239506051543,0.635730186979978,27.781858950817877,26.840726627545394,34.63507609741873,-4.317540359533179e-17,3.9181879139088344e-15
744.0,1.0658141036401502e-15,3.6758490785634943,0.6357333148144191,27.791364639898802,26.851247367365374,34.62268000309251,-4.275594678205922e-17,3.917771790785623e-15
745.0,-0.11146824434351792,3.6756106703422184,0.6357286994478772,27.80079736190868,26.86182506484562,34.610080914943524,0.0044455732765513465,-0.4097138683133481
746.0,-0.3141989683226867,3.6755204945216384,0.635710078887866,27.81015907335876,26.872525088755367,34.597279098753916,0.01250839152062823,-1.15484474742759
747.0,-0.5916490909817149,3.6755808883989722,0.635670517436751,27.81945585029382,26.883534779886645,34.58427482458251,0.02361293470054046,-2.174654091451016
748.0,-0.9302742831914387,3.6757995651834516,0.6356024056917499,27.828697292012123,26.89493641771935,34.571068366759164,0.03739438373247346,-3.4195018056564375
749.0,-1.318985386164001,3.6761910905912605,0.6354964905098774,27.83789276434692,26.90677735168856,34.557660003878595,0.05367558280313084,-4.848842325236174
750.0,-1.6372351202304998,3.6766305572700584,0.6353478650304073,27.847051399653253,26.919070001738476,34.544050018795076,0.06758947359242187,-6.019508672475173
751.0,-1.897795964669632,3.6771054097351312,0.6351651251690038,27.856182096807686,26.93179185832264,34.53023869861596,0.07959410280669013,-6.978395808260206
752.0,-2.1111251410599174,3.6776003692032195,0.6349570595962386,27.865293521208514,26.94488548240389,34.51622633469594,0.09002536300929653,-7.763874598196152
753.0,-2.285784298299441,3.678100535097528,0.6347316531311911,27.874394108510216,26.95826042707131,34.502013222630694,0.09913190943345271,-8.407344450692703
754.0,-2.4287831216381224,3.6785917722951047,0.6344960867414483,27.88349145202676,26.971952629729515,34.48759966225094,0.10709885680977967,-8.934501607947217
755.0,-2.5458606559594665,3.6790610281781784,0.6342567375431053,27.89258898907201,26.98587838102543,34.47298595761572,0.11406548074600205,-9.366376722512607
756.0,-2.6417156338028933,3.6794965922138387,0.6340191788007649,27.901687186621018,26.999850078311113,34.458172417006324,0.12013839399823142,-9.720183672175768
757.0,-2.7201950519989158,3.6798883084799083,0.6337881799275374,27.91078423322307,27.013704900580592,34.44315935291962,0.12540134158466992,-10.010013968635706
758.0,-2.4076708591189173,3.6798031211916964,0.6335677064850418,27.919876039001394,27.027304808469864,34.42794708206145,0.11131966064848729,-8.859754742188086
759.0,-2.0767210893769232,3.6796514633399027,0.633360920183404,27.928956235653345,27.040536544256838,34.41253592533997,0.09613254721181097,-7.641609795474633
760.0,-1.730685733214811,3.6794301511567737,0.633170178881258,27.938016176450333,27.053311631861277,34.39692620785911,0.08006147403614541,-6.367937268967443
761.0,-1.3722993435223323,3.679137833063306,0.632997036585746,27.947044936237887,27.065566376844913,34.381118258911215,0.06331898471575158,-5.048878433040952
762.0,-1.0038007828462456,3.678775113354356,0.6328422434525175,27.9560293114356,27.077261866411504,34.36511241197053,0.04610745076583905,-3.6927573387003885
763.0,-1.0038007828462456,3.678769281938145,0.6327057457857302,27.96495660465564,27.088562627359863,34.34890900468616,0.04623861365045883,-3.6927514851202305
764.0,-1.0038007828462456,3.678708151067304,0.6325866860380495,27.973824820594302,27.099829708983464,34.33250837887459,0.04629676270238009,-3.6926901219042243
765.0,-1.0038007828462456,3.6785973453892216,0.6324834028106485,27.982634080073012,27.111070628455025,34.315910880512774,0.0462892116604971,-3.6925788950778218
766.0,-1.0038007828462456,3.6784450040681618,0.6323934308532082,27.991384437872853,27.12228291701507,34.29911685973087,0.046226605244470254,-3.692425974740482
767.0,-1.0038007828462456,3.678261780785262,0.6323135010639176,28.00007593563072,27.13346472545146,34.28212667080459,0.04612291915472201,-3.6922420550656714
768.0,-1.0038007828462456,3.6780608437385327,0.6322395404894733,28.008708601839203,27.144614824099392,34.26494067214804,0.04599546007243961,-3.692040354300862
769.0,-1.0038007828462456,3.6778578756428617,0.6321666723250797,28.017282451846597,27.155732602841454,34.24755922630578,0.04586486565957508,-3.6918366147675346
770.0,-1.0038007828462456,3.677671073730008,0.6320892159144492,28.02579748785689,27.166818071107514,34.22998269994565,0.04575510455884295,-3.6916491028611746
771.0,-1.0038007828462456,3.6775200398838215,0.6320010277806751,28.034253698929945,27.177871857874777,34.212211463850565,0.04569201998352492,-3.6914974949681363
772.0,-1.0038007828462456,3.67738496735889,0.6319080832637449,28.042651146741605,27.188894950584483,34.194245892911056,0.04564973185611313,-3.691361909061869
773.0,-1.0038007828462456,3.6772503185262373,0.6318151387468147,28.050990089361846,27.19988719488356,34.176086366117204,0.04560786903134273,-3.6912267484582433
774.0,-1.0038007828462456,3.6771160891298713,0.6317221942298845,28.059270474839536,27.21084828741357,34.157733266550565,0.045566427237045605,-3.69109200888509
775.0,-1.0038007828462456,3.6769822749518877,0.6316292497129543,28.067492227168202,27.221777967622415,34.13918698137627,0.04552540223928573,-3.690957686108474
776.0,-1.0038007828462456,3.6768488718124748,0.6315363051960241,28.075655276465568,27.232675976593498,34.12044790183472,0.045484789842364495,-3.690823775932697
777.0,-1.0038007828462456,3.6767158755699083,0.6314433606790939,28.083759558973554,27.24354205704583,34.10151642323336,0.04544458588881625,-3.6906902742002936
778.0,-1.0038007828462456,3.676583282120553,0.6313504161621637,28.091805017058277,27.254375953334034,34.082392944938476,0.04540478625940922,-3.6905571767920304
779.0,-1.0038007828462456,3.6764510873988656,0.6312574716452335,28.099791599209937,27.26517741144812,34.0630778703665,0.04536538687314723,-3.690424479626912
780.0,-1.0038007828462456,3.676319287377391,0.6311645271283033,28.10771926004304,27.275946179013886,34.043571606975775,0.04532638368726755,-3.690292178662177
781.0,-1.0038007828462456,3.6761878780667643,0.6310715826113731,28.115587960296125,27.286682005292562,34.0238745662578,0.045287772697242636,-3.6901602698932967
782.0,-1.0038007828462456,3.676056855515708,0.6309786380944429,28.12339766683209,27.297384641180884,34.00398716372854,0.045249549936777905,-3.6900287493539756
783.0,-1.0038007828462456,3.675926215811038,0.6308856935775127,28.131148352637865,27.30805383921131,33.98390981891981,0.045211711477815296,-3.689897613116157
784.0,-1.0038007828462456,3.6757959550776578,0.6307927490605825,28.138839996824515,27.318689353551804,33.96364295537023,0.04517425343052973,-3.689766857290016
785.0,-1.0038007828462456,3.67566606947856,0.6306998045436523,28.146472584627418,27.329290940005762,33.943187000616376,0.045137171943330404,-3.689636478023961
786.0,-1.0038007828462456,3.6755365552148276,0.6306068600267221,28.15404610740603,27.339858356012257,33.92254238618392,0.04510046320286218,-3.689506471504637
787.0,-1.0038007828462456,3.6754074085256323,0.6305139155097919,28.16156056264407,27.35039136064603,33.901709547578264,0.045064123434001985,-3.6893768339569206
788.0,-1.0038007828462456,3.675278625688238,0.6304209709928617,28.169015953949327,27.3608897146172,33.880688924275375,0.04502814889986416,-3.6892475616439273
789.0,-1.0038007828462456,3.675150203017995,0.6303280264759314,28.17641229105385,27.371353180271512,33.859480959712755,0.04499253590179468,-3.689118650867002
790.0,-1.0038007828462456,3.6750221368683453,0.6302350819590012,28.18374958981383,27.381781521590312,33.83808610127994,0.04495728077937605,-3.6889900979657275
791.0,-1.0038007828462456,3.6748944236308194,0.630142137442071,28.191027872209588,27.39217450419045,33.81650480030896,0.044922379910423735,-3.688861899317919
792.0,-1.0038007828462456,3.6747670597350384,0.6300491929251408,28.19824716634571,27.402531895324444,33.7947375120649,0.04488782971098795,-3.688734051339628
793.0,-1.0038007828462456,3.6746400416487126,0.6299562484082106,28.20540750645091,27.412853463880197,33.77278469573645,0.0448536266353541,-3.6886065504851384
794.0,-1.0038007828462456,3.6745311824956297,0.6298572627457418,28.212508932878052,27.42313898038128,33.75064681442592,0.04484371561774636,-3.6884972775820537
795.0,-1.0038007828462456,3.6744556004559623,0.6297470589747185,28.219551491655864,27.433388218927462,33.7283243351398,0.04487846893878505,-3.6884214082714664
796.0,-1.0038007828462456,3.6743981055778603,0.6296307192749009,28.226534935728978,27.44360236688152,33.70581772877864,0.04493753741688938,-3.6883636948678182
797.0,-1.0038007828462456,3.674344844670482,0.6295128928685584,28.23345908894936,27.453782534337222,33.68312747012715,0.04500234831529491,-3.688310231527297
798.0,-1.0038007828462456,3.6742835035319583,0.6293977275770499,28.24032400743397,27.463928342676695,33.66025403784437,0.045056377042197115,-3.6882486572444257
799.0,-1.0038007828462456,3.6742033069493933,0.6292888698208242,28.24712970040872,27.47403898254811,33.63719791445345,0.04508514715075495,-3.6881681558520656
800.0,-1.0038007828462456,3.674095018698864,0.6291894646194198,28.253876130208482,27.484113213865896,33.61395958633136,0.04507623033908904,-3.6880594560214113
801.0,-1.0038007828462456,3.673950941545421,0.6291021555914648,28.260563212276963,27.494149365810756,33.59053954369887,0.04501924645028354,-3.6879148312619945
802.0,-1.0038007828462456,3.6737649172430875,0.6290290849546772,28.267190815166884,27.50414533682971,33.566938280609975,0.04490586347238336,-3.687728099921684
803.0,-1.0038007828462456,3.6735323265348594,0.6289718935258648,28.27375927762506,27.514065027138656,33.54315629494164,0.04472979753839512,-3.687494625186682
804.0,-0.6597805676880875,3.6728623783702234,0.6289317207209247,28.28026542191759,27.52367139319324,33.5191940883833,0.028984594242764374,-2.423283225041325
805.0,-0.3157603525299292,3.6721412422526054,0.6289092045548443,28.28669810610404,27.53278667828448,33.495052166426035,0.013650963464031803,-1.1595166131933747
806.0,0.028259862628229014,3.6713689158919203,0.6289044816417004,28.293047000141883,27.54133198405566,33.4707310383522,-0.001200039078496632,0.10375238122065575
807.0,0.3722800777863872,3.6705469359870584,0.6289171871946595,28.299303207388505,27.54931816006433,33.446231217224636,-0.01549792611866144,1.3664714988478475
808.0,0.7163002929445454,3.6696783782258797,0.628946455025978,28.30545926460138,27.556845803782778,33.42155321987565,-0.029176288520283207,2.628591697335462
809.0,0.7163002929445454,3.6691555680677026,0.6289909175470019,28.311509141937734,27.564105260597444,33.39669756689631,-0.028769950933992268,2.6282172082660056
810.0,0.7163002929445454,3.6685969483958534,0.6290487057681671,28.31744833365974,27.57137373556708,33.37166478262532,-0.028328417779652705,2.627817068831415
811.0,0.7163002929445454,3.6680102118651114,0.6291174492989989,28.323280263915535,27.578730071448206,33.34645539513804,-0.02785889721952817,2.6273967892825634
812.0,0.7163002929445454,3.667404590119232,0.6291942763481129,28.329008937966194,27.58608061706292,33.32106993623552,-0.027370058947754704,2.6269629822485765
813.0,0.7163002929445454,3.6667908537909413,0.6292758137232137,28.33463558438541,27.59340911672399,33.295508941432786,-0.026872034190338807,2.626523362736831
814.0,0.7163002929445454,3.6661813125019402,0.6293581868310962,28.34016181769107,27.600716187518856,33.26977294994816,-0.026376415705158418,2.6260867481329577
815.0,0.7163002929445454,3.6655898148629023,0.629437019677645,28.345589638345416,27.608019319309676,33.24386250469138,-0.0258962577819629,2.625663058200839
816.0,0.7163002929445454,3.665031924277093,0.6295073648418053,28.350921432754888,27.61535287473339,33.217778152252436,-0.025446252330221426,2.6252634410107927
817.0,0.5730402343556366,3.6646906909529418,0.6295614821542815,28.356159973270337,27.622768089201315,33.191520442889896,-0.020130450042711513,2.1000152123845934
818.0,0.4297801757667276,3.664403363099558,0.6295993196268101,28.361309504924975,27.630343504125165,33.16508993051946,-0.01495808792110985,1.5748879214731157
819.0,0.2865201171778187,3.6641594089737666,0.6296242951855527,28.366375484914613,27.638087321108173,33.13848717270196,-0.009895004849347981,1.0498553832173705
820.0,0.14326005858890983,3.6639493739122373,0.6296394728117458,28.371361768367365,27.645945250980958,33.11171273063201,-0.004915238441835921,0.5248976019734666
821.0,9.325873406851315e-16,3.6637648803314873,0.6296475625417011,28.376271568620723,27.653871012086256,33.08476716912594,-3.1817378668885016e-17,3.4167807466439208e-15
822.0,9.325873406851315e-16,3.6634371736418507,0.6296509204668054,28.381107466316678,27.661826629871598,33.05765105660976,-3.1508632000228993e-17,3.416475131533708e-15
823.0,9.325873406851315e-16,3.6631214845055684,0.6296515487335206,28.385871409402114,27.669782436889477,33.03036496510754,-3.12136383945552e-17,3.4161807238416194e-15
824.0,9.325873406851315e-16,3.6628126665786978,0.6296510955433836,28.390564713128697,27.67771707279718,33.002909470228815,-3.0926061344763665e-17,3.415892724152443e-15
825.0,9.325873406851315e-16,3.6625066505971433,0.6296508551530066,28.395188060052703,27.68561748435667,32.975285151157095,-3.064089889934101e-17,3.415607337521998e-15
826.0,9.325873406851315e-16,3.662200444376656,0.6296517678740766,28.399741500035248,27.693478925435045,32.94749259063701,-3.0354483662359615e-17,3.4153217734771325e-15
827.0,9.325873406851315e-16,3.661892132812834,0.6296544200733561,28.404224450188224,27.701304466900353,32.91953237496239,-3.006448279347969e-17,3.4150342460157253e-15
828.0,9.325873406851315e-16,3.661580877881122,0.6296590441726824,28.408636113362775,27.70906196337586,32.891405093963954,-2.9769898007945535e-17,3.4147439736066847e-15
829.0,9.325873406851315e-16,3.6612669186368123,0.6296655186489677,28.412976734457402,27.716747928413668,32.863111340996454,-2.947106557658971e-17,3.4144511791899506e-15
830.0,9.325873406851315e-16,3.660951571215042,0.6296733680341998,28.417246983722407,27.724389441213305,32.83465171292664,-2.9169656325829694e-17,3.4141570901764902e-15
831.0,9.325873406851315e-16,3.660637228830798,0.6296817629154413,28.421447738806705,27.73201115958983,32.80602681012044,-2.886867563767039e-17,3.413863938448303e-15
832.0,9.325873406851315e-16,3.660327361778911,0.62968951993483,28.42558008475754,27.739635319973672,32.77723723643015,-2.8572463449702034e-17,3.413574960358418e-15
833.0,9.325873406851315e-16,3.660026517434062,0.6296951017895787,28.429645314020775,27.74728173741073,32.748283599182,-2.8286694255102704e-17,3.4132943967308952e-15
834.0,9.325873406851315e-16,3.6597403202507746,0.6296966172319751,28.433644926440593,27.75496780556233,32.71916650916319,-2.801837710263458e-17,3.4130274928608216e-15
835.0,-0.0636564830202861,3.6595472126197857,0.6296918210693826,28.4375806292598,27.762708496705102,32.68988658060903,0.0019004892252921482,-0.23295390500206672
836.0,-0.17943048632206846,3.659441968744309,0.629678114164239,28.44145433711958,27.770516361731268,32.660444431189774,0.00534054290212101,-0.6566154521191789
837.0,-0.33787470625247656,3.6594227972071924,0.6296525434340577,28.44526817205974,27.778401530148415,32.63084068199805,0.010058615748659079,-1.2364264026599963
838.0,-0.53125434477724,3.6594909136649667,0.6296118018514271,28.449024463518356,27.786371710079436,32.601075957535386,0.015873407969027125,-1.9441204475573453
839.0,-0.7532366848768544,3.6596493675767636,0.62955245372466,28.45272574833217,27.794432188262874,32.57115088569901,0.02267009961498184,-2.756582157445198
840.0,-0.9349804533566244,3.659817707197458,0.6294748869679485,28.456374770736318,27.802585830052465,32.541066097768976,0.028369943814303907,-3.4218580190780807
841.0,-1.083779665791297,3.659996233971952,0.6293814512797401,28.459974482364373,27.81083307941759,32.510822228394375,0.0331796789544371,-3.966629495251528
842.0,-1.205606157045347,3.660185255458638,0.6292741380498881,28.463528042248527,27.81917195894283,32.48041991558034,0.037266633469138964,-4.4127418799075295
843.0,-1.3053492519746235,3.660384259790593,0.6291548160026542,28.467038816819297,27.82759806982841,32.4498598006744,0.04076533108816801,-4.778079855457337
844.0,-1.425424002758086,3.6606354271590575,0.6290252311967097,28.470510406493986,27.83610395829743,32.419142528352836,0.04505793205661542,-5.21795760321912
845.0,-1.5220808421411058,3.6608842307926315,0.6288870070251346,28.473945247906954,27.84467410442295,32.388268746607366,0.04870236129820726,-5.572161752985943
846.0,-1.599564717287728,3.661130634301136,0.6287416442154177,28.47734365686864,27.853290871261038,32.3572391067313,0.051808285769695026,-5.856215388009337
847.0,-1.661351096986347,3.6613741346557265,0.628590520829457,28.480705756109387,27.861938140193843,32.32605426330588,0.05446509279344756,-6.082827935087728
848.0,-1.7102854544153838,3.6616139193859727,0.6284348922635595,28.484031610383227,27.87060122477527,32.294714874186184,0.056745607479114654,-6.2624050260107325
849.0,-1.7102854544153838,3.661805704944915,0.628275891248441,28.487321226468055,27.879266870731385,32.26322160048784,0.05734555265433474,-6.262733034062559
850.0,-1.7102854544153838,3.662001422161606,0.6281145278492263,28.490574553165402,27.88792325596023,32.23157510657245,0.05795626243777265,-6.263067766371444
851.0,-1.7102854544153838,3.662198253407744,0.6279516894654492,28.493791481300548,27.89655999053167,32.19977606003397,0.05857140017421136,-6.263404403988689
852.0,-1.7102854544153838,3.662393781618493,0.6277881408310526,28.496971843722633,27.905168116687662,32.16782513168454,0.05918552407948007,-6.26373881304346
853.0,-1.7102854544153838,3.6625859902924813,0.6276245240143881,28.500115415304435,27.913740108841978,32.13572299554011,0.059794087240454964,-6.264067544742795
854.0,-1.7102854544153838,3.6627732634918075,0.6274613584182164,28.503221912942422,27.922269873580547,32.10347032880662,0.06039343761505767,-6.264387835371604
855.0,-1.7102854544153838,3.662954385842034,0.6272990407797071,28.50629099555698,27.93075274966111,32.071067811865476,0.06098081803225684,-6.264697606292666
856.0,-1.7102854544153838,3.6631285425321907,0.627137845170439,28.509322264092077,27.93918550801351,32.03851612825912,0.061554366192067306,-6.26499546394663
857.0,-1.7102854544153838,3.663295319314772,0.6269779229963995,28.51231526151554,27.94756635173934,32.0058159646768,0.0621131146655494,-6.265280699852013
858.0,-1.7102854544153838,3.6634547025057422,0.6268193029979855,28.515269472818773,27.95589491611247,31.97296801093995,0.06265699089481039,-6.265553290605208
859.0,-1.7102854544153838,3.6636070789845294,0.6266618912500022,28.51818432501716,27.96417226857841,31.939972959987756,0.06318681719300534,-6.265813897880473
860.0,-1.7102854544153838,3.6637532361940286,0.6265054711616641,28.52105918714966,27.97240090875482,31.90683150786242,0.06370431074433247,-6.266063868429938
861.0,-1.7102854544153838,3.663894362140602,0.6263497034765949,28.52389337027904,27.980584768431356,31.87354435369457,0.06421208360403927,-6.266305234083602
862.0,-1.7102854544153838,3.664032045394077,0.6261941262728268,28.5266861274917,27.988729211569535,31.840112199688406,0.0647136426984179,-6.266540711749338
863.0,-1.7102854544153838,3.6641682750877496,0.6260381549628014,28.52943669123954,27.996839798522387,31.80653575110705,0.06521338982480757,-6.266773703412885
864.0,-1.7102854544153838,3.6643054409183784,0.6258810822933688,28.532144695315367,28.00491016324395,31.772815716257412,0.06571662165159212,-6.267008296137853
865.0,-1.7102854544153838,3.664443955808353,0.6257227779994076,28.53480975837965,28.012937820910224,31.738952806475538,0.06622426718446832,-6.267245196139395
866.0,-1.7102854544153838,3.664579818831413,0.6255644182351099,28.53743144753156,28.020922632614088,31.704947736111478,0.06672747213804449,-6.267477560691528
867.0,-1.7102854544153838,3.6647128683834347,0.6254060584708121,28.54000933965881,28.028864455600115,31.670801222514115,0.06722586525302655,-6.267705113405067
868.0,-1.7102854544153838,3.6648431317468453,0.6252476987065144,28.54254302143778,28.03676314326475,31.63651398601621,0.06771949319015408,-6.267927900940752
869.0,-1.7102854544153838,3.664970635967098,0.6250893389422167,28.545032089333404,28.044618545156027,31.602086749919067,0.06820840220487116,-6.268145969554026
870.0,-1.7102854544153838,3.665095407852666,0.624930979177919,28.54747614959922,28.052430506973906,31.567520240477336,0.06869263814732188,-6.2683593650950336
871.0,-1.7102854544153838,3.6652174739750496,0.6247726194136213,28.54987481827726,28.060198870570048,31.532815186883738,0.06917224646235408,-6.268568133008623
872.0,-1.7102854544153838,3.665336860668769,0.6246142596493235,28.55222772119828,28.06792347394793,31.4979723212536,0.06964727218951638,-6.268772318334342
873.0,-1.7102854544153838,3.6654535940313715,0.6244558998850258,28.554534493981578,28.07560415126278,31.462992378609385,0.07011775996306348,-6.268971965706446
874.0,-1.7102854544153838,3.6655676999234252,0.6242975401207281,28.556794782035013,28.08324073282148,31.42787609686542,0.07058375401194923,-6.269167119353889
875.0,-1.7102854544153838,3.665679203968523,0.6241391803564303,28.559008240555045,28.09083304508289,31.392624216811896,0.07104529815983135,-6.269357823100328
876.0,-1.7102854544153838,3.6657881315532816,0.6239808205921327,28.561174534526685,28.098380910657454,31.357237482099663,0.07150243582507128,-6.269544120364125
877.0,-1.7102854544153838,3.665894507827339,0.6238224608278349,28.563293338723668,28.105884148307496,31.321716639224405,0.07195521002073049,-6.26972605415834
878.0,-1.7102854544153838,3.66599835770336,0.6236641010635372,28.56536433770816,28.11334257294709,31.28606243751085,0.0724036633545742,-6.269903667090742
879.0,-1.7102854544153838,3.6660997058570297,0.6235057412992395,28.567387225831055,28.120755995642014,31.25027562909679,0.07284783802907066,-6.270077001363795
880.0,-1.7102854544153838,3.6661985767270595,0.6233473815349417,28.56936170723162,28.12812422360986,31.214356968917627,0.07328777584139118,-6.270246098774672
881.0,-1.7102854544153838,3.666294994515183,0.6231890217706441,28.571287510967522,28.13544736866129,31.17830721469022,0.07372351818340853,-6.270411000715247
882.0,-1.7102854544153838,3.6663889831861565,0.6230306620063464,28.573164395933418,28.142726012313915,31.142127126896696,0.07415510604169775,-6.270571748172093
883.0,-1.7102854544153838,3.6664805664677615,0.6228723022420486,28.574992031548675,28.149958899939804,31.105817468768805,0.07458257999753695,-6.27072838172649
884.0,-1.7102854544153838,3.666569767850801,0.6227139424777509,28.57677009929796,28.15714500919944,31.06937900627156,0.07500598022690644,-6.270880941554416
885.0,-1.7102854544153838,3.6666566105891043,0.6225555827134531,28.578498304024492,28.164283778317838,31.032812508087204,0.07542534650049111,-6.271029467426557
886.0,-1.7102854544153838,3.6667411176995213,0.6223972229491554,28.58017637392993,28.171375106084213,30.996118745598835,0.07584071818367508,-6.271173998708298
887.0,-1.7102854544153838,3.666823311961927,0.6222388631848578,28.581804060574598,28.178419351852142,30.959298492874268,0.07625213423654699,-6.271314574359727
888.0,-1.7102854544153838,3.66690321591922,0.62208050342056,28.5833811388772,28.185417335539398,30.922352526649775,0.07665963321389853,-6.271451232935635
889.0,-1.7102854544153838,3.6669925744497793,0.621918161505134,28.584907407115168,28.192370337628176,30.885281626313542,0.0770901128255369,-6.271604061530679
890.0,-1.7102854544153838,3.6671355349367425,0.6217367897581478,28.586382686924253,28.19928009916498,30.848086573889134,0.07764481352765908,-6.271848564772088
891.0,-1.7102854544153838,3.66731140650787,0.6215433047015523,28.58780682329899,28.206148821760564,30.8107681540194,0.07827651879554484,-6.272149355362033
892.0,-1.7102854544153838,3.6674941234351985,0.6213464803838518,28.589180113461907,28.21300784172081,30.77332715394948,0.07892564266626927,-6.272461853465118
893.0,-1.7102854544153838,3.6676607751150465,0.6211540561046685,28.590505732581732,28.219983305725748,30.73576436351044,0.07953976505603036,-6.2727468754091165
894.0,-1.7102854544153838,3.667791606068006,0.620972736414742,28.591782217452987,28.22684177595221,30.698080575102665,0.08007363176014437,-6.27297063368495
895.0,-1.7102854544153838,3.6678700159389463,0.6208081911159298,28.59300438970689,28.233331662208855,30.660276583678865,0.08048915445304743,-6.273104736946702
896.0,-1.1706681382904525,3.6672744107817423,0.6206650552612061,28.594164097505143,28.23925550474428,30.622353186727537,0.05456408745414243,-4.293161307070078
897.0,-0.6310508221655209,3.66660264920509,0.6205469291546634,28.59525021553975,28.244469974247238,30.584311184256137,0.029063500003245774,-2.313812616335149
898.0,-0.09143350604058931,3.665847596226688,0.620456378351511,28.59624864503286,28.24888587184654,30.546151378774084,0.004150278193779577,-0.33518129833347265
899.0,0.4481838100843422,3.6650052719885147,0.6203949336580764,28.59714231373721,28.25246812911098,30.507874575275935,-0.019993631402086844,1.6425960267790134
900.0,0.9878011262092737,3.6640748517568227,0.620363091131804,28.59791202840495,28.255292705826605,30.469481581224272,-0.04317852637398223,3.619377265080467
901.0,0.9878011262092737,3.6636668146374154,0.620360312081256,28.59854951787287,28.257819408570867,30.430973206532883,-0.042778211997157534,3.6189742055543817
902.0,0.9878011262092737,3.663178497429827,0.6203850230661121,28.599055389764146,28.260210804441954,30.392350263549474,-0.0422714421708841,3.618491845266778
903.0,0.9878011262092737,3.662618540773142,0.6204346158971693,28.599430802665324,28.262538033085832,30.35361356703862,-0.041669328500411995,3.6179387194506765
904.0,0.9878011262092737,3.661998740430721,0.6205054476363424,28.59967746876805,28.264851519116178,30.314763934164546,-0.04098712135241693,3.617326479974408
905.0,0.9878011262092737,3.6613340472902,0.6205928405966634,28.59979765386936,28.267180972114375,30.275802184474003,-0.040244209854998984,3.6166698953416176
906.0,0.9878011262092737,3.660642567363495,0.620691082342282,28.599794177371564,28.269535386629627,30.236729139878776,-0.039464121897686076,3.6159868506912676
907.0,0.9878011262092737,3.6599455617867958,0.6207934256884654,28.599670412282194,28.271903042178963,30.197545624638508,-0.03867452413142827,3.61529834779763
908.0,0.9878011262092737,3.6592674468205706,0.6208920887015981,28.599430670555137,28.274298888297665,30.158252465343253,-0.03790722196860394,3.6146285050702933
909.0,0.7902409009674192,3.658858444223411,0.6209782546991822,28.599081604865887,28.276928206201262,30.118850490896023,-0.029934475098442003,2.891379593475358
910.0,0.5926806757255646,3.658515072317373,0.621045789131474,28.598628186952624,28.279753481825253,30.079340532495337,-0.02220732007757032,2.168331185213223
911.0,0.39512045048371,3.6581870459371713,0.6211107273124695,28.59807489969785,28.282710013282554,30.039723423617716,-0.014649611717269145,1.4454245135443673
912.0,0.19756022524185538,3.657876166221095,0.6211721153010181,28.59742606812415,28.285749968540188,30.0,-0.007251260567058657,0.7226508393054539
913.0,7.549516567451064e-16,3.657595935566853,0.6212252349317409,28.596685859394313,28.288842385418945,29.96017109962179,-2.745812070145705e-17,2.7613081112603633e-15
914.0,7.549516567451064e-16,3.6571354308345483,0.6212659571663728,28.595858282811434,28.29197317159378,29.92023756268776,-2.7079718572363225e-17,2.760960452449771e-15
915.0,7.549516567451064e-16,3.6567272544682257,0.6212907420937628,28.59494718981881,28.295145104593303,29.88020023160999,-2.6752853726368042e-17,2.7606522990257714e-15
916.0,7.549516567451064e-16,3.6563795833743233,0.6212966389298737,28.593956273999993,28.29837783180028,29.840059950989996,-2.6485927031832574e-17,2.7603898241574274e-15
917.0,-0.11368288457589895,3.656226939906442,0.6212812860177825,28.592889071078673,28.301707870451366,29.799817567601167,0.0039727227374536595,-0.4156504251926763
918.0,-0.32044144285270226,3.656250726316855,0.62124291082768,28.59174895891897,28.305188607637092,29.759473930370746,0.011217954906472018,-1.1716142581722138
919.0,-0.6034039175518869,3.6564347795502794,0.6211803299568708,28.590539164316567,28.30889047882613,29.71902989036198,0.02127267299579735,-2.2063070702536085
920.0,-0.9487568821310596,3.6567646081264154,0.6210929491297736,28.58926703113815,28.312950772833744,29.678486300756106,0.033843731970095096,-3.4693805882932236
921.0,-1.3451908594745787,3.657226767352215,0.6209807631979213,28.587943829063022,28.317407884184263,29.637844016834435,0.04875779348083213,-4.919668018467961
922.0,-1.669763548290738,3.6576802271780267,0.6208443561399601,28.586578552240496,28.322217726845338,29.59710389596023,0.06150719472889975,-6.1074611146456546
923.0,-1.9355011902337373,3.6581354189383384,0.620684901061651,28.585179150650333,28.32733767400913,29.55626679756074,0.07248552192519597,-7.0803254573913454
924.0,-2.1530687699428963,3.6585983376672315,0.6205041601958681,28.583752530102743,28.33272655809219,29.515333583108884,0.08201938383025204,-7.877213822596311
925.0,-2.33119803832353,3.65907102448061,0.6203044849026,28.58230455223861,28.33834467073541,29.474305116105256,0.09037248101684454,-8.530019194355667
926.0,-2.477037948370036,3.6595519615173777,0.6200888156689492,28.580840034529444,28.344153762804297,29.43318226205986,0.09775170982861546,-9.064849082710547
927.0,-2.596441567751237,3.66003639528992,0.6198606821091319,28.579362750277085,28.350117044388583,29.391965888473692,0.1043138917166465,-9.503070636213147
928.0,-2.6942009829674447,3.6605166014210897,0.6196242029644785,28.57787560550787,28.356200158727404,29.350656864820735,0.1101723401176947,-9.86216742571735
929.0,-2.7742396226078734,3.660982101392517,0.6193840861034332,28.576382508741062,28.362343770162113,29.309256062529357,0.11540286223681946,-10.156441603341355
930.0,-2.6008252591825505,3.661150549597672,0.6191456285215542,28.5748798366061,28.368379581650174,29.267764354964015,0.10924745974473364,-9.522012827063703
931.0,-2.408619241327009,3.661266732373035,0.6189151838131195,28.573361652309245,28.374164839450543,29.226182617407005,0.10200875476140502,-8.818597499224156
932.0,-2.201027918088233,3.6613121897435943,0.6187006266838622,28.571822133430146,28.379611862318825,29.18451172703959,0.09378923992784471,-8.058650346462413
933.0,-1.9808401721867064,3.6612939730432648,0.6185009379108457,28.570255571921734,28.384688041506934,29.142752562923988,0.08476616308009054,-7.252438183989171
934.0,-1.7503393476724178,3.6612226998583064,0.6183135921134921,28.568656374110276,28.389415840763093,29.100906005984427,0.07510549965926136,-6.408382152153436
935.0,-1.7503393476724178,3.6613771518845812,0.6181362704694474,28.567019060695202,28.39387279633206,29.05897293898869,0.0756862161689432,-6.408652495612353
936.0,-1.7503393476724178,3.661504279289422,0.6179668607145814,28.56533826674945,28.398191516954967,29.01695424652968,0.07620525682762538,-6.408875011711213
937.0,-1.7503393476724178,3.661610146838911,0.6178034571429878,28.563609556709878,28.402534378353266,28.974850815006505,0.07667657266604765,-6.409060315848725
938.0,-1.7503393476724178,3.6617001594686536,0.6176443606069846,28.561835744590326,28.40685324759329,28.93266353260583,0.07711259824071862,-6.409217868496351
939.0,-1.7503393476724178,3.661779062283778,0.6174880785171134,28.56001752579101,28.41111867903504,28.89039328928328,0.0775242516339105,-6.409355975198306
940.0,-1.7503393476724178,3.6618509405589323,0.6173333248421399,28.558154517289495,28.415330175049235,28.84804097674447,0.07792093445365977,-6.409481786571551
941.0,-1.7503393476724178,3.6619192197382895,0.6171790201090538,28.556246351420782,28.419487425378463,28.805607488426347,0.07831053183376803,-6.409601298305807
942.0,-1.7503393476724178,3.661986665435544,0.6170242914030685,28.554292675877377,28.42359030713709,28.763093719478377,0.07869941243380428,-6.409719351163543
943.0,-1.7503393476724178,3.6620553834339127,0.6168684723676215,28.55229315370906,28.427638884811074,28.72050056674334,0.07909242843910105,-6.409839630979981
944.0,-1.7503393476724178,3.662126819686134,0.6167111032043746,28.550247463322933,28.4316334102582,28.67782892873896,0.07949291556075522,-6.409964668663093
945.0,-1.7503393476724178,3.662201760314469,0.6165519306732129,28.54815529848355,28.43557432270802,28.635079705638304,0.07990269303563104,-6.410095840193608
946.0,-1.7503393476724178,3.6622803316107024,0.616390908092246,28.54601638960162,28.439462312617195,28.592253799251353,0.0803220636263563,-6.410233366625003
947.0,-1.7503393476724178,3.66236200003614,0.6162281953378069,28.543830517379376,28.443297827782146,28.54935211300574,0.08074981362132468,-6.410376314083509
948.0,-1.7503393476724178,3.66244557222161,0.6160641588444531,28.541597429595072,28.447080763371844,28.506375551927533,0.08118321283469494,-6.410522593768108
949.0,-1.7503393476724178,3.6625291949674628,0.6158993716049658,28.539316879655473,28.450811003100796,28.463325022622485,0.08161801460639091,-6.410668961950535
950.0,-1.7503393476724178,3.6626103552435723,0.61573461317035,28.536988628628478,28.454488434701716,28.420201433256693,0.08204845580210154,-6.410811019975277
951.0,-1.7503393476724178,3.6626858801893327,0.6155708696498351,28.534612445243397,28.458112949925123,28.3770056935374,0.08246725681328083,-6.410943214259572
952.0,-1.7503393476724178,3.6627541147843723,0.6154086685144114,28.532188105890896,28.461684444539628,28.333738714693936,0.08287059753942064,-6.411062647956142
953.0,-1.7503393476724178,3.6628197277852936,0.6152466000562936,28.529715394622883,28.465202818331647,28.290401409458525,0.08326911735591237,-6.411177492973374
954.0,-1.7503393476724178,3.6628831757816602,0.6150845315981759,28.52719410315268,28.46866797510563,28.246994692046826,0.08366384767974328,-6.411288548497946
955.0,-1.7503393476724178,3.662944479666021,0.614922463140058,28.52462403085491,28.472079822684066,28.203519478138844,0.08405482507996552,-6.4113958510989075
956.0,-1.7503393476724178,3.663003660151321,0.6147603946819402,28.522004984765374,28.47543827290724,28.159976684859544,0.08444208581126043,-6.411499437030942
957.0,-1.7503393476724178,3.663060737770893,0.6145983262238224,28.51933677958141,28.478743241633595,28.11636723075941,0.08482566581392917,-6.411599342234351
958.0,-1.7503393476724178,3.663115732878464,0.6144362577657045,28.516619237661587,28.481994648739317,28.072692035795285,0.08520560071390043,-6.411695602335062
959.0,-1.7503393476724178,3.663168665648153,0.6142741893075867,28.513852189025783,28.485192418118743,28.02895202131083,0.08558192582272821,-6.411788252644629
960.0,-1.7503393476724178,3.663219556074468,0.614112120849469,28.51103547135523,28.488336477684015,27.98514811001695,0.08595467613758782,-6.411877328160228
961.0,-1.7503393476724178,3.6632684239723132,0.6139500523913511,28.508168929992394,28.491426759365368,27.94128122597266,0.08632388634128456,-6.411962863564665
962.0,-1.7503393476724178,3.6633152889769813,0.6137879839332333,28.50525241794122,28.494463199110953,27.897352294565223,0.08668959080224424,-6.412044893226365
963.0,-1.7503393476724178,3.6633601705441587,0.6136259154751155,28.502285795866896,28.497445736886846,27.853362242491073,0.08705182357452032,-6.41212345119938
964.0,-1.7503393476724178,3.6634030879499226,0.6134638470169976,28.4992689320959,28.50037431667704,27.809311997735676,0.08741061839778914,-6.412198571223389
965.0,-1.7503393476724178,3.663444060290742,0.6133017785588799,28.496201702616077,28.503248886483675,27.76520248955461,0.08776600869735154,-6.4122702867236905
966.0,-1.7503393476724178,3.6634831064834783,0.6131397101007621,28.493083991076617,28.506069398326645,27.721034648453383,0.08811802758413516,-6.412338630811214
967.0,-1.7503393476724178,3.663520245265385,0.6129776416426442,28.48991568878796,28.508835808243873,27.676809406168104,0.08846670785469132,-6.4124036362825105
968.0,-1.7503393476724178,3.6635554951941067,0.6128155731845264,28.4866966947219,28.51154807629132,27.63252769564599,0.08881208199119586,-6.412465335619754
969.0,-1.7503393476724178,3.6635888746476803,0.6126535047264086,28.483426915511586,28.514206166542863,27.588190451025184,0.08915418216144982,-6.412523760990748
970.0,-1.7503393476724178,3.663620401824535,0.6124914362682907,28.480106265451525,28.516810047090246,27.543798607615543,0.08949304021887955,-6.412578944248918
971.0,-1.7503393476724178,3.6636500947434905,0.612329367810173,28.476734666497464,28.519359690043302,27.499353101878626,0.08982868770253503,-6.412630916933312
972.0,-1.7503393476724178,3.6636779712437604,0.6121672993520552,28.47331204826645,28.521855071529785,27.454854871407974,0.09016115583709312,-6.412679710268611
973.0,-1.7503393476724178,3.6637040489849473,0.6120052308939373,28.469838348037,28.524296171695312,27.410304854909498,0.09049047553285122,-6.412725355165109
974.0,-1.7503393476724178,3.663728345447049,0.6118431624358195,28.466313510748762,28.526682974703647,27.36570399218141,0.09081667738573745,-6.412767882218734
975.0,-1.7503393476724178,3.663750877930452,0.6116810939777017,28.462737489002905,28.52901546873636,27.32105322409467,0.09113979167729895,-6.4128073217110355
976.0,-1.7503393476724178,3.6637716635559374,0.6115190255195839,28.459110243061787,28.53129364599306,27.276353492572923,0.091459848374712,-6.412843703609188
977.0,-1.7503393476724178,3.6637983397325837,0.6113543491566343,28.455431740849065,28.533517502691268,27.231605740572775,0.09179478025404356,-6.412890395970818
978.0,-1.7503393476724178,3.66387297584914,0.6111726269195613,28.451701957949922,28.535687039066545,27.186810912063777,0.09224349436750535,-6.413021034502385
979.0,-1.7503393476724178,3.663984009184318,0.6109777129248294,28.447920828011775,28.537804847588973,27.141969952008594,0.09277900601736148,-6.413215380517849
980.0,-1.7503393476724178,3.6641115196358753,0.6107763417141951,28.44408836633363,28.539875621110923,27.097083806343107,0.09335466053142372,-6.413438567078449
981.0,-1.7503393476724178,3.66423752856585,0.610574610218446,28.440204713395588,28.54189983357702,27.052153421956348,0.09392831749439179,-6.413659125466743
982.0,-1.7503393476724178,3.664345998800559,0.6103779777573993,28.43626998021324,28.54387680043692,27.0071797466706,0.09446235074785349,-6.413848985186605
983.0,-1.7503393476724178,3.664422834630599,0.6101912660399031,28.432284247089,28.54580471828126,26.962163729221345,0.0949236483902885,-6.413983473963235
984.0,-1.7503393476724178,3.664455881810845,0.6100186591638361,28.428247563612445,28.547680664841323,26.917106319237405,0.09528361277706139,-6.414041317743149
985.0,-1.7503393476724178,3.6644349275604524,0.6098637036161071,28.424160895581167,28.549538880505565,26.87200846722061,0.09551816052042869,-6.414004640694186
986.0,-1.7503393476724178,3.664351700562856,0.6097293082726554,28.4200255328181,28.551321131618238,26.826871124526065,0.0956077224895341,-6.413858965205504
987.0,-1.1866980132030527,3.663564647181823,0.6096177443984508,28.415831415031903,28.552528228585743,26.781695243341915,0.06401868235148407,-4.347544888051612
988.0,-0.6230566787336876,3.662704602813293,0.6095306456474936,28.41156408268222,28.552787411055817,26.73648177666928,0.03313038914684939,-2.2820725650114406
989.0,-0.05941534426432256,3.661769120533539,0.6094690080628146,28.407205657809698,28.551907381988656,26.691231678302188,0.0031074291875108078,-0.21756527291296587
990.0,0.5042259902050426,3.660757694883113,0.6094331900764748,28.402734844035933,28.549878307657025,26.64594590280734,-0.025879149257910048,1.8458491736031668
991.0,1.0678673246744075,3.6596717618668473,0.6094229125095657,28.398127109775373,28.546881622268472,26.60062540550416,-0.05365910433112629,3.9080438935312256
992.0,1.0678673246744075,3.659149922737799,0.6094372585722094,28.39336890941837,28.543539975145734,26.55527114244444,-0.053086529684944046,3.907486638576578
993.0,1.0678673246744075,3.658562272645412,0.6094746738635585,28.3884629542531,28.540128179082558,26.50988407039239,-0.05241904278586722,3.906859106244576
994.0,1.0678673246744075,3.657916071987356,0.6095329663717957,28.383412169893973,28.536687532103713,26.46446514680423,-0.051666737553126084,3.906169049676655
995.0,1.0678673246744075,3.6572205226255794,0.6096093064741344,28.378219744060175,28.533246917063195,26.41901532980819,-0.050842462016137124,3.905426295240516
996.0,1.0678673246744075,3.656486767886312,0.6097002269368182,28.372889126575785,28.52982280164423,26.37353557818409,-0.04996181831450396,3.904642742530127
997.0,1.0678673246744075,3.6557278925600607,0.6098016229151216,28.3674240293696,28.52641923835938,26.328026851343395,-0.04904316269801499,3.9038323643657216
998.0,1.0678673246744075,3.654958922901612,0.609908751953349,28.361828426475427,28.523027864550386,26.28249010930864,-0.04810760552664528,3.9030112067937988
999.0,1.0678673246744075,3.6541968266300353,0.6100162339848358,28.356105694902112,28.51967500593406,26.23692631269347,-0.047179011270557535,3.9021973890871253
1000.0,1.0678673246744075,3.6534605129286746,0.6101180513319473,28.350260351873146,28.516459589527074,26.19133642268224,-0.04628399851009922,3.9014111037447323
1001.0,0.8542938597395262,3.653011529740138,0.6102075487060796,28.344300072762564,28.51339775558779,26.145721401009723,-0.03656717816980224,3.1207453194146937
1002.0,0.6407203948046447,3.6526300343941878,0.6102780124903272,28.33823199933289,28.51049578276536,26.10008220994081,-0.027135804195015715,2.3403145577123468
1003.0,0.4271469298697633,3.6522980624551193,0.610334441437241,28.33206264162817,28.507753315417006,26.05441981225033,-0.017924631884004474,1.5600679043469894
1004.0,0.21357346493488188,3.6520020233107635,0.6103808720916071,28.325797877974082,28.50516336360738,26.00873517120266,-0.008889173480453639,0.779970726067679
1005.0,4.440892098500626e-16,3.6517389932042335,0.6104181901700451,28.319442954977717,28.502712303109035,25.963029250531406,-1.8350122769822152e-17,1.6216978840707312e-15
1006.0,4.440892098500626e-16,3.6512656432039647,0.6104471827994012,28.313002487527683,28.500379875402245,25.91730301441902,-1.8127037828358127e-17,1.6214876744431294e-15
1007.0,4.440892098500626e-16,3.6508203310886578,0.6104685385167488,28.30648045879417,28.49813918767495,25.871557427476603,-1.791979567929201e-17,1.621289916137706e-15
1008.0,4.440892098500626e-16,3.6504010094623323,0.610482847269387,28.299880220228943,28.495956712822874,25.82579345472334,-1.772722510693118e-17,1.621103699927998e-15
1009.0,4.440892098500626e-16,3.6500059230493127,0.6104906004148419,28.293204491565177,28.493792289449573,25.780012061566367,-1.7548328405711878e-17,1.6209282463150177e-15
1010.0,4.440892098500626e-16,3.649633608694224,0.6104921907208662,28.286455360817627,28.491599121866102,25.734214213780376,-1.738228138019901e-17,1.6207629055272506e-15
1011.0,4.440892098500626e-16,3.6492828953619947,0.6104879123654393,28.279634271750012,28.48932380653622,25.68840087748697,-1.7228433345086347e-17,1.620607157520657e-15
1012.0,4.440892098500626e-16,3.6489529041378552,0.6104779609367668,28.2727394375446,28.48693861843492,25.642573019134716,-1.708630712519692e-17,1.6204606119786714e-15
1013.0,4.440892098500626e-16,3.648643048227339,0.610462433433281,28.265771135397017,28.484496572572368,25.59673160547834,-1.695559905548223e-17,1.6203230083122028e-15
1014.0,-0.0495045936941967,3.648408824633374,0.610441328263641,28.258732424747052,28.482054924391946,25.55087760355866,0.0018795654813694523,-0.18061299649379692
1015.0,-0.13954012066446336,3.6482401174868064,0.610414545246732,28.251626412309633,28.479660267986844,25.505011980681957,0.005278184914582145,-0.5090758662070449
1016.0,-0.2627595691587999,3.648128936271832,0.6103818856116664,28.24445625207494,28.477348536099612,25.459135704399728,0.009918398768480096,-0.9585807875305374
1017.0,-0.4131477147126187,3.648069083517221,0.6103430519977826,28.237225145308173,28.475145000122552,25.41324974248812,0.015586423707431612,-1.5071914049688973
1018.0,-0.5857797080700952,3.648055882724908,0.6102976484546458,28.22993634054984,28.47306427009738,25.367355062927743,0.02211800744807558,-2.13695711000599
1019.0,-0.7271188299970149,3.6480301639396626,0.610245180442048,28.222593133615533,28.47111029471546,25.321452633882927,0.027474172992241166,-2.6525514245976263
1020.0,-0.8428375157316227,3.6479997780436486,0.6101850548300074,28.215198867595916,28.469276361317725,25.275543423681597,0.031871667371463346,-3.0746710703158198
1021.0,-0.9375799624483123,3.647971709215032,0.6101165798987689,28.207756932857023,28.467545095894593,25.22962840079481,0.03549221072281662,-3.4202651781383353
1022.0,-1.0151485171971184,3.6479522849871935,0.610038965338804,28.200270767039797,28.465888463086117,25.183708533816002,0.038487650223081746,-3.7032133529105895
1023.0,-1.078656278441779,3.647947348230658,0.6099513222508107,28.19274385506054,28.464267766181933,25.137784791440936,0.0409846519789978,-3.934881310594038
1024.0,-1.1306520356319165,3.6479623979599953,0.6098526631457137,28.18517970580774,28.462639713020792,25.09185814244728,0.043088849245158246,-4.124576111162156
1025.0,-1.3156040922318926,3.648163168602369,0.6097419019446642,28.177581175092996,28.46116572500364,25.045929555673695,0.0505471756436081,-4.799538393742945
1026.0,-1.488348466325717,3.6483892711196266,0.60961785397904,28.16995170346371,28.459896960947106,25.0,0.057705379238464735,-5.430074576230097
1027.0,-1.651098035327943,3.648646702314378,0.6094792359904453,28.16229473202958,28.458779688499703,24.954070444326305,0.06466932669621654,-6.024273401797047
1028.0,-1.8056645500306565,3.648941299039835,0.6093246661307112,28.15461319041333,28.457766194740998,24.90814185755272,0.07153434963558045,-6.588763948819043
1029.0,-1.9535313465242523,3.6492786895005014,0.6091527064243768,28.146909496750652,28.456814786181667,24.862215208559064,0.07838736574930863,-7.128980312142174
1030.0,-1.9535313465242523,3.6494708346067424,0.6089726405463337,28.13918555769027,28.455889788763443,24.816291466184055,0.0791144915746278,-7.129355673630297
1031.0,-1.9535313465242523,3.649659919308109,0.6087924050324162,28.131442768393867,28.454961547859114,24.77037159920519,0.07983597019209043,-7.129725056521564
1032.0,-1.9535313465242523,3.649845911007779,0.6086120208843419,28.123682012536108,28.45400642827252,24.724456576318403,0.08055169689526885,-7.1300883971370626
1033.0,-1.9535313465242523,3.6500287808126464,0.6084315078666103,28.115903662304675,28.45300681423862,24.678547366117073,0.08126157663000459,-7.130445639033204
1034.0,-1.9535313465242523,3.6502085035333236,0.6082508845065024,28.108107578400165,28.45195110942325,24.632644937072257,0.08196552399441535,-7.13079673300173
1035.0,-1.9535313465242523,3.65038505768414,0.6080701680940817,28.100293110036375,28.450833736923528,24.58675025751188,0.08266346323888896,-7.1311416370697085
1036.0,-1.9535313465242523,3.650558425483142,0.6078893746821924,28.092459094939784,28.449655139267577,24.540864295600272,0.0833553282660876,-7.131480316499537
1037.0,-1.9535313465242523,3.6507285928520923,0.6077085190864612,28.08460385935018,28.448421778414456,24.494988019318043,0.08404106263094362,-7.131812743788937
1038.0,-1.9535313465242523,3.6508955494164743,0.6075276148852963,28.076725219195964,28.447146127708038,24.44912239644134,0.08472061954066548,-7.132138898670965
1039.0,-1.9535313465242523,3.6510592885054867,0.6073466744198877,28.06882293753165,28.445829011738738,24.40326839452166,0.08539396185473264,-7.132458768114002
1040.0,-1.9535313465242523,3.6512198071520454,0.6071657087942071,28.06089801546841,28.44446125520824,24.357426980865284,0.08606106208489721,-7.132772346321756
1041.0,-1.9535313465242523,3.6513771060927844,0.6069847278750078,28.05295002921048,28.443042939053953,24.31159912251303,0.08672190239518492,-7.133079634733265
1042.0,-1.9535313465242523,3.651531189768056,0.6068037402918254,28.0449785662326,28.441574142810225,24.265785786219624,0.08737647460189327,-7.133380642022895
1043.0,-1.9535313465242523,3.6516820663219267,0.6066227534369765,28.036983225279812,28.44005494460839,24.219987938433633,0.08802478017359162,-7.1336753841003375
1044.0,-1.9535313465242523,3.6518297476021844,0.60644177346556,28.028963616367548,28.438485421176665,24.17420654527666,0.08866683023112548,-7.133963884110615
1045.0,-1.9535313465242523,3.6519742491603324,0.6062608052954566,28.020919360781647,28.436865647840023,24.128442572523397,0.08930264554760958,-7.1342461724340795
1046.0,-1.9535313465242523,3.6521155902515914,0.6060798526073281,28.012850091078292,28.43519569852066,24.08269698558098,0.08993225654843225,-7.134522286686406
1047.0,-1.9535313465242523,3.6522537938349,0.6058989178446187,28.004755451084122,28.43347564573753,24.036970749468594,0.09055570331125617,-7.134792271718601
1048.0,-1.9535313465242523,3.6523888865729144,0.6057180022135542,27.996635095896067,28.431705560606417,23.99126482879734,0.09117303556601596,-7.135056179617
1049.0,-1.9535313465242523,3.652520898832007,0.6055371056831419,27.988488691881457,28.4298855128402,23.94558018774967,0.09178431269491708,-7.135314069703263
1050.0,-1.9535313465242523,3.6526498646822696,0.6053562269851712,27.98031591667808,28.42801557074864,23.89991779005919,0.09238960373244035,-7.135566008534382
1051.0,-1.9535313465242523,3.6527758218975097,0.6051753636142131,27.972116459194012,28.426095801238375,23.854278598990334,0.09298898736533756,-7.135812069902674
1052.0,-1.9535313465242523,3.6528988119552537,0.6049945118276202,27.96389001960773,28.424126269812916,23.80866357731776,0.0935825519326349,-7.136052334835788
1053.0,-1.9535313465242523,3.6530188800367442,0.6048136666455272,27.955636309368117,28.422107040572826,23.76307368730653,0.09417039542563041,-7.136286891596697
1054.0,-1.9535313465242523,3.6531360750269406,0.60463282185085,27.94735505119445,28.42003817621554,23.71750989069136,0.09475262548789219,-7.136515835683701
1055.0,-1.9535313465242523,3.653250449514522,0.604451969989287,27.93904597907624,28.417919738035323,23.67197314865666,0.09532935941526627,-7.136739269830434
1056.0,-1.9535313465242523,3.6533620597918843,0.6042711023693176,27.93070917108031,28.415772530723984,23.62646442181591,0.09590072415586874,-7.136957304005856
1057.0,-1.9535313465242523,3.6534216656236773,0.6041067377930658,27.922348343216584,28.413760545750506,23.580984670191867,0.09633825736867783,-7.137073745866699
1058.0,-1.9535313465242523,3.6533544496906565,0.6039841714886457,27.91396187741958,28.41164741185935,23.53553485319577,0.09644638605424868,-7.136942437434557
1059.0,-1.9535313465242523,3.653174721204889,0.6038989512263064,27.905543927690644,28.409146373383294,23.49011592960761,0.09626176127727767,-7.136591332203747
1060.0,-1.4318941737509452,3.6523095602629176,0.6038463843093067,27.897085818592416,28.406037749779443,23.44472885755556,0.06939413928944081,-5.229720780075349
1061.0,-0.9102570009776378,3.651360992109006,0.603822032838382,27.88857604524884,28.40216893562922,23.39937459449584,0.04327267049527518,-3.3236769061638762
1062.0,-0.38861982820433055,3.6503423318539907,0.6038217137117438,27.880000273344933,28.397454400638367,23.35405409719266,0.01807883463039871,-1.4185954098920932
1063.0,0.1330173445689768,3.649266069568996,0.6038414986250799,27.871341339127127,28.391875689636834,23.308768321697812,-0.006042255805144606,0.48541568219973474
1064.0,0.6546545173422842,3.648143870285437,0.6038777140715544,27.862579286633434,28.38548418117864,23.26351822333072,-0.028979039130796618,2.3882738645969255
1065.0,0.6546545173422842,3.6475744590887333,0.6039269413418079,27.853701880333176,28.378749205435838,23.218304756658085,-0.02857404466380131,2.3879010969847783
1066.0,0.6546545173422842,3.6469799658371613,0.603986016523957,27.8447117190089,28.37197333601955,23.173128875473935,-0.02814618313627368,2.387511909292107
1067.0,0.6546545173422842,3.646369580443004,0.6040520305035948,27.835611336523698,28.365170082219777,23.12799153277939,-0.02770337523069083,2.387112317736502
1068.0,0.6546545173422842,3.6457516677788306,0.6041223289637907,27.826403291224324,28.358349290005037,23.082893680762595,-0.027252834709237516,2.386707798419578
1069.0,0.6546545173422842,3.6451337676775006,0.6041945123850901,27.817090165941238,28.351517142022146,23.037836270778655,-0.026801068413804745,2.3863032873269763
1070.0,0.6546545173422842,3.6445225949321642,0.6042664360455153,27.8076745679885,28.344676157596325,22.9928202533294,-0.026353876265992646,2.385903180328365
1071.0,0.6546545173422842,3.643924039296258,0.6043362100205643,27.79815912916399,28.337825192731316,22.947846578043652,-0.025916351267107285,2.3855113331774382
1072.0,0.6546545173422842,3.6433431654835093,0.6044021991832116,27.788546505749196,28.330959440109098,22.902916193656893,-0.02549287949816271,2.385131061511917
1073.0,0.6546545173422842,3.6427842131679333,0.6044630232039081,27.77884034169864,28.324145664080106,22.858030047991406,-0.025087140119880048,2.384765140853546
1074.0,0.5237236138738274,3.6423981561120438,0.6045175565505809,27.76904610207106,28.317486699670724,22.813189087936223,-0.019838964498036054,1.9076099254863648
1075.0,0.3927927104053706,3.6420400247822267,0.6045649284886335,27.759168214296494,28.31094978724707,22.768394259427225,-0.014719944645862227,1.430566772739054
1076.0,0.26186180693691385,3.6417115837333625,0.6046045230809456,27.749210720329756,28.304503085762747,22.723646507427077,-0.009716921952559248,0.9536251756595086
1077.0,0.1309309034684571,3.641413772480626,0.6046359791878733,27.73917729704158,28.298117950580604,22.67894677590533,-0.004815349703396092,0.47677359513337103
1078.0,3.552713678800501e-16,3.6411467054994753,0.6046591904672486,27.72907125621873,28.291768933473065,22.63429600781859,-1.2962969376042634e-17,1.2935951707147366e-15
1079.0,3.552713678800501e-16,3.6407621130974537,0.6046743053743805,27.718895544563793,28.28543378262202,22.589695145090502,-1.2820964813567934e-17,1.293458536045994e-15
1080.0,3.552713678800501e-16,3.640406018798807,0.6046817271620537,27.70865274369538,28.279093442618887,22.545145128592026,-1.269181795633462e-17,1.2933320259374197e-15
1081.0,3.552713678800501e-16,3.640076061959865,0.6046821138805296,27.698345070147923,28.27273205446437,22.500646898121374,-1.2574456348820361e-17,1.2932148017199072e-15
1082.0,3.552713678800501e-16,3.6397690568972423,0.6046763783775455,27.687974375371766,28.266336955568875,22.456201392384457,-1.246742390026713e-17,1.2931057316113632e-15
1083.0,3.552713678800501e-16,3.639480992887847,0.6046656882983155,27.677542145733298,28.259898679752098,22.411809548974816,-1.2368880884682939e-17,1.2930033907167082e-15
1084.0,3.552713678800501e-16,3.6392070341688734,0.6046514660855293,27.66704950251477,28.253410957243375,22.36747230435401,-1.2276603940841363e-17,1.292906061027876e-15
1085.0,3.552713678800501e-16,3.6389415199378052,0.6046353889793538,27.65649720191425,28.246870714681336,22.323190593831896,-1.2187986072280756e-17,1.2928117314238128e-15
1086.0,3.552713678800501e-16,3.6386779643524156,0.6046193890174313,27.64588563504583,28.240278075114304,22.278965351546674,-1.2100036647305193e-17,1.292718097670479e-15
1087.0,3.552713678800501e-16,3.638409056530767,0.604605653034881,27.635214827939592,28.233636357999842,22.23479751044539,-1.2009381398984157e-17,1.292622562420848e-15
1088.0,3.552713678800501e-16,3.63812666055121,0.6045966226642983,27.62448444154137,28.22695207920509,22.190688002264324,-1.191226242515254e-17,1.2925222352149071e-15
1089.0,3.552713678800501e-16,3.6378231222739053,0.6045946255777022,27.613693725952828,28.22022465481507,22.146637757508927,-1.1805133473857326e-17,1.2924143967559251e-15
1090.0,3.552713678800501e-16,3.6375126185951614,0.6045957112015226,27.602842435131322,28.213399144907612,22.102647705434777,-1.1694434716118453e-17,1.292304083689246e-15
1091.0,3.552713678800501e-16,3.6372051725689314,0.6045968091522348,27.59193243510714,28.206497581513702,22.058718774027398,-1.158481787537907e-17,1.292194856918958e-15
1092.0,3.552713678800501e-16,3.636904971748776,0.6045964740022849,27.58096585032615,28.199554942593238,22.01485188998305,-1.147828418854495e-17,1.2920882041629426e-15
1093.0,3.552713678800501e-16,3.6366157955182246,0.6045933928315296,27.56994483218051,28.192601721387348,21.97104797868917,-1.1376642805307485e-17,1.2919854681279563e-15
1094.0,-0.045567366498726766,3.6363923695128206,0.6045863852272371,27.55887155900882,28.18566392641884,21.927307964204715,0.0014493149427938698,-0.16570082383476414
1095.0,-0.12844213728673712,3.636228347798622,0.6045744032840863,27.547748236095686,28.178763081491866,21.88363276924059,0.004065700287002602,-0.46704494065387586
1096.0,-0.2418616272838971,3.636118663702983,0.6045565316041677,27.53657709567227,28.1719162256922,21.840023315140456,0.007633668629968417,-0.8794375770005528
1097.0,-0.3802890182417197,3.6360592239351455,0.6045319872969824,27.525360396915858,28.165135913386905,21.796480521861156,0.011989461869000847,-1.3827533925390456
1098.0,-0.539191146785965,3.6360466581533655,0.6045001199794431,27.51410042595012,28.158430214224666,21.753005307953174,0.017009614095123717,-1.9605241673769889
1099.0,-0.6692892061546892,3.6360267595057705,0.6044604117758733,27.502799495844897,28.15180271313568,21.709598590541475,0.021127015813344804,-2.4335534634268243
1100.0,-0.775804488275629,3.636006334581681,0.6044124773180075,27.491459946616374,28.14525251033149,21.666261285306064,0.024510656267096344,-2.8208300337670864
1101.0,-0.8630118254208196,3.6359907151403545,0.6043560637449916,27.480084145227124,28.13877422130514,21.6229943064626,0.027301078247262283,-3.1379029842864283
1102.0,-0.9344111542356268,3.635983951463649,0.6042910507033824,27.468674485585893,28.132357976831315,21.579798566743307,0.0296141999804749,-3.3975039608693636
1103.0,-0.9928679804854366,3.635988970659789,0.604217450347148,27.457233388547706,28.12598942296603,21.536674977377515,0.03154492520976298,-3.6100570263663063
1104.0,-1.040728381863492,3.6360077062715326,0.6041354073376675,27.445763301913928,28.119649721046756,21.493624448072467,0.03317040609570956,-3.7840964165911593
1105.0,-1.0799131643263618,3.636041204390359,0.6040451988437309,27.434266700432204,28.113315547692537,21.45064788699426,0.03455290759566138,-3.926608762654228
1106.0,-1.111994950781384,3.6360897105354217,0.6039472345415396,27.42274608579646,28.106959094803926,21.407746200748647,0.035742271010807125,-4.043313398703533
1107.0,-1.1382612959657912,3.6361527407840164,0.6038420566147061,27.41120363515023,28.10054636892056,21.364920294361696,0.03677800123609909,-4.138891931054378
1108.0,-1.1597663605392274,3.6362291400082825,0.6037303397542538,27.399634592260043,28.094029799084467,21.322171071261096,0.03769101529250468,-4.21717623579409
1109.0,-1.1773732182524275,3.6363171295553838,0.6036128911586173,27.38803785114169,28.087433887403677,21.27949943325666,0.038505094411694155,-4.281302401411051
1110.0,-1.1917884941272923,3.6364143462847367,0.6034906505336424,27.376414988604154,28.080798843179537,21.23690628052168,0.03923808178030025,-4.333836777781568
1111.0,-1.2035907238001475,3.6365178745289866,0.6033646900925859,27.36476760437108,28.074159304179886,21.194392511573653,0.03990286525208583,-4.376879180716517
1112.0,-1.2132535721882034,3.6366242722614537,0.6032362145561156,27.353097321080327,28.067544336639003,21.15195902325553,0.0405081802794259,-4.412147389027535
1113.0,-1.3668818651825416,3.636893815603841,0.6031065611523108,27.341405784284177,28.0609774352576,21.109606710716776,0.04618318538410305,-4.971204202143429
1114.0,-1.5182414925856642,3.6371694824397904,0.6029731125140612,27.329694662449413,28.054476523202993,21.06733646739417,0.05191834771704871,-5.522101623806416
1115.0,-1.667743693700809,3.637474335909515,0.6028284557651866,27.31796564695719,28.048053952108887,21.025149184993495,0.05778044812341545,-6.066374884711632
1116.0,-1.8157251627924105,3.637804511768495,0.6026739223909813,27.306220452103105,28.041716502075474,20.98304575347032,0.06378749511647754,-6.605253189337816
1117.0,-1.9624615618091465,3.6381554277559127,0.6025110599437237,27.29446081509701,28.035465381669383,20.94102706101131,0.0699507017264058,-7.139740182858292
1118.0,-1.9624615618091465,3.6383585921688555,0.6023413005264938,27.282688496063315,28.029296227923737,20.89909399401563,0.07068255040860177,-7.14013888520942
1119.0,-1.9624615618091465,3.6385752239104607,0.602165960793173,27.270905278040857,28.023199106338154,20.857247437076012,0.07145177936147029,-7.140564016675388
1120.0,-1.9624615618091465,3.638801539918816,0.6019862419484445,27.25911296698274,28.0171585108788,20.81548827296041,0.07224860715340137,-7.141008153142606
1121.0,-1.9624615618091465,3.639034127088648,0.6018032297477931,27.247313391756677,28.01115336397811,20.773817382592995,0.0730642049430878,-7.141464596523173
1122.0,-1.9624615618091465,3.6392699422713264,0.601617894497505,27.235508404144582,28.00515701653518,20.732235645035985,0.07389069647952345,-7.14192737475487
1123.0,-1.9624615618091465,3.6395063122748588,0.6014310910546682,27.223699878842865,27.999137247915485,20.690743937470643,0.07472115810200157,-7.142391241801167
1124.0,-1.9624615618091465,3.639740933863896,0.601243558827172,27.211889713462426,27.993056265950997,20.649343135179265,0.0755496187401199,-7.142851677651223
1125.0,-1.9624615618091465,3.6399718737597286,0.6010559217737074,27.200078692144245,27.986885739099137,20.608034111526308,0.07637105991377466,-7.143304888319883
1126.0,-1.9624615618091465,3.6401975686402865,0.6008686884037672,27.18826226166749,27.98067179093482,20.56681773794014,0.07718141573316228,-7.143747805847675
1127.0,-1.9624615618091465,3.640416825140143,0.6006822517776456,27.17643953755055,27.974422551115538,20.525694883894744,0.07797757289878461,-7.14417808830082
1128.0,-1.9624615618091465,3.6406288198505097,0.6004968895064382,27.16461033200062,27.968137684831447,20.484666416891116,0.07875737070143934,-7.144594119771221
1129.0,-1.9624615618091465,3.6408330993192397,0.6003127637520426,27.152774458903593,27.961816903413194,20.44373320243926,0.07951960102222957,-7.144995010376471
1130.0,-1.9624615618091465,3.6410295800508283,0.6001299212271576,27.14093173382406,27.955459964331567,20.40289610403977,0.08026400833255952,-7.14538059625985
1131.0,-1.9624615618091465,3.641218548506409,0.5999482931952839,27.129081974005203,27.94906667119784,20.36215598316562,0.08099128969413007,-7.145751439590321
1132.0,-1.9624615618091465,3.641400661103758,0.5997676954707234,27.117224998369068,27.94263687376349,20.32151369924395,0.0817030947589493,-7.146108828562539
1133.0,-1.9624615618091465,3.641576944217291,0.59958782841858,27.10536062751629,27.936170467920363,20.28097010963802,0.08240202576932111,-7.146454777396845
1134.0,-1.9624615618091465,3.6417487941780653,0.599408276954759,27.09348868372615,27.929667395700733,20.240526069629254,0.083091637557854,-7.146792026339262
1135.0,-1.9624615618091465,3.6419179772737786,0.599228510545967,27.081608990956852,27.923127645277077,20.200182432398833,0.08377643754745835,-7.147124041661508
1136.0,-1.9624615618091465,3.6420866297487686,0.5990478832097129,27.069721374845017,27.916551250962243,20.159940049010004,0.08446188575134043,-7.147455015660979
1137.0,-1.9624615618091465,3.6422178754694765,0.5988786467207892,27.057826788904777,27.910002396059042,20.11979976839001,0.08505157053774977,-7.14771258034302
1138.0,-1.9624615618091465,3.6422284955902535,0.5987485415886984,27.04592799902548,27.9035443534126,20.07976243731224,0.08532773843727912,-7.147733421921827
1139.0,-1.9624615618091465,3.6421293333849305,0.5986543658748117,27.034021978090436,27.89691456431649,20.03982890037821,0.08531795263950727,-7.147538819905496
1140.0,-1.9624615618091465,3.6419344356188446,0.5985918338839449,27.022102750082183,27.889880396130422,20.0,0.08505818989354043,-7.147156340531071
1141.0,-1.3674508500107272,3.640986509381918,0.5985568834430623,27.010161679567204,27.88226171706475,19.960276576382284,0.05802042805572298,-4.978870097131894
1142.0,-0.7724401382123081,3.6399686533052473,0.5985456759012776,26.9981874716961,27.873930896180696,19.920659467504663,0.03199677039108657,-2.811657889647574
1143.0,-0.17742942641388879,3.638892626344515,0.5985545961298525,26.986166172203355,27.864812803389952,19.881149509103977,0.007157153563653452,-0.6456466314740367
1144.0,0.41758128538453043,3.637769424852188,0.5985802525221983,26.974081167407633,27.854884809455086,19.841747534656747,-0.01636466495471244,1.5190644323623208
1145.0,1.0125919971829496,3.6366092825775103,0.5986194769938743,26.961913585780508,27.84420588718399,19.802454375361492,-0.03846817310852445,3.6824014564192145
1146.0,1.0125919971829496,3.636092247738708,0.5986693249825894,26.949654373067574,27.833251655801632,19.763270860121224,-0.0378941520940399,3.6818779110791784
1147.0,1.0125919971829496,3.635556451806395,0.5987270754482007,26.93730508629244,27.82221079202509,19.724197815525997,-0.03729313176154521,3.6813353684059953
1148.0,1.0125919971829496,3.635009840720163,0.5987902308727144,26.92486754904695,27.81112694254375,19.685236065835454,-0.036675687072613795,3.6807818743945053
1149.0,1.0125919971829496,3.6344595978163867,0.5988565172602855,26.912343860478245,27.80003225984973,19.64638643296138,-0.036051394446166805,3.680224702833635
1150.0,1.0125919971829496,3.6339121438282223,0.5989238841372176,26.89973639528813,27.78894740223791,19.607649736450526,-0.03542883175846859,3.6796703553063934
1151.0,1.0125919971829496,3.6333731368856075,0.5989905045519633,26.887047803733708,27.77788153380601,19.569026793467117,-0.034815578343130316,3.6791245611898757
1152.0,1.0125919971829496,3.6328474725152624,0.5990547750751238,26.87428101162692,27.766832324454526,19.530518418775728,-0.03421821499110772,3.67859227765526
1153.0,1.0125919971829496,3.632339283640689,0.5991153157994494,26.861439220334717,27.755785949886672,19.492125424724065,-0.03364232395070155,3.6780776896678096
1154.0,0.8100735977463597,3.6320801788183363,0.599170970339839,26.848527056506384,27.744871340221835,19.453848621225916,-0.026658880911160157,2.942252257758611
1155.0,0.6075551983097698,3.6318445275291054,0.5992208058333404,26.83555116358997,27.734206459213738,19.415688815743863,-0.019820711704472433,2.206546022153198
1156.0,0.40503679887317984,3.6316341748868433,0.5992641129391498,26.82251735475785,27.72373170742742,19.377646813272463,-0.013111066270619736,1.4709454808746087
1157.0,0.20251839943658992,3.6314502034021805,0.5993004058386128,26.80943076171218,27.713394313790957,19.339723416321135,-0.006510925544783822,0.7354354828266885
1158.0,0.0,3.6312929329825283,0.5993294222352236,26.79629583517982,27.70314845178359,19.301919424897335,-0.0,0.0
1159.0,0.0,3.6309336826959147,0.5993511233546249,26.78311634491274,27.69295523943572,19.26423563648956,-0.0,0.0
1160.0,0.0,3.6305994854794803,0.5993656939446086,26.769895379687796,27.68278273932873,19.22667284605052,-0.0,0.0
1161.0,0.0,3.630288373430983,0.5993735422751152,26.756635347306712,27.67260595859534,19.1892318459806,-0.0,0.0
1162.0,0.0,3.629996790061538,0.5993755874174436,26.74333797459616,27.662406848919147,19.151913426110866,-0.0,0.0
1163.0,0.0,3.6296950329716267,0.5993819248260526,26.730004307407853,27.652174306535017,19.114718373686514,-0.0,0.0
1164.0,0.0,3.6293769013071153,0.5993947873275156,26.716634710618337,27.641904172228863,19.077647473350225,-0.0,0.0
1165.0,0.0,3.6290517277321603,0.5994110406495061,26.703228868129088,27.631599231337816,19.040701507125732,-0.0,0.0
1166.0,0.0,3.6287279743259684,0.5994278325194264,26.68978557059296,27.621251226356208,19.003881254401165,-0.0,0.0
1167.0,0.0,3.6284132325827962,0.5994425926644077,26.6763042324543,27.6108191726712,18.967187491912796,-0.0,0.0
1168.0,0.0,3.6281142234119503,0.5994530328113101,26.66278711712863,27.600340136498858,18.93062099372844,-0.0,0.0
1169.0,0.0,3.627836797137787,0.5994571466867225,26.64923669726261,27.589853441403818,18.894182531231195,-0.0,0.0
1170.0,-0.056798832676054026,3.627649945784139,0.5994532100169626,26.635655471779728,27.57939278834357,18.857872873103304,0.0016015416768506848,-0.20604628227788976
1171.0,-0.160100616402924,3.627546175046871,0.5994397805280772,26.622045965880147,27.568986255668392,18.821692785309835,0.004499851087322442,-0.5807723786550733
1172.0,-0.3014757962639771,3.6275192233870985,0.5994156979458418,26.60841073104109,27.558656299121196,18.785643031082373,0.008472532710227472,-1.0936092463335092
1173.0,-0.47402283641420623,3.627563680758481,0.5993800839957608,26.59475234501633,27.548419751837628,18.74972437090321,0.013359668477818132,-1.7195480252262934
1174.0,-0.6720912372138341,3.6276746764475294,0.5993323424030674,26.58107341183677,27.53828782434624,18.713937562489207,0.019048634353469165,-2.4381283615029155
1175.0,-0.834255928161465,3.627783611214447,0.599272158892724,26.56737656180985,27.528266104568047,18.678283360775595,0.023785848119889385,-3.0264999837426596
1176.0,-0.967025147703677,3.6278975760736696,0.5991995011894213,26.55366445151998,27.51835455781702,18.642762517900337,0.027751760103749842,-3.508268189356452
1177.0,-1.075727390805048,3.6280214618837774,0.5991146190175793,26.539939763828443,27.508547526799816,18.607375783188104,0.031095882652865545,-3.9027620609769516
1178.0,-1.1647252601606994,3.6281582003578166,0.5990180441013468,26.52620520787326,27.49883373161572,18.57212390313458,0.0339402760769383,-4.225807503815933
1179.0,-1.237590552760588,3.6283089613858497,0.5989105901646015,26.51246351906923,27.489196269756974,18.537007621390615,0.03638314648996417,-4.490360893107709
1180.0,-1.297247608644142,3.6284733145890082,0.5987933529309496,26.49871745910815,27.479612616108398,18.5020276787464,0.03850225928556481,-4.707028330379675
1181.0,-1.3460906749340995,3.6286493615887574,0.5986677101237267,26.48496981595838,27.470054622947487,18.467184813116262,0.04035802145620021,-4.8844910682402
1182.0,-1.3860799953803142,3.6288338442998076,0.598535321465997,26.471223403865395,27.460488519944704,18.432479759522664,0.041996176389516734,-5.029853998143005
1183.0,-1.4188204818243204,3.629022233592862,0.5983981286805534,26.457479921592494,27.45091089043268,18.397913250080933,0.04345010728711834,-5.148931074017396
1184.0,-1.4456261249467608,3.6292088018855257,0.5982583554899182,26.443738376629142,27.441356453034757,18.36348601398379,0.04474277388825244,-5.246479056892449
1185.0,-1.4675727293271363,3.6293866825747143,0.598118507616342,26.429998470568876,27.431803347574032,18.329198777485885,0.04588832086473524,-5.326388919529735
1186.0,-1.4855410892589855,3.629548717238619,0.5979811488311465,26.416259853178076,27.422230776612764,18.295052263888522,0.04689491995729233,-5.391843754925212
1187.0,-1.5002523381175648,3.6296963383872676,0.5978463310303112,26.402522087751038,27.4126204819284,18.261047193524462,0.047783048006333345,-5.445460418322262
1188.0,-1.5122968899742668,3.6298311997831227,0.5977138540780501,26.388784651109574,27.402956744513745,18.227184283742588,0.048570962024007534,-5.489382434563578
1189.0,-1.5221581349863915,3.6299537787899165,0.5975837948087129,26.3750469336033,27.393226384576735,18.19346424889295,0.04927223444636639,-5.525363674009664
1190.0,-1.5302318395414547,3.630064499010786,0.5974562128949693,26.361308239109462,27.383418761540725,18.159887800311594,0.04989823764729802,-5.554840275975404
1191.0,-1.5368420297519507,3.6301637481889726,0.5973311508478097,26.347567785032993,27.373525774044083,18.12645564630543,0.05045851553981898,-5.57898822309869
1192.0,-1.4339939873908307,3.630129883834242,0.5972086340165451,26.333824702306572,27.363541859940653,18.09316849213758,0.04720887429596668,-5.205584426866078
1193.0,-1.32959398949034,3.6300846288694104,0.5970886705888069,26.32007803539051,27.353463996299354,18.060027040012244,0.04387122780736255,-4.8265387038860394
1194.0,-1.2239233578623563,3.630028457884157,0.5969712515905469,26.30632674227286,27.34329169940446,18.02703198906005,0.040459486928422245,-4.442876619309488
1195.0,-1.1172124193257766,3.629961832988195,0.5968563508860378,26.292569694469307,27.333027024755438,17.9941840353232,0.03698585575229581,-4.0554384414929725
1196.0,-1.00964974953049,3.6298852142290676,0.5967439251778726,26.27880567702323,27.322674567067054,17.96148387174088,0.03346109418965532,-3.664912697370807
1197.0,-1.00964974953049,3.6299210771509407,0.5966339140069647,26.2650333885058,27.312241460269263,17.928932188134524,0.03360837593089475,-3.6649489063608933
1198.0,-1.00964974953049,3.6299485361305295,0.5965262397525483,26.25125144101571,27.301737377507322,17.896529671193377,0.03374481316676108,-3.6649766303127578
1199.0,-1.00964974953049,3.6299679736647996,0.5964208076321779,26.23745860555988,27.291176917720577,17.864277004459893,0.03387088778229308,-3.664996255414365
1200.0,-1.00964974953049,3.6299798172421154,0.5963175057017287,26.2236554153601,27.280582104493305,17.83217486831552,0.03398714441536716,-3.6650082132792354
1201.0,-1.00964974953049,3.629984539342231,0.5962162048553963,26.209842266954695,27.269955510017894,17.80022393996603,0.03409419045669333,-3.6650129809464347
1202.0,-1.00964974953049,3.6299826574362988,0.5961167588256968,26.196019406768585,27.2592970584181,17.76842489342755,0.034192696049817894,-3.665011080880581
1203.0,-1.00964974953049,3.629974733986862,0.596019004183467,26.182187076326898,27.248606709665637,17.73677839951216,0.03428339409112164,-3.665003080971842
1204.0,-1.00964974953049,3.629961376447861,0.5959227603378641,26.168345512254973,27.237884459580187,17.705285125813816,0.034367080229821656,-3.6649895945359354
1205.0,-1.00964974953049,3.6299432372646296,0.5958278295363657,26.15449494627825,27.227130339829614,17.67394573669418,0.034444612867970875,-3.664971280314129
1206.0,-1.00964974953049,3.6299210138738958,0.5957339968647704,26.140635605222315,27.21634441792969,17.6427608932687,0.03451691316045672,-3.664948842473241
1207.0,-1.00964974953049,3.6298954487037807,0.5956410302471965,26.126767711012974,27.20552679724426,17.611731253392634,0.034584965015001565,-3.6649230306056375
1208.0,-1.00964974953049,3.6298673291738024,0.5955486804460838,26.112891480676126,27.194677616985302,17.580857471647164,0.034649815092164506,-3.664894639729238
1209.0,-1.00964974953049,3.6298374876948714,0.5954566810621917,26.099007126337938,27.183797052212583,17.550140199325654,0.03471257280534006,-3.6648645102875097
1210.0,-1.00964974953049,3.629806801669293,0.595364748534601,26.085114855224617,27.172885313834172,17.51958008441966,0.03477441032075632,-3.6648335281494706
1211.0,-1.00964974953049,3.629776193490768,0.5952725821407123,26.07121486966264,27.161942648605987,17.489177771605625,0.03483656255747948,-3.664802624609689
1212.0,-1.00964974953049,3.629746630544389,0.5951798639962471,26.057307367078465,27.15096933913202,17.458933902231024,0.03490032718740887,-3.6647727763882822
1213.0,-1.00964974953049,3.629718527788679,0.5950864561218858,26.04339253999899,27.139965703864277,17.428849114300988,0.03496626248409835,-3.6647444024480182
1214.0,-1.00964974953049,3.629690029431255,0.5949929700339663,26.029470569412865,27.12893213778341,17.398924042464614,0.03503187732991542,-3.664715629088583
1215.0,-1.00964974953049,3.6296609041014993,0.5948994839460469,26.015541527256858,27.117869751147225,17.369159318001948,0.035096859153275144,-3.6646862227066905
1216.0,-1.00964974953049,3.6296311579171565,0.5948059978581274,26.00160564636525,27.106778780331865,17.339555568810226,0.035161214130956756,-3.664656189479119
1217.0,-1.00964974953049,3.629600796942632,0.5947125117702079,25.987663225444635,27.095659089220476,17.31011341939103,0.03522494838588478,-3.6646255355287947
1218.0,-1.00964974953049,3.629569827188988,0.5946190256822884,25.973714559497694,27.084510581460904,17.280833490836812,0.035288067987127664,-3.6645942669247855
1219.0,-1.00964974953049,3.6295382546139447,0.5945255395943689,25.959759939822845,27.073333200465584,17.251716400817998,0.035350578949896024,-3.6645623896823007
1220.0,-1.00964974953049,3.6295060851218826,0.5944320535064493,25.945799654014422,27.062126929411647,17.222762763569847,0.03541248723554528,-3.6645299097626975
1221.0,-1.00964974953049,3.6294733245638398,0.5943385674185299,25.931833985962783,27.0508917912407,17.193973189879557,0.03547379875157527,-3.6644968330734753
1222.0,-1.00964974953049,3.6294399787375116,0.5942450813306104,25.917863215854027,27.039627848659052,17.165348287073357,0.03553451935162795,-3.664463165468275
1223.0,-1.00964974953049,3.629406053387255,0.5941515952426909,25.90388762017028,27.02833520413759,17.136888659003546,0.03559465483549102,-3.664428912746886
1224.0,-1.00964974953049,3.6293715542040825,0.5940581091547714,25.88990747168947,27.01701399991191,17.108594906036046,0.035654210949094337,-3.664394080655237
1225.0,-1.00964974953049,3.6293364868256663,0.5939646230668519,25.875923039485542,27.00566441798219,17.080467625037613,0.03571319338451212,-3.6643586748854022
1226.0,-1.00964974953049,3.629300856836337,0.5938711369789325,25.861934588928193,26.994286680113078,17.05250740936299,0.03577160777996254,-3.6643227010756
1227.0,-1.00964974953049,3.6292646697670845,0.593777650891013,25.847942381683197,26.9828810478341,17.024714848842905,0.03582945971980815,-3.664286164810193
1228.0,-1.00964974953049,3.6292279310955555,0.5936841648030935,25.833946675712127,26.97144782243919,16.997090529771185,0.03588675473455322,-3.6642490716196856
1229.0,-1.00964974953049,3.629190646246057,0.593590678715174,25.819947725272414,26.959987344986985,16.969635034892462,0.03594349830084815,-3.6642114269807284
1230.0,-1.00964974953049,3.629152820589554,0.5934971926272545,25.80594578091751,26.94849999630071,16.942348943390243,0.035999695841486885,-3.664173236316114
1231.0,-1.00964974953049,3.629114459443669,0.593403706539335,25.791941089496675,26.93698619696829,16.91523283087406,0.03605535272540459,-3.6641345049947796
1232.0,-1.00964974953049,3.6290755680726843,0.5933102204514156,25.777933894155126,26.925446407342235,16.888287269367993,0.036110474267683504,-3.664095238331806
1233.0,-1.00964974953049,3.629036151687539,0.593216734363496,25.763924434333944,26.913881127539526,16.861512827298043,0.036165065729547134,-3.664055441588417
1234.0,-1.00964974953049,3.6289962154458344,0.5931232482755765,25.74991294577012,26.902290897442015,16.834910069480543,0.03621913231836514,-3.6640151199719826
1235.0,-1.00964974953049,3.6289557644518258,0.593029762187657,25.735899660496614,26.890676296695972,16.808479557110104,0.036272679187648454,-3.6639742786360134
1236.0,-1.00964974953049,3.62891480375643,0.5929362760997375,25.721884806842183,26.879037944712366,16.782221847747564,0.03632571143705372,-3.6639329226801665
1237.0,-1.00964974953049,3.628882023768663,0.5928398349275663,25.707868609431557,26.867376500666808,16.75613749530862,0.036389986935942524,-3.663899826373728
1238.0,-1.00964974953049,3.6288890356852495,0.5927296447857436,25.69385128918526,26.855692663499497,16.730227050051838,0.03650831996485967,-3.6639069059535534
1239.0,-1.00964974953049,3.628923398588445,0.5926098577381991,25.67983306331996,26.84398717191516,16.704491058567214,0.03666395742401448,-3.6639416004501575
1240.0,-1.00964974953049,3.6289689211946237,0.5924859208486057,25.665814145347895,26.832260804383395,16.678930063764483,0.03683505216147643,-3.6639875623380838
1241.0,-1.00964974953049,3.629011060773881,0.5923627425786026,25.651794745077495,26.820514379138103,16.653544604861963,0.03700196528657493,-3.6640301085537264
1242.0,-1.00964974953049,3.6290369231500303,0.5922446927877935,25.637775068612996,26.808748754178055,16.62833521737474,0.03714726616989933,-3.6640562204953278
1243.0,-1.00964974953049,3.6290352627006057,0.5921356027337483,25.623755774114272,26.79697865203707,16.603302433103693,0.037255732443296254,-3.6640545440229824
1244.0,-1.00964974953049,3.6289964823568597,0.592038765072002,25.609743792477843,26.785374480959433,16.578446780124352,0.037314349999873604,-3.6640153894586325
1245.0,-1.00964974953049,3.6289126336037643,0.5919569338560553,25.595737915590064,26.773804087135545,16.553768782775364,0.037312312993996996,-3.663930731586071
1246.0,-1.00964974953049,3.6287774164800117,0.591892324537374,25.581733312755603,26.762070204141708,16.5292689616478,0.037241023841291986,-3.663794209650942
1247.0,-1.00964974953049,3.6285861795780137,0.5918466139653895,25.56772482671653,26.750023750924754,16.504947833573965,0.037094093218643626,-3.6636011273607387
1248.0,-0.5835119101135218,3.6278556626988765,0.5918209403874988,25.55370697365288,26.73756383180239,16.480805911616756,0.021026689646321577,-2.1168969873575776
1249.0,-0.15737407069655376,3.6270647688874753,0.5918159034490642,25.53967394318221,26.724637736462682,16.45684370505836,0.005547257441477645,-0.570805947359877
1250.0,0.2687637687204143,3.626213792397378,0.5918315641934135,25.525619598359924,26.711240939964682,16.433061719390025,-0.009240697229102469,0.9745948850306653
1251.0,0.6949016081373823,3.6253046760358747,0.5918674450618401,25.511537475679006,26.69741710273786,16.409460456301133,-0.023235585575516898,2.519230049365301
1252.0,1.1210394475543504,3.624341011163973,0.5919225298936024,25.49742078507029,26.68325807058244,16.38604041366864,-0.03634239633388571,4.063029244903836
1253.0,1.1210394475543504,3.6238082950414245,0.5919952639259247,25.48326240990224,26.668903874669297,16.362802085546548,-0.03566366282674754,4.0624320491161106
1254.0,1.1210394475543504,3.6232331587916526,0.5920835537939967,25.469055463084203,26.654536079535035,16.339745962155632,-0.034919935978107094,4.061787298692398
1255.0,1.1210394475543504,3.6226241394368253,0.5921847675309733,25.45480466023446,26.640204131583346,16.316872529872853,-0.03412373666523649,4.061104563971313
1256.0,1.1210394475543504,3.6219914225528282,0.592295734567975,25.440514841125776,26.62589576487329,16.29418227122136,-0.03329003765328485,4.060395263385218
1257.0,1.1210394475543504,3.621346842269267,0.5924127457340879,25.42618841814442,26.611623291475155,16.271675664860197,-0.03243626359528029,4.059672663460231
1258.0,1.1210394475543504,3.620703881269468,0.5925315532563633,25.411828119826623,26.597400870605156,16.24935318557408,-0.03158229103212942,4.058951878816217
1259.0,1.1210394475543504,3.620077670790475,0.5926473707598181,25.39743699085858,26.583244508625967,16.227215304263552,-0.03075044839261587,4.058249872166794
1260.0,1.1210394475543504,3.619484990623051,0.5927548732674346,25.383018392076337,26.56917205904614,16.2052624879351,-0.029965515993401755,4.057585454319328
1261.0,0.8968315580434802,3.619195497998393,0.5928485040725402,25.368576000465737,26.555203222520447,16.183495199691038,-0.023628815612283603,3.2458087373338484
1262.0,0.6726236685326101,3.618959577004033,0.5929264512828325,25.354113809162754,26.541359546849776,16.16191389872006,-0.01751049652596366,2.4341978669556754
1263.0,0.44841577902174007,3.6187736040851575,0.5929896337853097,25.33963612745299,26.527664426981175,16.140519040287245,-0.011561939128279014,1.6227151847791559
1264.0,0.22420788951086995,3.6186343871844633,0.5930389363089379,25.325147580772125,26.514143105007804,16.119311075724625,-0.005738702021880399,0.8113263788620887
1265.0,-1.7763568394002506e-16,3.6185389798943186,0.5930751657863527,25.310653240582667,26.500815636470634,16.098290452421736,4.523282034789913e-18,-6.427816465571679e-16
1266.0,-1.7763568394002506e-16,3.6182319991652823,0.5930990513538583,25.29615888850327,26.487569985827577,16.07745761381608,4.4645083739110514e-18,-6.42727115825409e-16
1267.0,-1.7763568394002506e-16,3.617963672180544,0.5931112443514288,25.281665097118946,26.47433652915589,16.056812999383624,4.414678014994779e-18,-6.426794513779555e-16
1268.0,-1.7763568394002506e-16,3.6177317894814847,0.5931123183227069,25.26717142273492,26.461093427823187,16.036357044629824,4.373296597530964e-18,-6.426382607361143e-16
1269.0,-1.7763568394002506e-16,3.617534387259156,0.5931027690150052,25.25267779182758,26.44782713149806,16.016090181080187,4.339927216561094e-18,-6.426031950573396e-16
1270.0,-1.7763568394002506e-16,3.6173697473542807,0.5930830143793048,25.238184501044145,26.434532378149925,15.996012836271461,4.314190422678359e-18,-6.425739491352333e-16
1271.0,-1.7763568394002506e-16,3.6172363972572534,0.5930533945702564,25.22369221720311,26.421212194049076,15.976125433742197,4.295764222027963e-18,-6.425502613995444e-16
1272.0,-1.7763568394002506e-16,3.61713311010814,0.5930141719461799,25.209201977293844,26.40787789376668,15.956428393024225,4.284384076306734e-18,-6.425319139161694e-16
1273.0,-1.7763568394002506e-16,3.6170589046966763,0.5929655310690642,25.19471518847689,26.39454908017484,15.936922129633501,4.279842902763202e-18,-6.42518732387152e-16
1274.0,-0.08202464985069795,3.6171054872426516,0.5929075787045678,25.180233628083727,26.38125364444653,15.917607055061524,0.0019848249749554367,-0.2966918110641167
1275.0,-0.2312054030446152,3.617255610983231,0.5928403438220181,25.16575944361705,26.36802776605549,15.898483576766637,0.0056449416844498,-0.8363290414527736
1276.0,-0.4353689233025094,3.617495312307177,0.5927637775944117,25.15129515275038,26.354915912776505,15.879552098165277,0.010767341639514658,-1.5749450391710507
1277.0,-0.6845485258450047,3.6178133601491647,0.5926777533984146,25.13684364332852,26.34197084068512,15.86081301862373,0.017206542547444897,-2.4765688024724737
1278.0,-0.9705841793369918,3.618200805191971,0.5925820668143619,25.12240817336715,26.32925359415782,15.842266733449435,0.02486514216387984,-3.5117684591836924
1279.0,-1.2047703653276391,3.6185581690040656,0.5924764356262578,25.107994929241954,26.316767554216256,15.823913633882796,0.03142249944995802,-4.359531647230341
1280.0,-1.3965057977442221,3.6188967822734788,0.5923604998217762,25.093609850764267,26.304455149575062,15.805754107088944,0.03705807229437906,-5.053810337882823
1281.0,-1.5534854927183837,3.619226301270495,0.5922338215922596,25.07925585852047,26.292294649449502,15.787788536149435,0.04193242559263219,-5.622415553888528
1282.0,-1.6820095966025306,3.6195550558968312,0.59209588533272,25.064935624041368,26.280266129874292,15.770017300054405,0.046186588403578484,-6.088126339449679
1283.0,-1.7872362329642713,3.619890334644195,0.5919460976418386,25.05065156983744,26.268351473045527,15.752440773694218,0.049942952873149433,-6.469599165433266
1284.0,-1.873388516196582,3.6202386178986248,0.5917837873219658,25.036405869399175,26.256534367320683,15.735059327852014,0.05330695283262981,-6.782113452662669
1285.0,-1.9439240399267592,3.6206043185185464,0.5916086671556943,25.02220044719661,26.244800307218725,15.717873329195413,0.05636534373758091,-7.038179773830843
1286.0,-2.0016736423891173,3.6209728438320696,0.5914263165414255,25.00803697867974,26.233136593419886,15.700883140269127,0.05914250490180994,-7.248005901305419
1287.0,-2.0489550179030775,3.6213390539031742,0.5912392081774032,24.993916890278285,26.22153233276589,15.684089119487226,0.0616732299379244,-7.419960826023292
1288.0,-2.0876657340841853,3.6217027234990886,0.5910481125416279,24.97984135940186,26.209978438259725,15.667491621125407,0.06399658088756974,-7.560904674888418
1289.0,-2.1193593878953316,3.6220633258273462,0.5908537760955691,24.965811314439748,26.198467629065874,15.651090995313837,0.06614425221602506,-7.676453913143574
1290.0,-2.1453079569479243,3.622420102805699,0.590656921284164,24.951827434761185,26.186994430510197,15.634887588029471,0.06814180605612724,-7.771206669957184
1291.0,-2.1665528484296495,3.622772122594263,0.5904582465358177,24.93789015071502,26.17555517407982,15.618881741088842,0.07000972021822412,-7.848927261418128
1292.0,-2.183946694431542,3.6231183266988474,0.5902584262624037,24.923999643629998,26.16414799742347,15.60307379214089,0.07176427093751817,-7.912697293128288
1293.0,-2.1981875710675944,3.623457568535907,0.5900581108592634,24.91015591029651,26.15277427190665,15.587464074660033,0.07341827274519282,-7.965039391446437
1294.0,-2.20984701472032,3.6237886450068473,0.5898579267052064,24.89636187753854,26.141495119502736,15.57205291793855,0.07498169654619372,-8.008018519145775
1295.0,-2.2193929598025863,3.624110322348882,0.5896584761625102,24.88261825336656,26.13029463038373,15.556840647080378,0.07646218487823235,-8.043324934968991
1296.0,-2.2272085186086317,3.6244213572999304,0.5894603375769206,24.868923585651146,26.11911379574036,15.541827582993676,0.0778654809463291,-8.072342122005464
1297.0,-2.2336073569556296,3.624720514426958,0.5892640652776514,24.855276314226387,26.107902881563234,15.52701404238428,0.07919578567141135,-8.096202407932047
1298.0,-2.238846282694292,3.625006580313233,0.5890701895773842,24.84167477088971,26.096621428642777,15.512400337749057,0.0804560548124021,-8.115832507076629
1299.0,-2.2431355523096266,3.6252783751738638,0.5888792167722692,24.828117179402398,26.08523825256924,15.497986777369306,0.08164824628476296,-8.13199081037177
1300.0,-2.246647309251944,3.6255347623657976,0.5886916291419242,24.814601655489014,26.07373144373281,15.483773665304057,0.08277352612182319,-8.145297918468506
1301.0,-2.1023353540973213,3.6256087762687925,0.5885078849494354,24.801126206837694,26.06208836732344,15.46976130138404,0.07799851548920408,-7.622245510475408
1302.0,-1.957198900635388,3.6256649265385272,0.5883284184413569,24.78768873310031,26.050305663331073,15.455949981204924,0.07307497260134438,-7.096147408293491
1303.0,-1.8113874050533993,3.625702309249092,0.588153639847711,24.774287025891965,26.038389246545364,15.442339996121405,0.06801518683017413,-6.56755149744683
1304.0,-1.6650232317280982,3.6257200760373367,0.5879839353819879,24.760918768791555,26.02635430655596,15.428931633240836,0.0628315508669129,-6.036908158345132
1305.0,-1.5182065641378049,3.625717439637467,0.5878196672411461,24.747581537341375,26.014225307752156,15.415725175417492,0.05753664681829332,-5.504588016566518
1306.0,-1.5182065641378049,3.6258595583175492,0.5876611736056121,24.73427279904729,26.002035989323417,15.402720901246084,0.05799303840912247,-5.504803782079505
1307.0,-1.5182065641378049,3.625980241711095,0.5875087686392803,24.72098991337873,25.989829365258743,15.389919085056533,0.058407642949678276,-5.504987004399768
1308.0,-1.5182065641378049,3.6260788479312174,0.5873627424895134,24.70773025215982,25.977656204682944,15.377319996907488,0.058779045419444724,-5.505136709010423
1309.0,-1.5182065641378049,3.626159563634466,0.5872218146039454,24.6944962507705,25.96550462419208,15.364923902581268,0.05911554617088532,-5.505259252120925
1310.0,-1.5182065641378049,3.626237090443773,0.5870812399220807,24.68129006947953,25.953352362604335,15.352731063577778,0.0594466692864305,-5.505376953831711
1311.0,-1.5182065641378049,3.6263125361264463,0.5869406652402162,24.668111874447504,25.941199603146686,15.34074173710934,0.05977463282185893,-5.5054914959623815
1312.0,-1.5182065641378049,3.6263859208661624,0.5868000905583516,24.654961829565536,25.92904653329282,15.328956176094891,0.06009946742016213,-5.505602909155926
1313.0,-1.5182065641378049,3.626457264668309,0.5866595158764869,24.6418400964551,25.916893344763082,15.317374629155097,0.06042120345364947,-5.5057112237846555
1314.0,-1.5182065641378049,3.6265265873599803,0.5865189411946223,24.62874683446813,25.904740233524365,15.305997340606723,0.060739871023947525,-5.505816469950195
1315.0,-1.5182065641378049,3.6265939085899834,0.5863783665127577,24.61568220068699,25.892587399790273,15.294824550457633,0.06105549996200275,-5.505918677483491
1316.0,-1.5182065641378049,3.626659247828832,0.5862377918308931,24.602646349924555,25.880435048021013,15.283856494401846,0.06136811982807675,-5.506017875944807
1317.0,-1.5182065641378049,3.6267226243687505,0.5860972171490285,24.589639434724063,25.868283386923395,15.273093403814357,0.06167775991175174,-5.506114094623723
1318.0,-1.5182065641378049,3.626784057323672,0.5859566424671638,24.576661605359277,25.856132629450997,15.262535505746314,0.06198444923192573,-5.506207362539139
1319.0,-1.5182065641378049,3.626843565629238,0.5858160677852993,24.563713009834316,25.84398299280383,15.252183022920349,0.06228821653681597,-5.506297708439271
1320.0,-1.5182065641378049,3.6269011680428016,0.5856754931034347,24.550793793883884,25.831834698428793,15.242036173725637,0.06258909030395689,-5.506385160801653
1321.0,-1.5182065641378049,3.6269568831434236,0.58553491842157,24.537904100972924,25.81968797201921,15.232095172213633,0.06288709874020079,-5.506469747833139
1322.0,-1.5182065641378049,3.6270107293318743,0.5853943437397054,24.52504407229702,25.807543043515125,15.22236022809318,0.06318226978171919,-5.506551497469899
1323.0,-1.5182065641378049,3.6270627248306333,0.5852537690578408,24.512213839126957,25.795400197075708,15.212831546726477,0.06347463109399877,-5.50663043737742
1324.0,-1.5182065641378049,3.62711288768389,0.5851131943759762,24.499413344858738,25.78326091267627,15.203509329124245,0.06376421007184745,-5.5067065949505105
1325.0,-1.5182065641378049,3.6271612357575416,0.5849726196941116,24.48664271617747,25.771125439831962,15.194393771942089,0.06405103383938762,-5.506779997313291
1326.0,-1.5182065641378049,3.627207786739198,0.584832045012247,24.473902187921965,25.758993371714837,15.185485067475838,0.06433512925006364,-5.506850671319209
1327.0,-1.5182065641378049,3.627252558138174,0.5846914703303824,24.461191992223576,25.746864380878776,15.176783403657737,0.06461652288663294,-5.50691864355102
1328.0,-1.5182065641378049,3.627295567285498,0.5845508956485177,24.448512358506093,25.734738219259327,15.168288964052465,0.06489524106117628,-5.506983940320805
1329.0,-1.5182065641378049,3.6273368313339027,0.5844103209666531,24.4358635134858,25.722614718173816,15.160001927853216,0.06517130981508618,-5.507046587669957
1330.0,-1.5182065641378049,3.627376069845248,0.5842698518065597,24.423245681171466,25.71049378832123,15.151922469877945,0.0654441431814907,-5.507106159835448
1331.0,-1.5182065641378049,3.6273945101109346,0.584136167527841,24.410659082864356,25.698375419782337,15.14405076056562,0.06567509966337275,-5.507134155967858
1332.0,-1.5182065641378049,3.6273884206344404,0.584010646754735,24.39810393715817,25.68625968201968,15.136386965972804,0.0658564210418525,-5.507124910884673
1333.0,-1.5182065641378049,3.627367415738614,0.5838899309163699,24.38558045993915,25.674146723877413,15.128931247769856,0.06600780284933179,-5.50709302111395
1334.0,-1.5182065641378049,3.627340011016186,0.5837710409404449,24.373088864386034,25.66203677358152,15.121683763237797,0.06614669636171173,-5.5070514150844705
1335.0,-1.5182065641378049,3.627313623329767,0.5836513772532289,24.360629360969938,25.649930138739705,15.114644665264905,0.06628830859839828,-5.507011353125737
1336.0,-1.5182065641378049,3.6272945708118525,0.5835287197795621,24.348202157454637,25.637827206341285,15.107814102343411,0.0664456023222987,-5.506982427467976
1337.0,-1.5182065641378049,3.6272880728648182,0.5834012279428544,24.33580745889617,25.62572844275752,15.101192218566439,0.06662929603982168,-5.506972562242135
1338.0,-1.5182065641378049,3.627298250160924,0.5832674406650865,24.32344546764324,25.61363439374128,15.094779153624984,0.06684786400087997,-5.506988013479888
1339.0,-1.5182065641378049,3.6273281246423106,0.5831262763668094,24.31111638333698,25.601545684427094,15.088575042804848,0.06710753619888775,-5.507033369113629
1340.0,-1.5182065641378049,3.6273796195210015,0.5829770329671443,24.29882040291102,25.589463019331333,15.082580016983968,0.06741229837076118,-5.507111548976478
1341.0,-1.5182065641378049,3.627453559278902,0.5828193878837834,24.286557720591418,25.577387182352084,15.076794202629571,0.06776389199691922,-5.507223804802273
1342.0,-1.5182065641378049,3.6275496696678005,0.5826533980329889,24.274328527896728,25.565319036769154,15.071217721795335,0.06816181430128285,-5.50736972022558
1343.0,-1.5182065641378049,3.6276665777093653,0.5824794998295932,24.262133013637992,25.553259525244016,15.065850692119227,0.06860331825127444,-5.507547210781684
1344.0,-1.5182065641378049,3.6278018116951505,0.5822985091869998,24.24997136391886,25.541209669819978,15.06069322682049,0.06908341255782113,-5.507752523906598
1345.0,-1.5182065641378049,3.62795180118659,0.582111621517182,24.2378437621353,25.529170571922066,15.05574543469777,0.06959486167535008,-5.507980238937053
1346.0,-1.5182065641378049,3.628111877015,0.5819204117306839,24.225750388975825,25.517143412356972,15.051007420126439,0.07012818580179049,-5.5082232671105045
1347.0,-1.5182065641378049,3.62827627128158,0.5817268342366196,24.21369142242139,25.50512945131311,15.046479283056613,0.07067166087857635,-5.508472851565133
1348.0,-1.5182065641378049,3.6284381173574105,0.5815332229426743,24.201667037745608,25.493130028360724,15.042161119010927,0.07121131859064167,-5.508718567339839
1349.0,-1.5182065641378049,3.6285894498834548,0.5813422912551028,24.189677407514296,25.48114656245167,15.038053019082554,0.07173094636642252,-5.508948321374247
1350.0,-1.5182065641378049,3.628721204770559,0.5811571320787311,24.177722701585992,25.469180551919635,15.03415506993332,0.07221208737785903,-5.5091483525087055
1351.0,-1.5182065641378049,3.6288232191994503,0.5809812178169551,24.165803087111613,25.45723357448003,15.030467353791778,0.07263404054039276,-5.509303231484286
1352.0,-1.5182065641378049,3.6288842316207397,0.5808184003717412,24.153918768171934,25.44530929741859,15.026989948451728,0.07297386051296793,-5.5093958609427816
1353.0,-1.5182065641378049,3.6288918817549187,0.5806729111436264,24.14207481837957,25.433588746138696,15.023722927270171,0.07320635769803022,-5.509407475426708
1354.0,-1.5182065641378049,3.628832710592361,0.5805493610317181,24.13027050268954,25.421824720656787,15.020666359166057,0.07330409824152664,-5.5093176413793055
1355.0,-1.0134378776941724,3.628123286083703,0.5804527404336938,24.118497717798675,25.409605741296048,15.01782030861881,0.048311136612067214,-3.6768775630614745
1356.0,-0.5086691912505399,3.627316826068704,0.5803884192458019,24.106745642032138,25.396659964345474,15.015184835666844,0.02387103474528137,-1.845104316325843
1357.0,-0.003900504806907357,3.6263965753473855,0.5803621468628608,24.095000735343717,25.382855182059984,15.012759995906379,0.00017955750958711705,-0.014144777273894854
1358.0,0.5008681816367251,3.6253446799896514,0.5803800521782596,24.083246739315825,25.368198822660588,15.010545840490295,-0.022521351369863357,1.8158197976727917
1359.0,1.0056368680803576,3.6241494141206343,0.5804463167218245,24.071464677159327,25.352837950333935,15.008542416127,-0.04394944599354895,3.6445782662715374
1360.0,1.0056368680803576,3.623471237733068,0.5805317530180476,24.059639900886566,25.337183502139794,15.006749765079348,-0.04318152892579639,3.643896267093139
1361.0,1.0056368680803576,3.6227836881688624,0.5806227173328845,24.047776132764284,25.321596203349884,15.005167925164017,-0.042398626666719126,3.6432048419027416
1362.0,1.0056368680803576,3.622098218091875,0.5807154618446805,24.035876287543147,25.306066623479012,15.003796929750479,-0.04161602538496036,3.6425155079213574
1363.0,1.0056368680803576,3.621425907933586,0.580806318791512,24.02394387808755,25.290604598417076,15.002636807760325,-0.040848556407545054,3.6418394080393965
1364.0,1.0056368680803576,3.6207774658931005,0.5808917004711874,24.011983151344737,25.275245294392278,15.001687583666751,-0.040110596219879426,3.6411873108166715
1365.0,0.8045094944642862,3.620389898487213,0.5809680992412459,23.999999088344964,25.260049207971065,15.000949277493987,-0.03171521178224451,2.912638046995556
1366.0,0.6033821208482147,3.620046498900213,0.5810320875189585,23.987997404201565,25.245102166058018,15.000421904816903,-0.023540598282865397,2.184271334075565
1367.0,0.4022547472321433,3.6197568586340774,0.5810803177813273,23.975984904768723,25.23048978645619,15.000105476760496,-0.015557822164536198,1.4560643802116677
1368.0,0.20112737361607183,3.6195301969584097,0.5811095225650861,23.96397038952756,25.216175747311695,15.0,-0.007727449333287202,0.7279866022383081
