time_s,current_A,voltage_V,soc,temp_surface_C,temp_core_C,temp_ambient_C,heat_generation_W,power_W
0.0,0.0,3.800000000000002,0.8,25.0,25.0,25.0,0.0,0.0
1.0,0.0,3.800000000000002,0.8,25.0,25.0,25.0,0.0,0.0
2.0,0.0,3.7999999879122575,0.8000000025154094,25.00000000012801,24.999999999808722,25.0,0.0,0.0
3.0,0.0,3.79999991522248,0.8000000231910274,25.000000000409898,24.99999999862183,25.0,0.0,0.0
4.0,0.0,3.799999761230035,0.800000071327803,25.000000000625846,24.9999999960786,25.0,0.0,0.0
5.0,0.0,3.7999995486395,0.8000001410090981,25.00000000064017,24.99999999254635,25.0,0.0,0.0
6.0,0.0,3.79999934352088,0.8000002110833736,25.000000000403986,24.999999989119374,25.0,0.0,0.0
7.0,0.0,3.7999992553096136,0.8000002451641904,24.99999999995549,24.999999987619447,25.0,0.0,0.0
8.0,0.0,3.7999994368065693,0.8000001916302093,24.999999999419572,24.99999999059571,25.0,0.0,0.0
9.0,0.0,3.800000084178048,0.7999999836251901,24.99999999900797,25.000000001324395,25.0,-0.0,0.0
10.0,0.0,3.800001436955779,0.7999995390579929,24.999999999019394,25.000000023809207,25.0,-0.0,0.0
11.0,0.0,3.800003778036925,0.7999987606025771,24.999999999839304,25.000000062781112,25.0,-0.0,0.0
12.0,-0.10029688607667112,3.8001337319602015,0.7999932049952213,24.99999937430357,24.999994386446815,25.0,1.4094416997133837e-05,-0.3811415799905274
13.0,-0.2827099172222717,3.800400739831663,0.799972895966156,24.999997645737494,24.99998422759711,25.0,0.00012095570380090808,-1.0744109785692695
14.0,-0.5323539616600177,3.800801737624819,0.7999330305981796,24.999995648362074,24.999985185457604,25.0,0.00046245962715227583,-2.0233718625088515
15.0,-0.8370421042406377,3.8013325752644405,0.799870168890569,24.999994296691,25.000011591585064,25.0,0.0012240957084384764,-3.18187541771783
16.0,-1.1867965427462714,3.801987635808204,0.7997821788192374,24.9999945741543,25.00007638445635,25.0,0.0026174287296786233,-4.5121857817412465
17.0,-1.4731512575763557,3.802646349555431,0.799668236336734,24.99999753309845,25.000191109468688,25.0,0.004387211233325324,-5.6018732519657215
18.0,-1.7075986688966212,3.8033193834296957,0.7995288253722445,25.00000429478638,25.00036591893945,25.0,0.006472751893275446,-6.494543116533266
19.0,-1.8995479745240456,3.8040111000256185,0.7993657378315907,25.000016049397345,25.00060957210644,25.0,0.00882408834659246,-7.22590158012065
20.0,-2.0567027740731825,3.804719983191282,0.7991820735972309,25.000034056027005,25.000929435127432,25.0,0.011389834024647723,-7.825178144001182
21.0,-2.1853702414578664,3.805438986465637,0.7989822405282594,25.00005964268746,25.001331481080683,25.0,0.014110380428194265,-8.316293116705587
22.0,-2.290714253926365,3.806155818354928,0.7987719544604067,25.000094206307153,25.0018202899646,25.0,0.01691432227222782,-8.718815385770403
23.0,-2.376962636586956,3.806856836171685,0.7985571433803196,25.00013921273097,25.002399048697725,25.0,0.019728059660221006,-9.048756462415726
24.0,-2.4475768398744195,3.8075460818026965,0.7983378289055243,25.000196196720253,25.003069551119097,25.0,0.02253790652681976,-9.319261606574871
25.0,-2.5053908597099657,3.808231844638886,0.7981122392826252,25.000266761952616,25.00383219798772,25.0,0.02535356676344303,-9.541109255214687
26.0,-2.552724975708388,3.8089191579027477,0.7978795000688916,25.000352581022184,25.004685996983085,25.0,0.028181210275753498,-9.723123064832505
27.0,-2.5914788721460567,3.809609925575507,0.7976396348787609,25.000455395439417,25.005628562704715,25.0,0.03102075543405812,-9.872523633246837
28.0,-2.6232078789611757,3.810303008320728,0.7973935653838387,25.00057701563128,25.006656116672502,25.0,0.033864152425042274,-9.995216872656403
29.0,-2.649185392605334,3.8109942938326147,0.7971431113128985,25.000719320941016,25.007763487326542,25.0,0.03669435040153744,-10.096030414523643
30.0,-2.6704539819143096,3.8116767544323267,0.7968909904518823,25.000884017409817,25.008908457347218,25.0,0.03948470229721729,-10.178907366644019
31.0,-2.6878672300561535,3.812340494223851,0.7966408186438996,25.00107065412203,25.01004671374926,25.0,0.04219864351385895,-10.24706508424037
32.0,-2.52334710922769,3.8127713061552932,0.7963971097892285,25.00127794691548,25.011177819721354,25.0,0.04131778106623125,-9.620945453533242
33.0,-2.3547386662705736,3.813153453249558,0.7961652758453152,25.001504732106582,25.012301723786834,25.0,0.04000271820323053,-8.978979876789897
34.0,-2.1827829882582406,3.8134689471365717,0.7959516268267735,25.00174996693346,25.013418703270588,25.0,0.03823650877209382,-8.323975144060773
35.0,-2.008086825968421,3.813719525454152,0.7957561026355228,25.002012729556327,25.014529364298653,25.0,0.036072112711385745,-7.65827993700302
36.0,-1.8311469449222961,3.8139283725417994,0.7955715390247089,25.00229221905704,25.015634641798556,25.0,0.033614059613263816,-6.9838632875323805
37.0,-1.8311469449222961,3.814306690821473,0.7953949908184413,25.002587755439322,25.016735799499145,25.0,0.03463010168383515,-6.984556043894414
38.0,-1.8311469449222961,3.81466307099695,0.7952239139949409,25.002898779628822,25.017834429930645,25.0,0.03559595295609027,-6.985208628363969
39.0,-1.8311469449222961,3.8150042573886416,0.795056164750074,25.00322485347283,25.018932454424657,25.0,0.036527888892136276,-6.985833390782764
40.0,-1.8311469449222961,3.8153357366876555,0.7948899994973522,25.003565659740673,25.02003212311405,25.0,0.037439149192704385,-6.986440378088458
41.0,-1.8311469449222961,3.815661737955795,0.794724074867932,25.00392100212332,25.02113601493312,25.0,0.03833993779714909,-6.987037334314653
42.0,-1.8311469449222961,3.81598523262556,0.7945574477106154,25.00429080523378,25.022247037617547,25.0,0.039237422883449766,-6.987629700590892
43.0,-1.8311469449222961,3.8163079345001467,0.7943895750918495,25.004675114606755,25.02336842770427,25.0,0.04013573686820908,-6.988220615142662
44.0,-1.8311469449222961,3.8166302997534465,0.7942203142957267,25.00507409669882,25.024503750531778,25.0,0.041035976406652984,-6.988810913291391
45.0,-1.8311469449222961,3.816951526930047,0.7940499228239845,25.00548803888836,25.02565690023971,25.0,0.04193620239263313,-6.989399127454449
46.0,-1.8311469449222961,3.817269556945232,0.7938790583960057,25.005917349475567,25.026832099769194,25.0,0.042831439958622014,-6.989981487145148
47.0,-1.8311469449222961,3.8175810732994195,0.7937087788818664,25.006362556696388,25.028033894066823,25.0,0.04371367899098432,-6.990551919365412
48.0,-1.8311469449222961,3.817885698988342,0.7935392282388181,25.006823354612493,25.029260454603445,25.0,0.04458196553262727,-6.991109733765027
49.0,-1.8311469449222961,3.8181858218195805,0.7933696775957697,25.00729915998795,25.030507278535822,25.0,0.04544200668017865,-6.991659302770551
50.0,-1.8311469449222961,3.8184814852727955,0.7932001269527214,25.007790010221072,25.031774038474964,25.0,0.046293882051285616,-6.992200705999632
51.0,-1.8311469449222961,3.8187727324475844,0.793030576309673,25.008295936935212,25.033060412747886,25.0,0.04713767056764557,-6.992734022373964
52.0,-1.8311469449222961,3.8190596060634814,0.7928610256666246,25.00881696597878,25.03436608539738,25.0,0.04797345045500213,-6.993259330119292
53.0,-1.8311469449222961,3.8193421484599583,0.7926914750235763,25.009353117425462,25.035690746182013,25.0,0.04880129924314913,-6.993776706765411
54.0,-1.8311469449222961,3.8196204015964237,0.7925219243805279,25.009904405574105,25.0370340905763,25.0,0.04962129376592989,-6.994286229146165
55.0,-1.8311469449222961,3.819894407052221,0.7923523737374796,25.010470838948493,25.038395819770415,25.0,0.05043351016123309,-6.99478797339944
56.0,-1.8311469449222961,3.8201642060266323,0.7921828230944312,25.011052420297688,25.039775640670598,25.0,0.05123802387099766,-6.995282014967176
57.0,-1.8311469449222961,3.820429839338876,0.7920132724513828,25.011649146595914,25.04117326589875,25.0,0.052034909641209534,-6.995768428595362
58.0,-1.8311469449222961,3.8206913474281077,0.7918437218083344,25.012261009042504,25.042588413792657,25.0,0.05282424152190654,-6.996247288334031
59.0,-1.8311469449222961,3.820948770353419,0.791674171165286,25.012887993061895,25.044020808405946,25.0,0.053606092867170246,-6.996718667537267
60.0,-1.8311469449222961,3.821202147793837,0.7915046205222377,25.01353007830369,25.04547017950813,25.0,0.05438053633513248,-6.997182638863201
61.0,-1.8311469449222961,3.82145151904833,0.7913350698791893,25.014187238642535,25.04693626258444,25.0,0.05514764388797533,-6.997639274274017
62.0,-1.8311469449222961,3.8216969230357978,0.791165519236141,25.01485944217842,25.048418798836053,25.0,0.05590748679192707,-6.99808864503594
63.0,-1.8311469449222961,3.8219383982950808,0.7909959685930926,25.015546651236264,25.04991753517993,25.0,0.05666013561726543,-6.998530821719251
64.0,-1.8311469449222961,3.8221759829849553,0.7908264179500443,25.016248822366208,25.051432224248856,25.0,0.05740566023831673,-6.998965874198275
65.0,-1.8311469449222961,3.8224097148841323,0.7906568673069959,25.016965895285978,25.052962183026352,25.0,0.058144129833452726,-6.9993938716513835
66.0,-1.8311469449222961,3.8226396313912625,0.7904873166639476,25.017697803064323,25.054507066015617,25.0,0.05887561288509945,-6.999814882561003
67.0,-1.8311469449222961,3.822865769524931,0.7903177660208992,25.018444500554892,25.056067453490016,25.0,0.059600177179725086,-7.0002289747136
68.0,-1.8311469449222961,3.823088165923662,0.7901482153778508,25.01920595043316,25.057643882298805,25.0,0.060317889807850494,-7.000636215199698
69.0,-1.8311469449222961,3.8233072198153506,0.7899785412302289,25.0199821230799,25.05923683991125,25.0,0.061029707969439045,-7.001037335064237
70.0,-1.8311469449222961,3.823548516288457,0.7898000325266038,25.020772996581172,25.060846764416624,25.0,0.06179843293627342,-7.001479184363786
71.0,-1.8311469449222961,3.823816711317383,0.789611050997769,25.021578556728457,25.062474044524265,25.0,0.06263559039330799,-7.0019702888716475
72.0,-1.8311469449222961,3.8240973843348907,0.7894164559688686,25.02239879701858,25.06411901956335,25.0,0.06350587602450712,-7.002484242410179
73.0,-1.8311469449222961,3.8243775200792363,0.7892206471024173,25.023233718653614,25.065781979483233,25.0,0.06437740054452012,-7.002997212122601
74.0,-1.8311469449222961,3.8246455085941693,0.7890275643983004,25.02408333054092,25.06746316485311,25.0,0.0652216896986748,-7.003487938472994
75.0,-1.8311469449222961,3.824891145228932,0.7888406881937731,25.02494764929338,25.06916276686229,25.0,0.06601368426298058,-7.003937735246302
76.0,-1.8311469449222961,3.825105630638259,0.7886630391634616,25.02582902619224,25.070993048108733,25.0,0.06673174004412381,-7.004330489548321
77.0,-1.8311469449222961,3.8252815707823804,0.7884971783193623,25.026728846285607,25.072907241616065,25.0,0.06735762787947491,-7.004652661805718
78.0,-1.8311469449222961,3.825412976927016,0.7883452070108419,25.02764275825905,25.074630905588094,25.0,0.06787653363708197,-7.004893285766012
79.0,-1.320724637476364,3.8249200197028927,0.7882087669246379,25.028564318542294,25.07595599096004,25.0,0.048485456016861266,-5.05166610639819
80.0,-0.8103023300304315,3.8243747669272086,0.788089040084858,25.02948501098956,25.076742074653737,25.0,0.029402409007202705,-3.0988997845507056
81.0,-0.2998800225844992,3.823775445782165,0.7879867488529804,25.03039424687944,25.07691635957798,25.0,0.01073231524339305,-1.1466738670392091
82.0,0.21054228486143317,3.8231216887554567,0.7879021559278537,25.03127936491518,25.076473674628232,25.0,-0.007415200913275422,0.8049287756538748
83.0,0.7209645923073655,3.822414533640272,0.7878350643456972,25.03212563122446,25.075476474686695,25.0,-0.024930572982167134,2.7558255358757076
84.0,0.5767716738458926,3.8223941748948915,0.7877848174801001,25.032921675267914,25.07426337283306,25.0,-0.019961697006858854,2.204648686352916
85.0,0.43257875538441953,3.8223267095638906,0.7877502990420227,25.03367216837495,25.073234106675386,25.0,-0.014957020629209637,1.6534573306957714
86.0,0.28838583692294656,3.822217391356937,0.7877299330797952,25.034382586020115,25.07238535582269,25.0,-0.00994569451859814,1.1022733613079119
87.0,0.14419291846147358,3.8220728792891916,0.7877216839791187,25.035057669857395,25.071701113800657,25.0,-0.004953199104399193,0.551115843037156
88.0,5.773159728050814e-16,3.8219012376813084,0.7877230564630643,25.035701474094765,25.071157409409977,25.0,-1.9731609938718005e-17,2.2064446309969293e-15
89.0,5.773159728050814e-16,3.8215494307403297,0.7877310955920739,25.03631736549397,25.07072230672668,25.0,-1.952386505476263e-17,2.2062415272305585e-15
90.0,5.773159728050814e-16,3.8211908388170013,0.7877423867639597,25.036908023370586,25.07035590510202,25.0,-1.93103256358248e-17,2.206034506385502e-15
91.0,5.773159728050814e-16,3.8208377421484574,0.7877530557139043,25.037475439594118,25.070010339162536,25.0,-1.9100317933913945e-17,2.2058306580388075e-15
92.0,5.773159728050814e-16,3.8205038262773248,0.7877587685144608,25.03801911701197,25.069643770709206,25.0,-1.8904244876925172e-17,2.2056378830728294e-15
93.0,-0.11436919119834273,3.8203330761302046,0.7877547315755529,25.03853959061047,25.069338272062794,25.0,0.0037259589172962187,-0.4369284040252882
94.0,-0.32237595643542527,3.820368813595828,0.7877183401383391,25.03904315987711,25.069222542556815,25.0,0.010525727608926786,-1.2315950502190258
95.0,-0.6070466831816401,3.8206313494847315,0.7876356366607508,25.03953647200808,25.069397219492714,25.0,0.0200299380290104,-2.3193015883645
96.0,-0.9544845528681684,3.8210789330943125,0.7875149599137911,25.040026420978734,25.06993438346234,25.0,0.03203629393368757,-3.6471608169285026
97.0,-1.3533118127627726,3.8216746334473073,0.7873640233210131,25.040520147543532,25.070877558347775,25.0,0.046432953987009265,-5.17191742598008
98.0,-1.6798439556043099,3.8222569344970427,0.7871899136221425,25.041025039235876,25.07224171132151,25.0,0.0589071230577483,-6.420795208181516
99.0,-1.947185862817129,3.8228204664808443,0.7869990908730774,25.04154873036839,25.074013252846328,25.0,0.06975087617010191,-7.4437419684194825
100.0,-2.1660669038387845,3.823359167076971,0.7867973884458884,25.042099102032637,25.076150036675187,25.0,0.07919525863826324,-8.281651753294048
101.0,-2.345271543388937,3.8238667666990103,0.7865900130288191,25.042684282099344,25.078581359851455,25.0,0.08742410961261392,-8.96800591364985
102.0,-2.4919918928829015,3.8243371858213235,0.7863815446262852,25.043311894914268,25.081211396983406,25.0,0.0945851501472029,-9.530217262717349
103.0,-2.6121163551159596,3.824764860281603,0.786175936558875,25.043982748809242,25.0840031480692,25.0,0.10079875878245523,-9.990730846014383
104.0,-2.710465946543119,3.8251450076160785,0.7859765154633496,25.044700149301264,25.086972865053554,25.0,0.10616486415740821,-10.3679252837328
105.0,-2.790987781597189,3.825473845116351,0.7857859812926424,25.045466833357807,25.09010040675969,25.0,0.1107683430096582,-10.676850760539352
106.0,-2.856913484250229,3.8257487683592157,0.7856064073158597,25.046283428690288,25.093325663718645,25.0,0.11468325255439978,-10.929833243679148
107.0,-2.910888884430547,3.8259684973745256,0.7854392401182799,25.04714845375389,25.09654855816899,25.0,0.11797616444142581,-11.136969171188948
108.0,-2.5849582817717374,3.825716068910438,0.7852852996013544,25.04805831774769,25.09962904405728,25.0,0.104511851963914,-9.889316436037252
109.0,-2.2463552115088055,3.8254050626265803,0.7851447789827067,25.049007320614635,25.102387107037657,25.0,0.09043889798023438,-8.593218598563388
110.0,-1.8973768023009945,3.8250397594953145,0.7850172447961334,25.049987383641394,25.1046021595119,25.0,0.07593779095997333,-7.257541707545385
111.0,-1.5399037840254033,3.824625955850519,0.7849016368916032,25.05098230299427,25.10614887751268,25.0,0.0611716290826638,-5.889555981895989
112.0,-1.1754759680706452,3.824171048453883,0.7847962684352575,25.051980673308208,25.10724613772925,25.0,0.04628410765996015,-4.495221165249062
113.0,-1.1754759680706452,3.8241012315481733,0.7846988259094104,25.05297618610598,25.10811748025037,25.0,0.04631658091253453,-4.495139097154236
114.0,-1.1754759680706452,3.8240154256649532,0.7846063691125483,25.05396468835778,25.108925170156965,25.0,0.04632439890168647,-4.4950382344005915
115.0,-1.1754759680706452,3.823925246127315,0.7845153311593304,25.054944182481563,25.10977019752204,25.0,0.046325407948571325,-4.494932230521286
116.0,-1.1754759680706452,3.823844292901297,0.7844215184805883,25.055914826342814,25.110692277410863,25.0,0.04634052392621093,-4.494837071949564
117.0,-1.1754759680706452,3.8237881505958824,0.7843201108233263,25.056878933254552,25.111669849880627,25.0,0.046393732259493614,-4.494771078018757
118.0,-1.1754759680706452,3.8237555298251342,0.784211398922742,25.05784055924687,25.11262739639409,25.0,0.0464831755539998,-4.494732733086683
119.0,-1.1754759680706452,3.8237227901422273,0.7841025214010418,25.058798656524516,25.113569673763664,25.0,0.04657267375376208,-4.4946942483762236
120.0,-1.1754759680706452,3.823689566957813,0.783993581338677,25.05975224009609,25.114515058109475,25.0,0.04666167712416983,-4.494655195321362
121.0,-1.1754759680706452,3.823655882297623,0.7838845674451452,25.060701494481464,25.115463458184593,25.0,0.04675022482765624,-4.494615599812816
122.0,-1.1754759680706452,3.823621709195135,0.7837754862348868,25.06164659793501,25.116414778898786,25.0,0.04683827750815457,-4.494575430152087
123.0,-1.1754759680706452,3.8235869716915714,0.783666362027285,25.0625877224457,25.117368921318757,25.0,0.046925717291095,-4.494534597051457
124.0,-1.1754759680706452,3.8235515448358974,0.7835572369466659,25.063525033736823,25.118325782668023,25.0,0.047012347783407786,-4.494492953633988
125.0,-1.1754759680706452,3.8235152546848257,0.7834481709222985,25.064458691266395,25.119285256327032,25.0,0.04709789407352222,-4.494450295433525
126.0,-1.1754759680706452,3.823477878302812,0.7833392416883945,25.065388848226803,25.120247231833105,25.0,0.047182002731366066,-4.494406360394694
127.0,-1.1754759680706452,3.8234391437620565,0.7832305447841089,25.06631565649991,25.121212154323814,25.0,0.04726424180836509,-4.494360828872902
128.0,-1.1754759680706452,3.823398730142504,0.7831221935535391,25.06724004323854,25.122228750804027,25.0,0.047344100837444066,-4.494313323634335
129.0,-1.1754759680706452,3.8233562675318455,0.7830143191457254,25.068162920639793,25.123271609411177,25.0,0.04742099083302837,-4.494263409855965
130.0,-1.1754759680706452,3.823311337025515,0.7829070705146512,25.06908365230936,25.12426199540073,25.0,0.04749424429103978,-4.49421059512554
131.0,-1.1754759680706452,3.823263470726692,0.7828006144192428,25.070000219553833,25.125123992798024,25.0,0.047563115188900135,-4.494154329441593
132.0,-1.1754759680706452,3.8232121517463,0.7826951354233689,25.07090922138093,25.125784504398098,25.0,0.04762677898552927,-4.494094005213436
133.0,-0.7698378455122576,3.8226307724681896,0.7826136752808601,25.07180587449932,25.12617325176575,25.0,0.03080667588234699,-2.9428058380657682
134.0,-0.36419972295386993,3.821895669944889,0.7825833607388818,25.07268401331868,25.126222775235647,25.0,0.014317532121503905,-1.3919333441525237
135.0,0.041438399604517784,3.821041170454457,0.7825933066614641,25.07353608994987,25.125868433912103,25.0,-0.0015932179437940332,0.15833783092660614
136.0,0.4470765221629055,3.820099241284744,0.7826333402518061,25.074353174204646,25.125048405669247,25.0,-0.01675012473350479,1.7078766831107375
137.0,0.8527146447212932,3.819098410273073,0.7826943581818507,25.07512494197192,25.123744916013038,25.0,-0.031042268345380774,3.2566011440716593
138.0,0.8527146447212932,3.818520919970364,0.7827683265922848,25.07584435751744,25.122271684578777,25.0,-0.030486759960252085,3.2561087096333545
139.0,0.8527146447212932,3.817931265148762,0.7828482810925389,25.076512349579502,25.120769762538146,25.0,-0.029915774285263295,3.255605902331644
140.0,0.8527146447212932,3.817347655294009,0.7829283267607876,25.07713110573127,25.119307423656323,25.0,-0.02934986550174973,3.2551082496616925
141.0,0.8527146447212932,3.816784860441321,0.7830036381439491,25.077703377822843,25.117940367663437,25.0,-0.028805742969552996,3.2546283462488317
142.0,0.6821717157770346,3.8164464130563074,0.7830704592576857,25.07823248198133,25.116711720254443,25.0,-0.022768131668499652,2.6034717977657307
143.0,0.511628786832776,3.8161480023922096,0.7831261035864034,25.078722298610728,25.115652033089134,25.0,-0.016894954024928296,1.9524511728382479
144.0,0.3410858578885174,3.815894080132663,0.7831689540832523,25.079177272392087,25.11477928379219,25.0,-0.01116207769307247,1.3015475059337644
145.0,0.17054292894425888,3.815685658510775,0.7831984631701259,25.079602412283293,25.114098875953005,25.0,-0.005540461446578282,0.6507382081330307
146.0,3.108624468950438e-16,3.815520310309129,0.783215152737662,25.080003291519176,25.113603639125927,25.0,-1.0042460329995634e-17,1.1861019798404327e-15
147.0,3.108624468950438e-16,3.8151999669788585,0.783220614145242,25.080384850857627,25.11322060043068,25.0,-9.941179871977364e-18,1.1860023971289383e-15
148.0,3.108624468950438e-16,3.8148861949122757,0.7832248550783809,25.08074769393602,25.112829608577158,25.0,-9.842321572739419e-18,1.1859048571765531e-15
149.0,3.108624468950438e-16,3.814557202400054,0.7832352621799874,25.081092457029854,25.112449315326216,25.0,-9.736814978309577e-18,1.1858025857591936e-15
150.0,3.108624468950438e-16,3.814228986380423,0.7832464769351659,25.081420247848996,25.1121033370722,25.0,-9.631298697100825e-18,1.185700555724221e-15
151.0,3.108624468950438e-16,3.813915566392637,0.7832537804528497,25.081732598782764,25.111815303952994,25.0,-9.531597803413778e-18,1.1856031252199121e-15
152.0,-0.06878414008305576,3.813706332354719,0.7832531518938747,25.082031466899878,25.111608859849866,25.0,0.002094695830793186,-0.2623225106003238
153.0,-0.1938839709761337,3.813596953169386,0.7832412684709797,25.082319233948397,25.11150766238785,25.0,0.005885480691026091,-0.7393953209829651
154.0,-0.3650911898162077,3.81358349557725,0.7832155054488062,25.082598706355952,25.111535382935415,25.0,0.011087085648319554,-1.3923057358637505
155.0,-0.5740479451125844,3.8136619624305177,0.7831739361438984,25.082873115229347,25.11171570660457,25.0,0.017501588840371174,-2.189224812887265
156.0,-0.8139114068201746,3.8138279146634595,0.7831153319247033,25.083146116354897,25.112072332250932,25.0,0.02499732142398063,-3.104118043393789
157.0,-1.0102949994599215,3.8139986420621383,0.7830391622115705,25.083421790198315,25.112628972473715,25.0,0.03127820767890671,-3.8532637560223093
158.0,-1.171080286154021,3.8141820012577132,0.7829455944767526,25.083704611736437,25.113407403799556,25.0,0.0365803401914683,-4.466713349476399
159.0,-1.3027201450129406,3.8143820894062337,0.7828354942444046,25.083997557082682,25.11431932348046,25.0,0.04109638502387981,-4.969072388646052
160.0,-1.4104977457915828,3.8145995360553258,0.7827104250905845,25.084303927751876,25.115335815009644,25.0,0.04497951913106233,-5.380484046703654
161.0,-1.4987385820420187,3.81483174210443,0.782572648643253,25.08462735580764,25.116485595052723,25.0,0.04834794799196313,-5.717435515890478
162.0,-1.5709840683575689,3.815073075448898,0.7824251245822735,25.0849707365644,25.117781683974442,25.0,0.05128941067598486,-5.993419021150133
163.0,-1.6301336697751843,3.815315031159824,0.7822715106394121,25.08533622858687,25.119221405839028,25.0,0.053865355368227626,-6.219473493092986
164.0,-1.678561267488091,3.8155462473441935,0.7821162030904144,25.085725253690384,25.12078638840984,25.0,0.05611437745480316,-6.404628145101499
165.0,-1.7182104310333366,3.815745899448859,0.7819668612329017,25.086138496940634,25.12244256314972,25.0,0.05803949581292885,-6.556254406605711
166.0,-1.7506724205616475,3.81590827251027,0.7818261943337557,25.08657590665399,25.12414016522075,25.0,0.05966655429904651,-6.68040537207677
167.0,-1.7772500496945713,3.816036980261739,0.7816936150494854,25.087036694397113,25.125813733484392,25.0,0.06103674753015251,-6.782051912806497
168.0,-1.5942538364168841,3.8159045522278707,0.7815685474352801,25.08751933498735,25.1273821105014,25.0,0.05474030736781304,-6.083520471789935
169.0,-1.4050176667320897,3.8157421753775096,0.781450426945009,25.08802156649233,25.128748442531787,25.0,0.04818051237079314,-5.361185168100137
170.0,-1.2106726528389309,3.8155530962618935,0.7813387004312214,25.08853975674134,25.129808731349044,25.0,0.041422433365599025,-4.619385789099184
171.0,-1.0121448710796996,3.8153402724653316,0.7812328261451467,25.089063807211403,25.130595293648582,25.0,0.03452167685859955,-3.861677088199609
172.0,-0.8101925286355286,3.8151064144920634,0.7811322737366942,25.089589159054697,25.13119728825285,25.0,0.02752559500681059,-3.09097071297095
173.0,-0.8101925286355286,3.815084780225141,0.7810365242544537,25.090113603714542,25.131681408702775,25.0,0.027585642600519333,-3.090953185049527
174.0,-0.8101925286355286,3.815049509596331,0.7809450701456943,25.0906354191917,25.132101976108686,25.0,0.02763116203620699,-3.0909246090495848
175.0,-0.8101925286355286,3.815002284935813,0.7808574152563658,25.09115337004431,25.13250093915059,25.0,0.02766391830552038,-3.0908863479824658
176.0,-0.8101925286355286,3.814944730682243,0.7807730748310978,25.091666707388015,25.13290787407783,25.0,0.027685620261700884,-3.090839717956232
177.0,-0.8101925286355286,3.8148784133827554,0.7806915755131999,25.092175168895892,25.13333998470938,25.0,0.02769792061958663,-3.090785988175668
178.0,-0.8101925286355286,3.814804841692962,0.780612455344662,25.09267897879846,25.133802102433776,25.0,0.027702415955610682,-3.0907263809422783
179.0,-0.8101925286355286,3.814725466376951,0.7805352637661537,25.09317884788362,25.134286686208952,25.0,0.02770064670780139,-3.090662071654288
180.0,-0.8101925286355286,3.8146416803072873,0.7804595616170249,25.093675973496772,25.13477382256241,25.0,0.027694097175782053,-3.0905941888066426
181.0,-0.8101925286355286,3.8145548184650155,0.7803849211353056,25.09417141280437,25.135242498142475,25.0,0.02768419552077269,-3.0905238139910107
182.0,-0.8101925286355286,3.814466157939657,0.7803109259577055,25.09466417220972,25.135708821665503,25.0,0.02767231376558863,-3.09045198189578
183.0,-0.8101925286355286,3.814376917929207,0.7802371711196148,25.095154190781443,25.136175028383263,25.0,0.027659767794638693,-3.0903796803060586
184.0,-0.8101925286355286,3.814288259740143,0.7801632630551034,25.095641537081804,25.136641123013362,25.0,0.02764781735392987,-3.0903078501036765
185.0,-0.8101925286355286,3.8142012867874167,0.7800888195969214,25.0961262780952,25.137107106596886,25.0,0.02763766605106229,-3.090237385267184
186.0,-0.8101925286355286,3.814116042677071,0.7800138195904992,25.096608479228053,25.13757297649886,25.0,0.027629366354601018,-3.090168321125872
187.0,-0.8101925286355286,3.814030968319035,0.7799388017637737,25.097088204308875,25.138038726408013,25.0,0.02762121862806901,-3.0900993945166126
188.0,-0.8101925286355286,3.813946011117949,0.7798637839370481,25.0975655155882,25.1385043463369,25.0,0.027613165821222866,-3.090030562827039
189.0,-0.8101925286355286,3.813861169790454,0.7797887661103227,25.098040473738763,25.138969822621675,25.0,0.02760520689429455,-3.089961825017383
190.0,-0.8101925286355286,3.8137764430653127,0.7797137482835972,25.098513137855207,25.139435137922362,25.0,0.02759734081733671,-3.0898931800576976
191.0,-0.8101925286355286,3.813691829683408,0.7796387304568716,25.098983565454432,25.139900271222757,25.0,0.027589566570222674,-3.089824626927856
192.0,-0.8101925286355286,3.8136073283977474,0.7795637126301461,25.099451812475195,25.140365197830306,25.0,0.02758188314264753,-3.0897561646175538
193.0,-0.8101925286355286,3.813522937973458,0.7794886948034206,25.09991793329084,25.140829889478425,25.0,0.0275742895341274,-3.089687792126306
194.0,-0.8101925286355286,3.81343865718779,0.7794136769766951,25.10038198076046,25.14129432755169,25.0,0.02756678475399945,-3.0896195084634503
195.0,-0.8101925286355286,3.8133544848301164,0.7793386591499696,25.100844002323697,25.141758499173648,25.0,0.027559367821421887,-3.0895513126481453
196.0,-0.8101925286355286,3.81327041970193,0.7792636413232441,25.101304042899585,25.142222387925074,25.0,0.027552037765373957,-3.08948320370937
197.0,-0.8101925286355286,3.813186460616847,0.7791886234965185,25.10176214645952,25.142685978608938,25.0,0.027544793624655943,-3.0894151806859247
198.0,-0.8101925286355286,3.813102606400604,0.779113605669793,25.102218356027322,25.14314925725006,25.0,0.027537634447889165,-3.08934724262643
199.0,-0.8101925286355286,3.813018855891063,0.7790385878430676,25.102672713679397,25.143612211095615,25.0,0.027530559293517075,-3.0892793885893304
200.0,-0.8101925286355286,3.8129352079382044,0.778963570016342,25.103125260544573,25.144074828614578,25.0,0.027523567229802707,-3.089211617642889
201.0,-0.8101925286355286,3.8128516614041312,0.7788885521896165,25.103576036804157,25.14453709949828,25.0,0.02751665733483087,-3.089143928865189
202.0,-0.8101925286355286,3.812768215163071,0.778813534362891,25.104025081691987,25.144999014659845,25.0,0.027509828696508486,-3.0890763213441397
203.0,-0.8101925286355286,3.8126848681013694,0.7787385165361655,25.104472433494266,25.145460566234703,25.0,0.027503080412561717,-3.0890087941774653
204.0,-0.8101925286355286,3.812601619117496,0.77866349870944,25.10491812954973,25.145921747580246,25.0,0.027496411590538485,-3.0889413464727142
205.0,-0.8101925286355286,3.8125184671220436,0.7785884808827145,25.10536220624965,25.14638255327594,25.0,0.02748982134780919,-3.0888739773472578
206.0,-0.8101925286355286,3.812435411037724,0.778513463055989,25.105804699037662,25.14684297912339,25.0,0.02748330881156311,-3.0888066859282843
207.0,-0.8101925286355286,3.812352449799373,0.7784384452292634,25.106245642409988,25.147303022146218,25.0,0.02747687311881237,-3.088739471352806
208.0,-0.8101925286355286,3.8122757065590065,0.778361351641749,25.10668503365133,25.147762088582965,25.0,0.027477156967454255,-3.088677294552838
209.0,-0.8101925286355286,3.8122352592558646,0.7782719498417047,25.107120914517395,25.148190447592185,25.0,0.027516819535087375,-3.0886445244500287
210.0,-0.8101925286355286,3.812215976822088,0.7781752861387591,25.107554008496038,25.148608283579847,25.0,0.02757951326122462,-3.088628901966249
211.0,-0.8101925286355286,3.812197584370697,0.778078174955589,25.107986381875662,25.14905321991324,25.0,0.027643290589575813,-3.088614000539549
212.0,-0.8101925286355286,3.8121627634166804,0.7779864584792113,25.108419420102564,25.149545231223044,25.0,0.027689386916705503,-3.0885857888627646
213.0,-0.8101925286355286,3.812097151876993,0.7779050066609827,25.108853827781275,25.15008664340337,25.0,0.0277022205920308,-3.0885326308835177
214.0,-0.8101925286355286,3.811989344070555,0.7778377172165998,25.109289628674446,25.150662133611775,25.0,0.027669392917821393,-3.088445285804213
215.0,-0.8101925286355286,3.811830890718255,0.7777875156260992,25.109726165702796,25.15123873026903,25.0,0.02758168814920024,-3.0883169080820423
216.0,-0.8101925286355286,3.8116162989429485,0.7777563551338574,25.11016210094516,25.15176581305957,25.0,0.02743307349414288,-3.088143047428982
217.0,-0.8101925286355286,3.8113430322694564,0.7777452167485909,25.110595415638556,25.152175112930934,25.0,0.027220699113478495,-3.0879216488117938
218.0,-0.4887736444421316,3.8106492715420806,0.777754109243356,25.111023410178063,25.152380712094214,25.0,0.016078288361262152,-1.8625449321423768
219.0,-0.16735476024873458,3.809900632172064,0.777782069155549,25.111442123394227,25.152268286621734,25.0,0.005375194413162416,-0.6376050068686581
220.0,0.15406412394466243,3.809103446890127,0.7778271607869062,25.111840779877355,25.1516959635577,25.0,-0.004818553618735052,0.5868461855597215
221.0,0.4754830081380595,3.808267004828959,0.7778864762035035,25.112212909564676,25.15078315145638,25.0,-0.014445425139654943,1.8107662512489913
222.0,0.7969018923314565,3.8074035515232145,0.7779561352357572,25.112555083928385,25.149678387010567,25.0,-0.023466701763745358,3.034127095078358
223.0,0.7969018923314565,3.806890527992003,0.7780312854784234,25.112865284912004,25.14850504090748,25.0,-0.02299798497032261,3.0337182656555246
224.0,0.7969018923314565,3.8063838534914267,0.7781061022905977,25.113142904930612,25.147361317828825,25.0,-0.02253459344281714,3.033314495787219
225.0,0.6375215138651653,3.806084264448573,0.7781737887957162,25.113388746870555,25.146320256450792,25.0,-0.017793528690904805,2.4264606021696387
226.0,0.4781411353988741,3.805835548777689,0.7782267698781299,25.11360502408985,25.145429729444004,25.0,-0.013200892890010734,1.8197265304339614
227.0,0.3187607569325829,3.8056381452793038,0.7782643757665458,25.113795360417782,25.144712443473622,25.0,-0.00872568348998418,1.2130880958007417
228.0,0.15938037846629172,3.8054799859632555,0.7782902433605137,25.113964790155194,25.14416593919924,25.0,-0.004333511466425772,0.6065188404087222
229.0,5.329070518200751e-16,3.8053537639077915,0.778306697119276,25.114119758074253,25.14376259127482,25.0,-1.4413572622647358e-17,2.0278998554565273e-15
230.0,5.329070518200751e-16,3.8050733019170244,0.7783158205415786,25.114265537057577,25.143433894402165,25.0,-1.4259250513918362e-17,2.02775039528388e-15
231.0,5.329070518200751e-16,3.8048124175805293,0.7783194561656703,25.114400619156413,25.143112088028886,25.0,-1.411828596157458e-17,2.0276113681812524e-15
232.0,5.329070518200751e-16,3.804566058213746,0.7783192055693031,25.1145251759379,25.14279491866256,25.0,-1.3987132862305136e-17,2.0274800815374118e-15
233.0,5.329070518200751e-16,3.8043299225445133,0.7783164293697318,25.114639530503325,25.14248220179485,25.0,-1.3862773955313401e-17,2.0273542431740912e-15
234.0,5.329070518200751e-16,3.8041004607130655,0.7783122472237145,25.114744013241648,25.142173866367386,25.0,-1.3742720822315792e-17,2.0272319613459892e-15
235.0,5.329070518200751e-16,3.803874874272036,0.7783075378275124,25.114838961829435,25.141869954771437,25.0,-1.3625013887542017e-17,2.0271117447407697e-15
236.0,5.329070518200751e-16,3.8036511161864555,0.7783029389168895,25.114924721230807,25.141570622848064,25.0,-1.3508222417736028e-17,2.026992502479062e-15
237.0,5.329070518200751e-16,3.8034278908337527,0.7782988472671132,25.115001643697667,25.141276139888078,25.0,-1.3391444522155062e-17,2.0268735441144617e-15
238.0,5.329070518200751e-16,3.8032046540037525,0.7782954186929538,25.1150700887693,25.140986888632142,25.0,-1.327430715256918e-17,2.0267545796335288e-15
239.0,5.329070518200751e-16,3.802981612898679,0.7782925680486847,25.115130423272774,25.140703365270497,25.0,-1.3156966103262912e-17,2.026635719455789e-15
240.0,5.329070518200751e-16,3.8027597261331527,0.7782899692280824,25.115183021322764,25.140426179443352,25.0,-1.3040106011033847e-17,2.026517474433735e-15
241.0,5.329070518200751e-16,3.8025407037341923,0.7782870551644262,25.1152282643215,25.14015605424055,25.0,-1.2924940355193101e-17,2.026400755852822e-15
242.0,5.329070518200751e-16,3.802327007141214,0.778283017830499,25.115266540958828,25.139893826201728,25.0,-1.2813211457565553e-17,2.026286875431474e-15
243.0,-0.04497735445462543,3.802172538684502,0.7782768082385864,25.11529827396015,25.139652157110902,25.0,0.0010747667382180574,-0.17101166197005588
244.0,-0.1267790521933426,3.802072074184679,0.7782671364404771,25.1153247917955,25.139506178420845,25.0,0.0030179674447312317,-0.4820230939359098
245.0,-0.2387299722406459,3.8020363625894085,0.7782478944754769,25.11534841011803,25.139462799273815,25.0,0.005679020332485889,-0.9076600352988958
246.0,-0.37536498777337346,3.8020726195180594,0.7782144632214175,25.115371335123314,25.139514601225926,25.0,0.008955516546583426,-1.4271649423388744
247.0,-0.5322096313919312,3.802170510210001,0.7781684428861962,25.115395597568806,25.13965436741279,25.0,0.01277413140304566,-2.023551765728136
248.0,-0.6606231645780006,3.8022702461190017,0.7781113383378564,25.11542305277368,25.13987508254945,25.0,0.015959934111127096,-2.511867802571908
249.0,-0.7657592733088358,3.8023730000055016,0.7780445546219303,25.115455380618926,25.14016993293069,25.0,0.0186297326576557,-2.9117023853333506
250.0,-0.8518374387857209,3.802479226771428,0.7779693969614394,25.115494085547482,25.140532306430487,25.0,0.02087839065041291,-3.2390941655688814
251.0,-0.9223122800301823,3.802588854309299,0.7778870707568937,25.11554049656388,25.140955792502496,25.0,0.02278275830902911,-3.507174396235368
252.0,-0.9800121998753113,3.802701439756255,0.7777986815862925,25.115595767234595,25.14143418217992,25.0,0.02440500681710594,-3.7266938034445407
253.0,-1.027252898702653,3.802816297424043,0.7777052352051239,25.115660875687922,25.14196146807535,25.0,0.02579541145388563,-3.9064540647625385
254.0,-1.0659303116294925,3.8029326035392255,0.7776076375463649,25.115736624613874,25.142531844380926,25.0,0.026994648892774427,-4.053661135196524
255.0,-1.097596699042192,3.8030494819972094,0.7775066947204815,25.115823641264285,25.143139706868226,25.0,0.028035678999271098,-4.174214557734255
256.0,-1.1235229442558505,3.8031660745717097,0.7774031130154287,25.115922377452875,25.143779652888497,25.0,0.02894527842046124,-4.272944345596773
257.0,-1.1447495585241136,3.803281598397399,0.7772974988966503,25.116033109555076,25.144446481372256,25.0,0.02974528643212624,-4.353804930708308
258.0,-1.1621284404092644,3.8033953930327122,0.7771903590070791,25.1161559385082,25.145135192829684,25.0,0.030453615323078536,-4.420033956364887
259.0,-1.1763570654627473,3.8035069589916186,0.777082100167137,25.116290789811387,25.145840989350518,25.0,0.031085069382032652,-4.4742822847465185
260.0,-1.1880064783680495,3.803615989290769,0.7769730293747344,25.116437413525432,25.14655927460376,25.0,0.03165200898314713,-4.518720436501731
261.0,-1.197544210968924,3.80372239527811,0.7768633538052714,25.116595422040405,25.147285282036364,25.0,0.03216488962796982,-4.55512573459815
262.0,-1.2053530459638944,3.803826327779571,0.7767531808116361,25.116764838642723,25.14801198886579,25.0,0.03263270016162628,-4.584953650506761
263.0,-1.211746379319988,3.8039281944125016,0.7766425179242062,25.116945612115444,25.148739050746883,25.0,0.03306331969198604,-4.609396216772568
264.0,-1.2094125179552546,3.8040201443091606,0.7765312728508483,25.117137584679085,25.149467679205543,25.0,0.03324538524614346,-4.600629581081453
265.0,-1.2055776151982056,3.8041167474819657,0.776417232132409,25.117340593296035,25.150198909254186,25.0,0.033393915657262276,-4.586157996364863
266.0,-1.200513763691625,3.8042342472759763,0.7762947421623351,25.117554469670722,25.150933599392147,25.0,0.033541760439656516,-4.567035574161858
267.0,-1.194443734049846,3.804367690943534,0.7761655598345613,25.117779040249445,25.15167243160505,25.0,0.0336858587899622,-4.544103150469185
268.0,-1.1875499154257052,3.804510887772614,0.7760318724871729,25.118014126220658,25.15241591136555,25.0,0.033820252193631044,-4.518046583010543
269.0,-1.1875499154257052,3.8046665605397516,0.7758957292937004,25.11825954351451,25.153164367632712,25.0,0.03416679821297333,-4.518231452191991
270.0,-1.1875499154257052,3.8048213862414872,0.7757590412631202,25.118515102803258,25.153917952852453,25.0,0.034512985321130174,-4.5184153154409925
271.0,-1.1875499154257052,3.804970232505312,0.7756235812398535,25.11878060950113,25.154676642957156,25.0,0.03485061322832059,-4.518592077809009
272.0,-1.1875499154257052,3.8051083882560826,0.775490983903767,25.11905586376423,25.155440237366122,25.0,0.03517214603371924,-4.518756144659152
273.0,-1.1875499154257052,3.8052315637160223,0.775362745770173,25.119340660490593,25.156208358985054,25.0,0.03547071222545699,-4.518902421666186
274.0,-1.1875499154257052,3.8053358904047148,0.7752402251898288,25.1196347893204,25.156980454206575,25.0,0.035740104680616155,-4.51902631481652
275.0,-1.1875499154257052,3.8054179211391115,0.7751246423489374,25.11993803463554,25.15775579290971,25.0,0.03597478066523629,-4.519123730408214
276.0,-1.1875499154257052,3.805474630033527,0.7750170792691471,25.120250175560045,25.158533468460405,25.0,0.03616986183431103,-4.519191075050982
277.0,-1.1875499154257052,3.8055034124996405,0.7749184798075512,25.120570985959773,25.15931239771112,25.0,0.03632113423178914,-4.51922525566618
278.0,-1.1875499154257052,3.805502085246494,0.774829649656689,25.120900234442615,25.160091321000948,25.0,0.03642504829057138,-4.519223679486819
279.0,-1.1875499154257052,3.8054688862804977,0.7747512563445447,25.121237684358448,25.160868802155846,25.0,0.03647871883251679,-4.519184254057557
280.0,-1.1875499154257052,3.805402474905422,0.7746838292345478,25.12158309379896,25.16164322848823,25.0,0.0364799250684364,-4.519105387234704
281.0,-1.1875499154257052,3.8053019317224046,0.7746277595255737,25.121936215597998,25.162412810797264,25.0,0.036427110598097924,-4.518985987186214
282.0,-1.1875499154257052,3.8051667586299462,0.7745833002519426,25.12229679733116,25.163175583368798,25.0,0.03631938341022162,-4.518825462391698
283.0,-1.1875499154257052,3.804996878823913,0.7745505662834202,25.1226645813162,25.163929403975317,25.0,0.03615651588248443,-4.51862372164241
284.0,-1.1875499154257052,3.804792636797534,0.7745295343252179,25.123039304612632,25.164671953876052,25.0,0.035938944781516345,-4.518381174041258
285.0,-1.1875499154257052,3.8045547983414036,0.7745200429179921,25.123419912446707,25.165341548309527,25.0,0.03566777126290195,-4.518098729002795
286.0,-0.8255901268649376,3.803876621861773,0.7745217924378447,25.123799097597896,25.165619327430363,25.0,0.02423505734819811,-3.1404429828214315
287.0,-0.46363033830416994,3.803167644425675,0.7745343450963228,25.12417022794756,25.16553084283339,25.0,0.013275266254831048,-1.7632639016125486
288.0,-0.10167054974340228,3.8024298957157936,0.7745571249404193,25.12452798429638,25.165155311919534,25.0,0.00283383992760394,-0.38659513785817257
289.0,0.2602892388173654,3.801665826712183,0.774589417852572,25.12486786412734,25.164563444444127,25.0,-0.007047697851975494,0.9895327042729042
290.0,0.622249027378133,3.80087830969226,0.7746303715506642,25.125186181605784,25.16381744251703,25.0,-0.016332753979288187,2.365092831388651
291.0,0.622249027378133,3.8004785669125125,0.7746789955880247,25.125480067579304,25.162971000602738,25.0,-0.01605375816343423,2.364844091832752
292.0,0.622249027378133,3.8000623845633776,0.7747341613534274,25.125747469577732,25.162069305519992,25.0,-0.015760462257606595,2.364585122770791
293.0,0.622249027378133,3.7996338988143656,0.7747946020710921,25.12598715181332,25.16114903644234,25.0,-0.015456228239257698,2.3643184979302228
294.0,0.622249027378133,3.799197667132351,0.7748589128006833,25.126198695180562,25.160238364897566,25.0,-0.015144766210474347,2.3640470531903777
295.0,0.622249027378133,3.7987586682815717,0.7749255504373113,25.12638249725626,25.1593569547681,25.0,-0.01483013439797832,2.36377388658246
296.0,0.622249027378133,3.7983223023236303,0.7749928337115316,25.12653977229951,25.158515962290778,25.0,-0.014516739153125803,2.36350235828955
297.0,0.622249027378133,3.7978943906174947,0.7750589431893451,25.126672551251716,25.157718036057076,25.0,-0.014209334951909323,2.3632360906466032
298.0,0.622249027378133,3.7974811758194957,0.775121921272198,25.126783681736526,25.156957317012825,25.0,-0.013913024394954988,2.36297896814045
299.0,0.622249027378133,3.797089321883331,0.775179672196982,25.126876828060006,25.156219438458493,25.0,-0.013633258207524975,2.362735137409797
300.0,0.4977992219025066,3.7968661689908303,0.7752299620360342,25.12695603314637,25.155516425685562,25.0,-0.010770486987018144,1.8900770245915863
301.0,0.37334941642688013,3.796678425790503,0.7752703236864026,25.127022488522584,25.15496665629854,25.0,-0.007992702427372112,1.41748767462941
302.0,0.2488996109512537,3.796527339053206,0.7752997256945361,25.127076710172673,25.154537549970655,25.0,-0.005283544706396202,0.9449541776561415
303.0,0.12444980547562723,3.796410697004288,0.775318751480156,25.127119427436867,25.154185461189513,25.0,-0.0026248885175804864,0.47246257274777403
304.0,7.549516567451064e-16,3.7963263175242803,0.7753279988834229,25.12715148263561,25.15387628441897,25.0,-1.5852715446775548e-17,2.8660428429600043e-15
305.0,7.549516567451064e-16,3.7961318317285477,0.7753280480895454,25.127173831070195,25.15358545409913,25.0,-1.5705850924829986e-17,2.8658960155863025e-15
306.0,7.549516567451064e-16,3.7959654487596017,0.7753194616287812,25.127187541022295,25.153297944646,25.0,-1.5586722189549867e-17,2.8657704044882426e-15
307.0,7.549516567451064e-16,3.7958251909947878,0.7753027843764365,25.127193793754145,25.153008270452005,25.0,-1.549342487691959e-17,2.865664516656325e-15
308.0,7.549516567451064e-16,3.795709148977054,0.775278543552866,25.127193883508653,25.15272048588554,25.0,-1.5424119413294828e-17,2.865576910542785e-15
309.0,7.549516567451064e-16,3.795615481414953,0.7752472487234732,25.12718921750917,25.15244818529129,25.0,-1.5377031015401174e-17,2.8655061960615936e-15
310.0,-0.09344408148009963,3.795647726662471,0.7752093917987098,25.12718131595966,25.152214502989978,25.0,0.0019098414283266476,-0.35468081544000285
311.0,-0.2633937061610828,3.795785090026727,0.7751654470340767,25.127171812044537,25.152052113278614,25.0,0.005431084187552063,-0.999785902653119
312.0,-0.495980771841565,3.796010305361907,0.775115871030123,25.12716245192894,25.152003230430182,25.0,0.010363237667070273,-1.8827481211719337
313.0,-0.7798510367624446,3.796309007808518,0.7750611027324465,25.127155094758393,25.152119608693965,25.0,0.01657020080260311,-2.9605555156100802
314.0,-1.105708434017663,3.7966692202357315,0.7750015634316937,25.1271517126591,25.152462542295382,25.0,0.023958110873622727,-4.1980091779899125
315.0,-1.372497906268459,3.796975621296103,0.7749376567635596,25.127155884997308,25.15307308623352,25.0,0.030247060179332347,-5.211341090381283
316.0,-1.5909266517976306,3.797238913869882,0.7748697687087879,25.127175489940214,25.15387448706491,25.0,0.035587669214711806,-6.0411285913186825
317.0,-1.769760983118608,3.797467681624657,0.7747982675931706,25.127213809851582,25.15483184979348,25.0,0.04011944446308235,-6.720610137593194
318.0,-1.9161781498772292,3.7976687855197686,0.774723504087549,25.12727329648999,25.155920117042342,25.0,0.043967246923198915,-7.277009947283775
319.0,-2.0360543870810597,3.797847688436666,0.7746458112078123,25.127356018741068,25.157117076187546,25.0,0.04724028392031941,-7.732624447507135
320.0,-2.1342007490431065,3.7980087209637596,0.7745655043148987,25.12746366261746,25.15840335935775,25.0,0.05003253053197508,-8.105713057153107
321.0,-2.2145561938841576,3.798155299002654,0.7744828811147948,25.127597531259084,25.15976244343443,25.0,0.0524238996577691,-8.411228342740262
322.0,-2.2803456677527874,3.798290101929068,0.774398221658536,25.127758544932874,25.161180650051733,25.0,0.054481745669371674,-8.661414378802244
323.0,-2.3342095332378547,3.7984152184586497,0.7743117883422063,25.127947241032814,25.16264714559668,25.0,0.05626245636152979,-8.866297014121928
324.0,-2.378309536390135,3.798532266071815,0.7742238259069382,25.128163774080008,25.16415394120895,25.0,0.05781299505889065,-9.034085512684229
325.0,-2.414415565181743,3.798642488790528,0.7741345614389127,25.128407914975753,25.16568826112666,25.0,0.05917232126807915,-9.171501551496567
326.0,-2.1478910408565164,3.7984131487143555,0.7740442043693597,25.12867769030072,25.167054870429013,25.0,0.052341837233744,-8.158577571595155
327.0,-1.8728894607124058,3.798175142524182,0.7739529464745576,25.12896773810303,25.168190853703038,25.0,0.04536549569664724,-7.11356219437338
328.0,-1.5909474542738162,3.7979296558565125,0.7738609618758332,25.1292728451279,25.169125151248522,25.0,0.0382920274162545,-6.042306517495949
329.0,-1.3033231073884661,3.797677628594736,0.7737684070395624,25.129588526587895,25.169886929867914,25.0,0.031161440932525705,-4.949601007759752
330.0,-1.0110464536298938,3.7974198117729308,0.7736754207771691,25.12991102616286,25.170505582866383,25.0,0.02400668230986426,-3.83936783363692
331.0,-1.0110464536298938,3.7974905026815735,0.7735821242451263,25.13023731599958,25.171010730051933,25.0,0.02417248123020948,-3.8394393054294076
332.0,-1.0110464536298938,3.7975600320493292,0.7734886209449553,25.130565096712417,25.1714322177354,25.0,0.02433731483094261,-3.8395096028501
333.0,-1.0110464536298938,3.7976281945592514,0.7733949967232263,25.130892797382614,25.171800118730232,25.0,0.024500888732222965,-3.839578518314027
334.0,-1.0110464536298938,3.7976948530599977,0.7733013197715578,25.131219575558873,25.172144732352876,25.0,0.024662995322778186,-3.8396459131548113
335.0,-1.0110464536298938,3.7977599385658314,0.7732076406266172,25.131545317257064,25.172496584422277,25.0,0.024823513759905165,-3.839711717624667
336.0,-1.0110464536298938,3.7978234502566184,0.7731139921701201,25.13187050217607,25.172870540161398,25.0,0.02498240996946867,-3.839775930894401
337.0,-1.0110464536298938,3.7978854554778296,0.7730203896288312,25.132195391747643,25.173249415070757,25.0,0.02513973664590181,-3.8398386210534134
338.0,-1.0110464536298938,3.7979460897405404,0.7729268305745637,25.13252009162619,25.17363286308307,25.0,0.025295633252206042,-3.8398999251096955
339.0,-1.0110464536298938,3.7980055567214293,0.7728332949241791,25.13284471092834,25.174021189251448,25.0,0.025450326019951147,-3.8399600489898313
340.0,-1.0110464536298938,3.79806412826278,0.7727397449395876,25.133169361670184,25.174414689715093,25.0,0.025604127949275704,-3.840019267538998
341.0,-1.0110464536298938,3.798126734277681,0.7726444864230853,25.13349415876712,25.174813651699594,25.0,0.025763736323905197,-3.8400825651283395
342.0,-1.0110464536298938,3.7982164018243387,0.7725392900698147,25.133819220033786,25.175218353516755,25.0,0.02596075277886796,-3.840173223183393
343.0,-1.0110464536298938,3.7983289489713417,0.7724255301314966,25.134144666184113,25.175629064564646,25.0,0.026189559754913307,-3.8402870135772367
344.0,-1.0110464536298938,3.7984562390418977,0.7723059987138641,25.13447062083145,25.17604604532744,25.0,0.026439107745225773,-3.8404157097516545
345.0,-1.0110464536298938,3.79859072611089,0.7721832913293044,25.134797210488387,25.176469547375802,25.0,0.026699143285382677,-3.8405516824258186
346.0,-1.0110464536298938,3.7987254550048766,0.7720598068968588,25.13512456456681,25.176899813366447,25.0,0.026960208953351897,-3.840687899596285
347.0,-1.0110464536298938,3.7988540613020936,0.7719377477422226,25.13545281537796,25.17733707704241,25.0,0.027213643369495895,-3.840817926537001
348.0,-1.0110464536298938,3.7989707713324505,0.7718191195977447,25.13578209813238,25.177781563232998,25.0,0.02745158119656634,-3.8409359257992963
349.0,-1.0110464536298938,3.799070402177534,0.7717057316024285,25.136112543316642,25.178232922217774,25.0,0.027666953139708586,-3.8410366572118897
350.0,-1.0110464536298938,3.799148361670606,0.771599196301931,25.136444251851685,25.178689648053307,25.0,0.027853485946460345,-3.841115477880887
351.0,-1.0110464536298938,3.7992006483966048,0.7715009296485634,25.13677729716693,25.179150550853024,25.0,0.028005702406750765,-3.84116834218978
352.0,-1.0110464536298938,3.799223851692144,0.7714121510012908,25.137111721874874,25.17961437097108,25.0,0.028118921352901345,-3.8411918017994475
353.0,-1.0110464536298938,3.7992151516455133,0.7713338831257321,25.137447537670255,25.18007976840056,25.0,0.02818925765962548,-3.8411830056481553
354.0,-1.0110464536298938,3.799172319096678,0.7712669521941606,25.137784725329993,25.180545322773014,25.0,0.02821362224402936,-3.8411396999515555
355.0,-1.0110464536298938,3.7990937156372793,0.7712119877855033,25.138123234713305,25.181009533358804,25.0,0.02818972206561017,-3.841060228202687
356.0,-1.0110464536298938,3.798978293610634,0.771169422885341,25.13846298476153,25.181470819066988,25.0,0.028116060126257898,-3.840943531171977
357.0,-1.0110464536298938,3.7988255961117354,0.7711394938859089,25.138803879490865,25.181927249607327,25.0,0.027991935470254865,-3.840789146907237
358.0,-1.0110464536298938,3.7986357569872515,0.7711222405860959,25.139146526144827,25.182319851856732,25.0,0.027817443184274402,-3.8405972107336677
359.0,-0.6716051701801724,3.7980269505090796,0.771117506191445,25.139486744308442,25.18253853331271,25.0,0.01807252193039762,-2.5507745364455316
360.0,-0.33216388673045116,3.7973830423536876,0.7711249373141531,25.139818627216584,25.182514850316636,25.0,0.00872199422810757,-1.2613535107525062
361.0,0.007277396719270168,3.796705938622771,0.771143983973071,25.14013693973459,25.18221536293788,25.0,-0.00018602448490584274,0.027630135341766917
362.0,0.3467186801689915,3.795998136169702,0.7711738995937039,25.140437118358534,25.18164163497346,25.0,-0.008607026541832244,1.3161434636967109
363.0,0.6861599636187128,3.795262722599529,0.7712137410082104,25.1407152712153,25.1808302339482,25.0,-0.016501448333764684,2.6041573316623494
364.0,0.6861599636187128,3.794885926595422,0.7712623684554034,25.14096817806228,25.179852731114863,25.0,-0.016209539793898334,2.6038987893298797
365.0,0.6861599636187128,3.7944894669393334,0.7713184455807498,25.14119329028756,25.178815701453743,25.0,-0.01589902717241278,2.603626754586682
366.0,0.6861599636187128,3.7940782034913383,0.7713804394363704,25.141388991179383,25.177849110299064,25.0,-0.01557429695818155,2.603344562074168
367.0,0.6861599636187128,3.793657586863187,0.7714466204810398,25.141558100971167,25.176923060997183,25.0,-0.015240275884709243,2.6030559517838983
368.0,0.6861599636187128,3.793233658418307,0.7715150625801871,25.14170273699301,25.176020513238882,25.0,-0.014902430930132477,2.602765069057582
369.0,0.6861599636187128,3.7928130502718003,0.7715836430058949,25.14182431316368,25.175158623362677,25.0,-0.014566769317219258,2.6024764645870775
370.0,0.6861599636187128,3.7924029852904453,0.7716500424368998,25.141924457857385,25.174352468979293,25.0,-0.014239838513368679,2.6021950944143897
371.0,0.5489279708949703,3.792165937548496,0.7717117449585927,25.142005013903315,25.173615048971783,25.0,-0.011227878434669474,2.0816259533955184
372.0,0.41169597817122766,3.7919556509602836,0.7717660380630182,25.14206803858582,25.172957283495236,25.0,-0.008311982430637289,1.5611328909040083
373.0,0.2744639854474851,3.7917811206476117,0.771810012648875,25.1421158036444,25.172388013977184,25.0,-0.005481349895134904,1.0407073583174749
374.0,0.13723199272374256,3.7916519324839637,0.7718405630215158,25.14215079527372,25.17191400311731,25.0,-0.0027187537099177947,0.5203359504096038
375.0,0.0,3.7915782630944967,0.7718543868929472,25.142175897543268,25.171535645184747,25.0,-0.0,0.0
376.0,0.0,3.7913810542505284,0.7718594162488349,25.142194175149143,25.17120961518168,25.0,-0.0,0.0
377.0,0.0,3.7911525055138715,0.7718758693610028,25.142205273103002,25.17090478555832,25.0,-0.0,0.0
378.0,0.0,3.790903053802495,0.771900196157028,25.14220859056809,25.170603274894916,25.0,-0.0,0.0
379.0,0.0,3.7906446332699253,0.7719283586614145,25.14220385953888,25.170294276007894,25.0,-0.0,0.0
380.0,0.0,3.790388188363734,0.7719566405449632,25.142191144840865,25.16997405595032,25.0,-0.0,0.0
381.0,0.0,3.7901436738255394,0.7719816471247705,25.142170844130874,25.169645956011266,25.0,-0.0,0.0
382.0,0.0,3.789920054691004,0.7720003053642296,25.14214368789669,25.16932039171644,25.0,-0.0,0.0
383.0,0.0,3.7897253062898386,0.7720098638730297,25.142110739457394,25.169014852827672,25.0,-0.0,0.0
384.0,-0.09902779298274052,3.78967801856849,0.7720078929071563,25.142073394963006,25.168753903343145,25.0,0.0017498335459693822,-0.3752834502940427
385.0,-0.2791326854898906,3.7897639570132324,0.7719922843688911,25.142033383394846,25.16856918149756,25.0,0.004960654710861722,-1.0578469906938979
386.0,-0.5256178927480392,3.7899715645594743,0.7719612518068117,25.14199276656535,25.16849939976163,25.0,0.009466542636786557,-1.99207686733874
387.0,-0.8264507050918259,3.7902912968493143,0.7719133304157926,25.14195393911814,25.168590344842755,25.0,0.015188483317136485,-3.132488914784527
388.0,-1.1717795730753622,3.7907150779864685,0.7718473770370038,25.141919628527774,25.16889487768435,25.0,0.022108786563474963,-4.4418824957333225
389.0,-1.4545109372190896,3.7911242506233873,0.771762570157912,25.14189463966244,25.16942684210875,25.0,0.028161775999972057,-5.514231686888242
390.0,-1.685991799903249,3.7915326502197857,0.77165840991228,25.14188443164221,25.17013697524078,25.0,0.0335078061877581,-6.3924929573359925
391.0,-1.8755123009317916,3.791950804445299,0.7715347180801666,25.14189183919757,25.171008309949627,25.0,0.038290621114688256,-7.111850378265361
392.0,-2.030678563462607,3.79238635337685,0.7713916380879273,25.141919474292422,25.172025725892013,25.0,0.0426335182832124,-7.701117672170495
393.0,-2.1577179544367566,3.7928443935271496,0.7712296350082133,25.141969740503384,25.173175672492903,25.0,0.04663855253711949,-8.183888446298322
394.0,-2.2617290106795904,3.7933277595114157,0.7710494955599723,25.142044833019895,25.17444616894568,25.0,0.05038739588655282,-8.579479440703182
395.0,-2.3468860610857227,3.7938372546565735,0.7708523281084482,25.14214673864427,25.175826804211738,25.0,0.05394300373086958,-8.903703770981238
396.0,-2.416606757094635,3.794371839808102,0.7706395626651811,25.142277235791596,25.177308737021008,25.0,0.05735158130482096,-9.16950462700986
397.0,-2.4736892350431323,3.794928787912006,0.7704129508880072,25.14243789448983,25.17888469587143,25.0,0.060644562134332856,-9.387474490413211
398.0,-2.520424415201463,3.795503810575828,0.7701745660810592,25.142630076379646,25.180548979029368,25.0,0.06384044624321752,-9.566280472165506
399.0,-2.5586879444477284,3.796091161688046,0.7699268031947658,25.142854934714535,25.182297454529362,25.0,0.06694642865096073,-9.713012691435777
400.0,-2.5900154725629445,3.796683722254452,0.7696723788258519,25.143113414360926,25.184127560174204,25.0,0.06995979741478113,-9.833469585066904
401.0,-2.6156642832487873,3.797273069856316,0.7694143312173388,25.1434062517979,25.186038303535042,25.0,0.07286910763432992,-9.932391542565643
402.0,-2.6366637533371615,3.79784953551791,0.7691560202585439,25.143734447486395,25.18803992609179,25.0,0.07565515164019218,-10.013652210928448
403.0,-2.6538566652968547,3.798402250265704,0.7689011274850808,25.144101993884703,25.190193377170147,25.0,0.07829175132509311,-10.08041512934621
404.0,-2.667933031053218,3.798919393790505,0.7686536661555672,25.144508780604724,25.192454484653467,25.0,0.08074693446610554,-10.135262533002354
405.0,-2.679457784589526,3.79939574745201,0.7684162427332106,25.14495354542663,25.1947643194041,25.0,0.08300827508151054,-10.18032051224663
406.0,-2.688893454731346,3.7998350933204335,0.7681880782124596,25.145434899703332,25.197073155933992,25.0,0.08509545178560925,-10.217351711487787
407.0,-2.696618728052354,3.800241495552078,0.7679680819280511,25.145951328359843,25.19934047240497,25.0,0.08702909159672528,-10.24780238802742
408.0,-2.56028466502113,3.8004579490036643,0.7677552276359351,25.146501189893684,25.201534950628343,25.0,0.08372827602225114,-9.730254206891738
409.0,-2.4221368446936866,3.8006479712894015,0.7675485535132751,25.147082716374825,25.20363447606519,25.0,0.08017131933345996,-9.205689484970373
410.0,-2.2825040454892074,3.8008149245242175,0.7673471621584483,25.147694013445516,25.205626137826357,25.0,0.07639030299333535,-8.675375441382283
411.0,-2.141655448410429,3.800961888391791,0.7671502205910451,25.14833306032051,25.207506228672116,25.0,0.072412942565307,-8.140350737474671
412.0,-1.9998114402224343,3.8010916723197323,0.7669569602518693,25.148997709786954,25.209280245012735,25.0,0.06826298770200723,-7.601466611639225
413.0,-1.9998114402224343,3.8013676021203544,0.7667666770029383,25.149685688204386,25.210962886907907,25.0,0.06919532589208424,-7.602018419211207
414.0,-1.9998114402224343,3.801631950118232,0.7665787311274829,25.150394595504622,25.21257805806721,25.0,0.07009982835431877,-7.602547065361563
415.0,-1.9998114402224343,3.8018866315702073,0.766392547329947,25.151121905192042,25.21415886584964,25.0,0.07098147572388723,-7.603056380242836
416.0,-1.9998114402224343,3.8021333464681595,0.7662076147359885,25.15186496434336,25.2157476212642,25.0,0.07184468931635338,-7.603549763518234
417.0,-1.9998114402224343,3.802373579539006,0.7660234868924782,25.152620993607627,25.21739583896931,25.0,0.07269333112766742,-7.6040301843616325
418.0,-1.9998114402224343,3.8026086002447026,0.7658397817675009,25.15339090513379,25.21910770242164,25.0,0.07353070383416599,-7.604500181457573
419.0,-1.9998114402224343,3.8028394627822446,0.7656561817503542,25.15417829569452,25.220836895464913,25.0,0.0743595507925767,-7.604961863001269
420.0,-1.9998114402224343,3.8030670060836647,0.7654724336515496,25.154983078503562,25.222583084084363,25.0,0.07518205604001087,-7.605416906698594
421.0,-1.9998114402224343,3.803291853816033,0.7652883487028118,25.155805157179145,25.22434612839146,25.0,0.0759998442939681,-7.605866559766094
422.0,-1.9998114402224343,3.803514414381459,0.7651038025570791,25.15664443835442,25.226125909733923,25.0,0.07681398095233444,-7.606311638930975
423.0,-1.9998114402224343,3.8037348809170903,0.7649187352885031,25.157500831677112,25.227922330695378,25.0,0.07762497209338506,-7.606752530431116
424.0,-1.9998114402224343,3.8039532312951123,0.7647331513924488,25.158374249809697,25.22973531509541,25.0,0.07843276447578071,-7.607189190015061
425.0,-1.9998114402224343,3.8041692281227486,0.7645471197854948,25.15926460842951,25.2315648079898,25.0,0.07923674553856945,-7.60762114294202
426.0,-1.9998114402224343,3.8043824187422626,0.7643607738054331,25.16017182622852,25.233410775670052,25.0,0.0800357434011885,-7.608047483981872
427.0,-1.9998114402224343,3.8045921352309535,0.7641743112112689,25.161095824913446,25.23527320566393,25.0,0.08082802686345887,-7.60846687741516
428.0,-1.9998114402224343,3.8047974944011607,0.7639879941832212,25.162036529205807,25.237152106735095,25.0,0.08161130540559156,-7.608877557033095
429.0,-1.9998114402224343,3.804997397800262,0.7638021493227221,25.16299386684176,25.239047508883175,25.0,0.08238272918818582,-7.609277326137557
430.0,-1.9998114402224343,3.8052038464623505,0.7636126531784112,25.16396776857232,25.240959463343984,25.0,0.08317454414172104,-7.60969018453382
431.0,-1.9998114402224343,3.8054521091974336,0.7634075044031089,25.164958168163196,25.242888042589072,25.0,0.08408128166731778,-7.6101866631916195
432.0,-1.9998114402224343,3.805729071386251,0.7631911343797249,25.16596496234655,25.244836400553993,25.0,0.08506785306910834,-7.610740535345326
433.0,-1.9998114402224343,3.806019149918405,0.7629688273003379,25.166988217585242,25.246808123312576,25.0,0.08609252767687338,-7.61132063771249
434.0,-1.9998114402224343,3.8063081374649936,0.7627454161355264,25.168028084874834,25.24880307811003,25.0,0.08711722848188626,-7.61189855831424
435.0,-1.9998114402224343,3.8065832024786106,0.7625252826343677,25.169084650060597,25.25082038755994,25.0,0.08810753213691663,-7.612448636475277
436.0,-1.9998114402224343,3.8068328891933456,0.762312357324439,25.17015793381063,25.252858430556444,25.0,0.08903266895622332,-7.612947962823875
437.0,-1.9998114402224343,3.807047117624784,0.7621101195118167,25.171247891615906,25.254914842273934,25.0,0.0898655229155623,-7.6133763792918865
438.0,-1.9998114402224343,3.8072171835700064,0.7619215972810763,25.17235441379006,25.256986514167465,25.0,0.09058263165218142,-7.613716479114735
439.0,-1.9998114402224343,3.8073357586075898,0.7617493674952931,25.173477325469605,25.2590695939723,25.0,0.0911641864648212,-7.613953606831418
440.0,-1.9998114402224343,3.8073968900976047,0.7615955557960414,25.17461638661382,25.26115948570424,25.0,0.09159403231371493,-7.614075858284508
441.0,-1.9998114402224343,3.8073960011816195,0.7614618366033952,25.175771292004868,25.26325084965947,25.0,0.09185966782058952,-7.614074080620152
442.0,-1.9998114402224343,3.8073298907826985,0.7613494331159275,25.176941786111342,25.26534605171622,25.0,0.0919522452686681,-7.613941872288072
443.0,-1.9998114402224343,3.8071967336053993,0.761259117310711,25.178131424005528,25.267648658460473,25.0,0.09186657060266215,-7.6136755830415614
444.0,-1.9998114402224343,3.806996080135778,0.7611912099433178,25.17933798965612,25.269859731042402,25.0,0.09160110342878118,-7.613274313937492
445.0,-1.4640752611140695,3.8061250819675276,0.7611455805478191,25.180553195779396,25.27156593622493,25.0,0.06585337528583782,-5.572453573214418
446.0,-0.9283390820057047,3.805189815823551,0.7611216474367856,25.1817653505708,25.272498461375505,25.0,0.04091020298584077,-3.5325064204790917
447.0,-0.39260290289733996,3.8041939595343885,0.7611183777012872,25.182959357704817,25.27253301446615,25.0,0.016911598471666765,-1.4935375916977267
448.0,0.1431332762110248,3.803142566712078,0.7611342872108936,25.184116716334927,25.271689824073178,25.0,-0.006012782672992713,0.5443562554711057
449.0,0.6788694553193896,3.802042066750153,0.7611674406136736,25.18521576878652,25.270141106935853,25.0,-0.027748535181654106,2.5810902269560825
450.0,0.6788694553193896,3.8015040394974955,0.7612154513361953,25.18624649182783,25.26837001311901,25.0,-0.027350691900647723,2.580724976688124
451.0,0.6788694553193896,3.800933891236775,0.7612754815835262,25.187211122581687,25.266577507419697,25.0,-0.026922882960133062,2.5803379204489176
452.0,0.6788694553193896,3.8003421787060114,0.7613442423392334,25.188111126973524,25.264799627571847,25.0,-0.026474507819893633,2.5799362248854525
453.0,0.6788694553193896,3.7997408344247208,0.761417993365383,25.188948629627987,25.263066352156443,25.0,-0.026016206236242914,2.579527990620753
454.0,0.6788694553193896,3.7991431666939133,0.7614925432025409,25.189726413868925,25.26140160060129,25.0,-0.02555985826202195,2.5791222522538777
455.0,0.6788694553193896,3.798563859596095,0.761563249169772,25.190447921719283,25.259823233181464,25.0,-0.025118584246601443,2.578728978359919
456.0,0.5430955642555116,3.798171990170498,0.7616250173646407,25.191117228670862,25.258345460271016,25.0,-0.019848498817826875,2.0627703601411262
457.0,0.40732167319163376,3.797831976887392,0.7616723026632111,25.191738539534924,25.25704024176997,25.0,-0.014728619007056885,1.5469392753264626
458.0,0.2715477821277559,3.797523156593028,0.7617117038316472,25.19231705238468,25.255922192256946,25.0,-0.009724520572125332,1.0312089907516313
459.0,0.135773891063878,3.7972109570000487,0.7617540962136962,25.192857701262994,25.254966553742747,25.0,-0.004814115953873051,0.5155621068222885
460.0,1.3322676295501878e-16,3.7969033771557292,0.7617966905509481,25.19336465207482,25.254144799929804,25.0,-4.67715021443104e-18,5.058491461914366e-16
461.0,1.3322676295501878e-16,3.796454749964334,0.7618369142567069,25.193841302587657,25.253424636212287,25.0,-4.61202219183557e-18,5.057893770429534e-16
462.0,1.3322676295501878e-16,3.796024706220689,0.7618724394180993,25.194290282431155,25.252769999676218,25.0,-4.549995953684917e-18,5.057320837070585e-16
463.0,1.3322676295501878e-16,3.7956191230844976,0.7619011827960749,25.194713453097393,25.252141059099188,25.0,-4.4921320381368995e-18,5.056780491787146e-16
464.0,1.3322676295501878e-16,3.795243141255567,0.7619213058254056,25.195111032777504,25.251480244757317,25.0,-4.439360270079967e-18,5.056279583367162e-16
465.0,1.3322676295501878e-16,3.7949011649738087,0.7619312146146865,25.195482397064666,25.250781287673988,25.0,-4.3924797611332585e-18,5.055823979436903e-16
466.0,1.3322676295501878e-16,3.7945968620192425,0.7619295599463352,25.195829760841775,25.250122624767187,25.0,-4.3521589096469555e-18,5.055418566460957e-16
467.0,-0.07334460103943208,3.7944158230773617,0.761915237276592,25.196155896489756,25.249571115941762,25.0,0.002383742499105134,-0.2782999147213174
468.0,-0.20673868252208272,3.7943452594074825,0.7618873867355204,25.196464047527797,25.249179620676614,25.0,0.00671029783367052,-0.7844379399638131
469.0,-0.3892971203499512,3.7943743618750787,0.7618453931270057,25.19675792861335,25.248986998024407,25.0,0.012663433861577677,-1.4771390126076518
470.0,-0.6121079286729341,3.7944938086125366,0.761788885928757,25.197041725541908,25.249018106611857,25.0,0.020018942481375607,-2.3226397455520926
471.0,-0.867874590604556,3.7946953619258674,0.7617177392923055,25.19732009524722,25.249283804639674,25.0,0.02862044074221249,-3.2933196837004197
472.0,-1.0772786223400743,3.7948888789044712,0.7616320720430051,25.19759816580131,25.24978094988245,25.0,0.03582684707914839,-4.088152663399878
473.0,-1.248724142940461,3.7950823435512833,0.7615322476800329,25.197881536414343,25.25049239968871,25.0,0.04189481471239531,-4.739010946839552
474.0,-1.389091863133462,3.795281286528151,0.7614188743763882,25.198176263586447,25.25138831856475,25.0,0.04703800118608318,-5.271994353418951
475.0,-1.5040152323949172,3.7954890963735997,0.7612928049788936,25.198487153053748,25.25245906043756,25.0,0.0514317431490501,-5.708473415334714
476.0,-1.5981065290566074,3.795707274306375,0.7611551370081939,25.198815821862638,25.253675057733005,25.0,0.05521799620908049,-6.065944577456677
477.0,-1.6751419672305168,3.795935642840956,0.761007212658757,25.199163274945533,25.254996635434907,25.0,0.05851007924767969,-6.358731100229035
478.0,-1.738213249540334,3.7961725165874776,0.7608506187988734,25.199530254925662,25.256388819019776,25.0,0.061396990735057916,-6.598557365873226
479.0,-1.7898516480034445,3.7964148420908868,0.7606871869706564,25.199917242117067,25.25782133445699,25.0,0.06394720239623942,-6.795019361621111
480.0,-1.832129592864888,3.7966583123215587,0.7605189933900419,25.200324454524832,25.259268608208686,25.0,0.06621191568041072,-6.95597004800079
481.0,-1.8667438464998871,3.796897460412284,0.7603483589467886,25.200751847844856,25.260709767229855,25.0,0.0682278102558096,-7.087834970015679
482.0,-1.809856906738959,3.7970296859198163,0.7601778492044782,25.20119911546385,25.26212863896825,25.0,0.06669655120526738,-6.87208040215484
483.0,-1.7448431535340365,3.797140099732166,0.7600102744005147,25.201665688459457,25.263513751364428,25.0,0.06478572152184238,-6.625413906027219
484.0,-1.6731757282379882,3.7972207735815453,0.7598486894461252,25.2021507356003,25.264858332851702,25.0,0.06253006408904963,-6.3534176331177195
485.0,-1.5960607369800386,3.7972638125094407,0.759696062912029,25.202653163345758,25.266160312356305,25.0,0.059960410109123126,-6.060663679101449
486.0,-1.5144856559396593,3.7972863122696543,0.7595475451011231,25.203171615846145,25.267422319297168,25.0,0.05715482154958402,-5.750935651428398
487.0,-1.5144856559396593,3.797394429284824,0.7594003120574889,25.203704474942697,25.268651683586086,25.0,0.05754154555088578,-5.751099393097035
488.0,-1.5144856559396593,3.7974966291930716,0.7592542471496253,25.20424986016741,25.269860435627606,25.0,0.057917539053760826,-5.751254173392114
489.0,-1.5144856559396593,3.797593296301355,0.7591092387126959,25.20480621342864,25.27106479017101,25.0,0.05828355320037737,-5.751400574341011
490.0,-1.5144856559396593,3.7976847984691386,0.7589651800485289,25.205374243908636,25.272273722744956,25.0,0.05864030670146783,-5.751539153061606
491.0,-1.5144856559396593,3.7977714871083896,0.7588219694256174,25.20595388294788,25.27348732482818,25.0,0.05898848583632412,-5.751670441762285
492.0,-1.5144856559396593,3.7978536971835815,0.7586795100791192,25.206544927438244,25.274705407455656,25.0,0.059328744452801674,-5.751794947741937
493.0,-1.5144856559396593,3.7979317472116914,0.7585377102108567,25.20714717614544,25.27592779706282,25.0,0.05966170396731743,-5.751913153389955
494.0,-1.5144856559396593,3.798005939262202,0.7583964829893172,25.20776042970914,25.27715433548576,25.0,0.05998795336485052,-5.752025516186238
495.0,-1.5144856559396593,3.7980765589571,0.7582557465496526,25.208384490642914,25.278384879960925,25.0,0.0603080491989409,-5.752132468701188
496.0,-1.5144856559396593,3.7981438754708776,0.7581154239936795,25.209019163334347,25.2796193031254,25.0,0.06062251559169072,-5.7522344185957115
497.0,-1.5144856559396593,3.798208141530532,0.7579754433898793,25.20966425404481,25.280857493016583,25.0,0.06093184423376564,-5.752331748621222
498.0,-1.5144856559396593,3.798269593415563,0.7578357377733983,25.210319570909746,25.282099353072567,25.0,0.06123649438439015,-5.752424816619632
499.0,-1.5144856559396593,3.7983284509579773,0.7576962451460472,25.210984923938327,25.28334480213175,25.0,0.0615368928713536,-5.752513955523362
500.0,-1.5144856559396593,3.7983849175422857,0.7575569084763014,25.21166012501385,25.28459377443329,25.0,0.061833434091004856,-5.752599473355337
501.0,-1.5144856559396593,3.798439180105503,0.7574176756993013,25.212344987893403,25.28584621961653,25.0,0.06212648000825561,-5.752681653228985
502.0,-1.5144856559396593,3.798491409137151,0.757278499716852,25.213039328208026,25.28710210272152,25.0,0.06241636015658041,-5.752760753348239
503.0,-1.5144856559396593,3.798541758679254,0.7571393383974232,25.213742963462664,25.288361404188777,25.0,0.06270337163801466,-5.752837007007537
504.0,-1.5144856559396593,3.7985903663263403,0.7570001545761492,25.214455714847077,25.289624095266788,25.0,0.06298777912315458,-5.752910622591818
505.0,-1.5144856559396593,3.7986373532254456,0.7568609160548293,25.215177419684437,25.290890136064604,25.0,0.06326981485115993,-5.75298178357653
506.0,-1.5144856559396593,3.7986828240761095,0.7567215956019274,25.21590792411405,25.292159526411865,25.0,0.06354967862975265,-5.7530506485276245
507.0,-1.5144856559396593,3.7987268671303753,0.7565821709525722,25.21664707673284,25.293432265116166,25.0,0.06382753783521482,-5.753117351101554
508.0,-1.5144856559396593,3.798769554192791,0.7564426248085568,25.217394728567967,25.29470834920528,25.0,0.06410352741239074,-5.7531820000452765
509.0,-1.5144856559396593,3.798810940620411,0.7563029448383396,25.2181507330763,25.29598777392738,25.0,0.06437774987468753,-5.753244679196257
510.0,-1.5144856559396593,3.798851065322793,0.7561631236770431,25.21891494614505,25.29727053275093,25.0,0.06465027530407451,-5.753305447482464
511.0,-1.5144856559396593,3.7988899507619998,0.756023158926455,25.219687226091082,25.29855661736474,25.0,0.06492114135108115,-5.753364338922367
512.0,-1.5144856559396593,3.7989276029525993,0.7558830531550276,25.220467433661554,25.299846017677964,25.0,0.0651903532347998,-5.7534213626249455
513.0,-1.5144856559396593,3.798964011461663,0.7557428138978776,25.2212554320335,25.30113872181994,25.0,0.06545788374288428,-5.753476502789676
514.0,-1.5144856559396593,3.7989991494087687,0.7556024536567869,25.22205108681385,25.302434716140567,25.0,0.06572367323155129,-5.753529718706547
515.0,-1.5144856559396593,3.799032973465998,0.755461989900202,25.222854266039803,25.303733985209817,25.0,0.06598762962557769,-5.753580944756046
516.0,-1.5144856559396593,3.799065423857937,0.7553214450632338,25.223664840178287,25.305036511818116,25.0,0.06624962841830387,-5.7536300904091675
517.0,-1.5144856559396593,3.7990964243616783,0.7551808465476584,25.224482682126393,25.30634227697624,25.0,0.06650951267163237,-5.7536770402274104
518.0,-1.5144856559396593,3.799125882306816,0.7550402267219162,25.225307667211155,25.307651259915133,25.0,0.0667670930160246,-5.753721653862775
519.0,-1.5144856559396593,3.799153688575452,0.7548996229211126,25.226139673189607,25.308963438086266,25.0,0.06702214765050614,-5.75376376605777
520.0,-1.5144856559396593,3.7991797176021915,0.7547590774470176,25.226978577013597,25.31027875325549,25.0,0.0672744223426654,-5.7538031866454045
521.0,-1.5144856559396593,3.7992038273741455,0.7546186375680662,25.227824172155238,25.31159634443685,25.0,0.067523630428651,-5.7538397005491975
522.0,-1.5144856559396593,3.799226413785761,0.7544781636062348,25.228676370160542,25.31291678288568,25.0,0.06777058302528904,-5.753873907345608
523.0,-1.5144856559396593,3.7992616957479375,0.7543327238663715,25.22953514457072,25.314241187564676,25.0,0.06804428345074526,-5.753927341371238
524.0,-1.5144856559396593,3.799312754352322,0.7541812285449434,25.230400465527453,25.315570487919558,25.0,0.06835104846594268,-5.75400466889519
525.0,-1.5144856559396593,3.7993754349931974,0.7540250947698457,25.231272299772684,25.31690542387895,25.0,0.06868243976024685,-5.754099597826701
526.0,-1.5144856559396593,3.7994458048915867,0.7538656675470653,25.232150610648773,25.318246545854322,25.0,0.06903046420403436,-5.754206172028422
527.0,-1.5144856559396593,3.7995201530952536,0.7537042197606805,25.233035358098448,25.31959421474022,25.0,0.06938757384869565,-5.75431877131642
528.0,-1.5144856559396593,3.7995949904787034,0.7535419521728607,25.2339264986648,25.320948601913983,25.0,0.06974666592663563,-5.754432111460183
529.0,-1.5144856559396593,3.7996670497431833,0.753379993423867,25.234823985491232,25.32230968923608,25.0,0.07010108285127299,-5.754541244182615
530.0,-1.5144856559396593,3.799733285416681,0.7532194000320516,25.23572776832151,25.323677269049654,25.0,0.07044461221704026,-5.754641557160039
531.0,-1.5144856559396593,3.7997908738539277,0.7530611563938582,25.236637793499824,25.325050944181044,25.0,0.0707714867993851,-5.754728774022197
532.0,-1.5144856559396593,3.799837213236391,0.7529061747838218,25.23755400397073,25.32643012793926,25.0,0.07107638455476559,-5.754798954352243
533.0,-1.5144856559396593,3.799869923572284,0.7527552953545691,25.238476339278975,25.327814044116508,25.0,0.07135442862065634,-5.754848493686754
534.0,-1.5144856559396593,3.7998868466965603,0.7526092861368175,25.239404735569906,25.329201726987776,25.0,0.07160118731554577,-5.754874123515724
535.0,-1.5144856559396593,3.799886046270913,0.7524688430393766,25.24033912558906,25.330592021310963,25.0,0.07181267413893538,-5.754872911282563
536.0,-1.5144856559396593,3.79986580778378,0.7523345898491466,25.241279438682398,25.331983582326984,25.0,0.0719853477713412,-5.754842260384102
537.0,-1.5144856559396593,3.799824638550336,0.7522070782311197,25.24222661679579,25.333349586849806,25.0,0.07211611207429168,-5.754779910170584
538.0,-1.5144856559396593,3.7997612677125,0.752086787728379,25.243180731904545,25.334507792852435,25.0,0.07220231609033045,-5.7546839359456765
539.0,-1.124384551950893,3.799235002294736,0.7519741257620993,25.244130891313148,25.335332274090263,25.0,0.053139399484952776,-4.271801145811317
540.0,-0.7342834479621267,3.798684659036639,0.7518694276315465,25.245066338627282,25.33574634267842,25.0,0.034375649533274835,-2.7893112691582593
541.0,-0.34418234397336034,3.798109632560353,0.7517729565140783,25.245977648955375,25.33570964333802,25.0,0.015948265773540464,-1.3072422760024207
542.0,0.04591876001540607,3.7975095393147593,0.7516849034651432,25.246856728908313,25.335218153396,25.0,-0.0021042104563718162,0.1743769291920097
543.0,0.4360198640041725,3.796884217575483,0.7516053874182814,25.247696816599728,25.33430418278533,25.0,-0.019742469367410184,1.6555169401868508
544.0,0.4360198640041725,3.7966733713890854,0.7515344551851246,25.248492481645712,25.333036374044696,25.0,-0.01968146410454596,1.655425007061332
545.0,0.4360198640041725,3.7964376387404775,0.7514720814553957,25.249239625164876,25.33151970231887,25.0,-0.019605876172312315,1.6553222229439446
546.0,0.4360198640041725,3.7961775233855084,0.7514181687969089,25.249935479778628,25.3298954753584,25.0,-0.019515967700634854,1.6552088074822457
547.0,0.3488158912033381,3.7959920297841134,0.7513725476555698,25.250578609610784,25.328341333519802,25.0,-0.015563984423698775,1.324102342869914
548.0,0.26161191840250375,3.7957838264682775,0.7513349763553756,25.251170645460093,25.327031938192988,25.0,-0.011628348948821145,0.9930222886835625
549.0,0.17440794560166933,3.7955540826740717,0.7513051410984147,25.251720701232045,25.32592252971051,25.0,-0.007717366995258254,0.6619747899792134
550.0,0.08720397280083494,3.79530418946431,0.7512826559648668,25.252233233043512,25.32495422030331,25.0,-0.003838852609936292,0.3309656033089406
551.0,5.551115123125783e-16,3.795035759728546,0.7512670629130029,25.252711559048294,25.324084380364127,25.0,-2.429650748122561e-17,2.1066680398632276e-15
552.0,5.551115123125783e-16,3.794652349305729,0.7512578317791858,25.25315849183073,25.323278282675346,25.0,-2.4088796250233042e-17,2.1064552043235813e-15
553.0,5.551115123125783e-16,3.794254293616244,0.7512543602778693,25.253576338406333,25.32250910240907,25.0,-2.386975802480419e-17,2.1062342390278066e-15
554.0,5.551115123125783e-16,3.793843871029868,0.7512559740015987,25.253966900221144,25.32175791712706,25.0,-2.364103192557386e-17,2.1060064087251964e-15
555.0,5.551115123125783e-16,3.7934235817431214,0.7512619264210106,25.25433147315232,25.321013706780775,25.0,-2.3404420247457667e-17,2.1057731013036216e-15
556.0,5.551115123125783e-16,3.7929961477792644,0.7512713988848331,25.25467084750767,25.320273353711343,25.0,-2.3161888459649312e-17,2.105535827789531e-15
557.0,5.551115123125783e-16,3.792564512988299,0.7512835006198855,25.25498530802588,25.319541642649597,25.0,-2.2915565205623296e-17,2.1052962223479514e-15
558.0,5.551115123125783e-16,3.7921318430469695,0.7512972687310785,25.255274636278273,25.318818978447837,25.0,-2.266774230313369e-17,2.105056042282488e-15
559.0,5.551115123125783e-16,3.79170152545876,0.7513116682014145,25.255538931446267,25.318062776296586,25.0,-2.242087474421315e-17,2.104817168035322e-15
560.0,5.551115123125783e-16,3.7912771695538954,0.7513255918919868,25.255779371426115,25.317295955090515,25.0,-2.2177580695174393e-17,2.104581603187214e-15
561.0,5.551115123125783e-16,3.790862606489344,0.7513378605419804,25.25599741908195,25.31654918244601,25.0,-2.1940641496610443e-17,2.104351474457502e-15
562.0,5.551115123125783e-16,3.7904618892488138,0.7513472227686715,25.25619475819849,25.315850004448237,25.0,-2.1713001663392907e-17,2.1041290317041016e-15
563.0,5.551115123125783e-16,3.790079292642755,0.7513523550674277,25.256373293481374,25.31522284565102,25.0,-2.1497768884673704e-17,2.1039166479235066e-15
564.0,5.551115123125783e-16,3.789724665041041,0.7513499114974335,25.256535150556886,25.31468900907703,25.0,-2.1302267474213524e-17,2.1037197900592113e-15
565.0,-0.05502768916725194,3.789485128815578,0.7513307653698784,25.25668267597206,25.314266676217585,25.0,0.0020995464520642292,-0.20852660977238732
566.0,-0.15510823972655013,3.7893473507237903,0.7512954006684585,25.25681843719468,25.31397090703274,25.0,0.005902170991244807,-0.5877589972832333
567.0,-0.2920749534216759,3.7892968627439885,0.7512454535618294,25.25694522261324,25.313813639951434,25.0,0.01111386356450773,-1.106758704686853
568.0,-0.4592415032391551,3.7893210959115553,0.7511824895769383,25.25706604153703,25.313803691871215,25.0,0.01751483090455494,-1.7402135163422652
569.0,-0.6511335876279202,3.78940907789325,0.7511080035990253,25.257184124196044,25.313946758158465,25.0,0.024939115915200878,-2.4674115278784408
570.0,-0.8082415383892375,3.7894891691763015,0.7510234198716217,25.25730292174103,25.314245412648177,25.0,0.031089616393307554,-3.0628225558044075
571.0,-0.9368706492305894,3.7895641343886872,0.7509300919965511,25.257426106243543,25.314699107644287,25.0,0.03619510037832098,-3.550331410885686
572.0,-1.0421832580174804,3.7896356807258336,0.7508293029339294,25.257557570695667,25.31530417391923,25.0,0.04044335723902196,-3.9494948604381412
573.0,-1.1284059295181788,3.789704691445565,0.7507222650021639,25.257701431137377,25.316053833100227,25.0,0.0439880011457383,-4.276325244950036
574.0,-1.198999082288341,3.789771417037608,0.7506101198779545,25.25786245162749,25.316938962563995,25.0,0.046954359355643224,-4.543932451110678
575.0,-1.2567958674180049,3.7898356317399338,0.7504939385962929,25.258041725848557,25.317922151645632,25.0,0.04944447736015303,-4.763049760164252
576.0,-1.304115872832701,3.7898967616835106,0.7503747215504628,25.258238288875475,25.318958268431402,25.0,0.05154131986423639,-4.942464523308718
577.0,-1.342858216501529,3.789953989808346,0.75025339849204,25.258451121547296,25.320008427815935,25.0,0.05331226524906837,-5.08937085537689
578.0,-1.2705656090224167,3.789889120062021,0.7501308285308923,25.258679150467344,25.321039991501834,25.0,0.05051551789293686,-4.815302777959032
579.0,-1.1891769857025545,3.7898145416160447,0.7500078001351794,25.25892124800299,25.322026568000013,25.0,0.04733726084485396,-4.506760232970676
580.0,-1.100341174483386,3.7897298473696077,0.7498850311313532,25.25917623228611,25.322948012629524,25.0,0.04384289189667348,-4.169995791229417
581.0,-1.0054081215071051,3.789634524060793,0.7497631687041576,25.25944286721267,25.32379042751745,25.0,0.04008698449105486,-3.810129328034434
582.0,-0.905483069195325,3.78952801332527,0.7496427893966283,25.25971986244275,25.324546161599244,25.0,0.03611539497844738,-3.431353456307428
583.0,-0.905483069195325,3.789526983386389,0.7495243991100934,25.26000587340087,25.325213810618436,25.0,0.03622166278624323,-3.431352523715209
584.0,-0.905483069195325,3.78951747609502,0.7494084331041727,25.26029950127571,25.325798217126703,25.0,0.03631805934983782,-3.43134391502384
585.0,-0.905483069195325,3.789498379514666,0.749295255996778,25.260599293020107,25.32631047048386,25.0,0.03640324767421428,-3.43132662339365
586.0,-0.905483069195325,3.789468812387515,0.7491851617641136,25.26090374135123,25.32676790685798,25.0,0.0364761636048677,-3.43129985086061
587.0,-0.905483069195325,3.789428124134433,0.7490783737406753,25.261211284750402,25.327194109225275,25.0,0.036536015827803046,-3.4312630083363294
588.0,-0.905483069195325,3.7893758948549685,0.748975044619251,25.26152030746323,25.327618907370095,25.0,0.03658228586953643,-3.431215715608058
589.0,-0.905483069195325,3.789311935327351,0.7488752564509209,25.261829153388135,25.328078141297112,25.0,0.03661472809709428,-3.4311578013386868
590.0,-0.905483069195325,3.7892362870084924,0.748779020645057,25.262138938834994,25.328561982481972,25.0,0.03663336971801454,-3.431089303066747
591.0,-0.905483069195325,3.789149222033983,0.7486862779693233,25.26245117907513,25.329044363194214,25.0,0.036638510780345086,-3.431010467206409
592.0,-0.905483069195325,3.789051243218096,0.7485968985496759,25.262765754355655,25.329524794591634,25.0,0.03663072417264488,-3.4309217490474833
593.0,-0.905483069195325,3.788943084053785,0.7485106818703631,25.26308254630578,25.330002859847696,25.0,0.03661085562398283,-3.4308238127554214
594.0,-0.905483069195325,3.788825708712685,0.7484273567739248,25.263401437937148,25.330478214151242,25.0,0.036580023703939764,-3.4307175313713145
595.0,-0.905483069195325,3.7887003120451133,0.7483465814611934,25.263722313643598,25.33095058470667,25.0,0.03653961982260722,-3.4306039868118945
596.0,-0.905483069195325,3.7885683195800652,0.7482679434912929,25.26404505920118,25.331419770733874,25.0,0.03649130823058586,-3.430484469869532
597.0,-0.905483069195325,3.7884313875252205,0.7481909597816395,25.264369561768376,25.33188564346824,25.0,0.03643702601898867,-3.43036048021224
598.0,-0.905483069195325,3.7882914027669377,0.7481150766079416,25.264695709885927,25.332348146160825,25.0,0.03637898311943853,-3.4302337263836695
599.0,-0.905483069195325,3.7881504828702575,0.7480396696041993,25.26502339347661,25.332807294077952,25.0,0.03631966230406907,-3.430106125803113
600.0,-0.905483069195325,3.7880109760789016,0.747964043762705,25.26535250384586,25.333263174501667,25.0,0.036261819185525436,-3.4299798047655026
601.0,-0.905483069195325,3.787875461315273,0.747887433434043,25.26568293368109,25.333715946729342,25.0,0.03620848221696307,-3.4298570984414107
602.0,-0.905483069195325,3.787746748180455,0.7478090023270894,25.26601457705209,25.334165842074015,25.0,0.03616295269204696,-3.42974055087705
603.0,-0.905483069195325,3.787627876954212,0.7477278435090127,25.266347329410962,25.33461316386422,25.0,0.03612880474495359,-3.4296329149942726
604.0,-0.905483069195325,3.7875314408829777,0.7476395613654179,25.26668108484637,25.335058390089785,25.0,0.03612142150152835,-3.42954559376451
605.0,-0.905483069195325,3.7874749336343796,0.7475376325047772,25.267015759668084,25.335503258379845,25.0,0.03616255000220856,-3.429494427407618
606.0,-0.905483069195325,3.7874450462876172,0.7474265301345102,25.26735138403285,25.335948847458837,25.0,0.036236088830956234,-3.429467364921141
607.0,-0.905483069195325,3.7874283955875274,0.7473107929802246,25.267687990849367,25.336395650572058,25.0,0.03632580993761719,-3.4294522879941196
608.0,-0.905483069195325,3.7874129030743986,0.7471945275450759,25.268025595681593,25.336843855526126,25.0,0.036417058112339584,-3.4294382597857824
609.0,-0.905483069195325,3.7873877950839665,0.7470814081097663,25.26836419674885,25.337293344688987,25.0,0.036496750985571445,-3.4294155249255445
610.0,-0.905483069195325,3.787343602747417,0.7469746767325458,25.268703774926053,25.33774369498974,25.0,0.03655337902806315,-3.4293755095130107
611.0,-0.905483069195325,3.787272161991388,0.7468771432492117,25.26904429374349,25.33819417791881,25.0,0.03657700555086699,-3.429310821117976
612.0,-0.905483069195325,3.787166613537965,0.7467911852731086,25.269385699386817,25.338643759527827,25.0,0.036559266705336345,-3.4292152487804217
613.0,-0.905483069195325,3.787021402904683,0.7467187481951282,25.26972792069722,25.339091100429698,25.0,0.03649337148312574,-3.4290837630105178
614.0,-0.905483069195325,3.7868322804045276,0.74666134518371,25.270070869171263,25.339534555798593,25.0,0.036374101716191196,-3.428912515788623
615.0,-0.905483069195325,3.7865963011459343,0.7466200571848403,25.270414438960984,25.339972175369894,25.0,0.03619781207679107,-3.4286988405652856
616.0,-0.905483069195325,3.786311825032788,0.7465955329220533,25.270758474226795,25.340393717830693,25.0,0.035962430077484404,-3.428441252261241
617.0,-0.5658919862083538,3.7855957976138956,0.7465879888964301,25.271099066199838,25.340463239232975,25.0,0.022074206352761184,-2.1422383248937247
618.0,-0.22630090322138266,3.7848319075345698,0.7465972093865995,25.271426874888448,25.340066604690378,25.0,0.008652546725282283,-0.8565108792161819
619.0,0.11329017976558849,3.784022429085043,0.7466225464487373,25.271733589865732,25.33928643200551,25.0,-0.004237039427078767,0.4286925812280633
620.0,0.45288126275255963,3.783170941350999,0.7466629199165667,25.272012407615478,25.338201200462493,25.0,-0.01653379884782247,1.7133272331278302
621.0,0.7924723457395307,3.782282328213572,0.7467168174013588,25.272258031532374,25.33688525082698,25.0,-0.028184683780777705,2.997354148888583
622.0,0.7924723457395307,3.7817454974998705,0.7467822942919311,25.272466671921563,25.33540878534609,25.0,-0.027707371660762422,2.996928725393631
623.0,0.7924723457395307,3.781185223531402,0.7468569737546492,25.272636045999093,25.333837867748457,25.0,-0.027204188625714543,2.996484723767582
624.0,0.7924723457395307,3.7806103045756485,0.7469380467334257,25.272765377891687,25.332234423244188,25.0,-0.026684333158571227,2.996029116394106
625.0,0.7924723457395307,3.780030843695542,0.7470222719497206,25.272855398636636,25.330656238525023,25.0,-0.026158380280921354,2.9955699096711834
626.0,0.7924723457395307,3.779458248749465,0.7471059759025412,25.27290834618219,25.329156961764056,25.0,-0.02563828155300551,2.9951161440111074
627.0,0.6339778765916247,3.779083855657979,0.7471850528684424,25.27292796538711,25.327786102616074,25.0,-0.02022313525832429,2.3958555582717356
628.0,0.47548340744371875,3.7787430586036352,0.7472549649015261,25.272919508020948,25.326589032217157,25.0,-0.014972066087385112,1.7967296253591563
629.0,0.31698893829581276,3.778451179831164,0.7473107418334416,25.272890218889245,25.325605558494885,25.0,-0.009871174378964141,1.1977272278972417
630.0,0.1584944691479068,3.7782248463807484,0.7473469812733858,25.272844198337452,25.32480562227215,25.0,-0.004893970838611805,0.5988277413485484
631.0,7.993605777301127e-16,3.778078268570081,0.7473590468263729,25.272782868944546,25.324132201071848,25.0,-2.4555734840468628e-17,3.020046827473764e-15
632.0,7.993605777301127e-16,3.7777621114023776,0.7473696130592127,25.27270758266559,25.323538277751652,25.0,-2.4294565034252393e-17,3.019794103897535e-15
633.0,7.993605777301127e-16,3.7774315793249476,0.7473860708510814,25.27261962148617,25.322986847350023,25.0,-2.4017195011863103e-17,3.019529889585162e-15
634.0,7.993605777301127e-16,3.77709901206196,0.747404287924774,25.272520197422807,25.322450917086258,25.0,-2.3736791841835807e-17,3.0192640484256866e-15
635.0,7.993605777301127e-16,3.7767755065013247,0.7474205299287199,25.272410452522763,25.32191350636043,25.0,-2.346521103232977e-17,3.019005450833838e-15
636.0,7.993605777301127e-16,3.7764709166946933,0.7474314604369842,25.272291458864117,25.32136764675363,25.0,-2.321299653112917e-17,3.0187619737500383e-15
637.0,7.993605777301127e-16,3.7761938538574586,0.7474341409492663,25.272164218555645,25.320816382027488,25.0,-2.298938072564313e-17,3.018540500640399e-15
638.0,7.993605777301127e-16,3.775951686368753,0.7474260308909012,25.272029663737044,25.320272768124823,25.0,-2.280228444290426e-17,3.01834692149672e-15
639.0,7.993605777301127e-16,3.775750539771453,0.7474049876128585,25.271888656578653,25.319759873169005,25.0,-2.265831694957152e-17,3.0181861328364935e-15
640.0,-0.09197435475153322,3.775698951869977,0.7473692663917427,25.27174198928168,25.319310777464295,25.0,0.0026056045421742895,-0.3472674748342814
641.0,-0.2592509422326521,3.775781773053165,0.7473175204297937,25.271590384078138,25.318968573495965,25.0,0.007379384312556751,-0.9788749823289068
642.0,-0.4881797834249175,3.7759860168287602,0.7472488008548861,25.27143625188819,25.31883264944429,25.0,0.014028927870359979,-1.8433600359109812
643.0,-0.7675852207270647,3.7763002424284853,0.7471625567205293,25.271286515880092,25.31899325287975,25.0,0.022365656915615664,-2.8986322551161368
644.0,-1.0883173995750686,3.7767140493278273,0.7470586350058681,25.271147217336022,25.31942881584854,25.0,0.032274503398193675,-4.110263613103088
645.0,-1.3509106978996366,3.777114008296034,0.746937280615682,25.27102380552958,25.32011662509825,25.0,0.04076606425098974,-5.1025437209936895
646.0,-1.5659039067901415,3.777509422239728,0.7467991363803855,25.270921166413814,25.321034422661796,25.0,0.048089356605783576,-5.9152167622217595
647.0,-1.7419254586117163,3.777906198254986,0.7466452430560281,25.270843622621328,25.322160405857574,25.0,0.05445425372158252,-6.580830986987362
648.0,-1.886039716292549,3.7783072378953744,0.7464770393242943,25.27079493346423,25.323473227289355,25.0,0.060033018682532385,-7.126037511026277
649.0,-2.004030491012852,3.778712756696379,0.7462963617925037,25.270778294934132,25.324951994846458,25.0,0.06496344379607633,-7.572655581198772
650.0,-2.10063316685586,3.779120545779887,0.7461054449936106,25.270796339702088,25.326576271703402,25.0,0.06935261571873756,-7.93854596001165
651.0,-2.179724748398154,3.779525405168344,0.7459071843207624,25.27085113711877,25.328326076320252,25.0,0.07327846797858473,-8.238325062844998
652.0,-2.244479458516405,3.779897360047361,0.7457126564033312,25.270944193214348,25.330181882442446,25.0,0.07672686512449207,-8.483901979926689
653.0,-2.2974961310968673,3.78022537132864,0.7455266729554417,25.271076450698445,25.332124619100853,25.0,0.07972012526651663,-8.685053165301769
654.0,-2.340902511364358,3.7805118270573064,0.7453493944458816,25.271247666024635,25.334066985160234,25.0,0.08231182680576071,-8.849809630201106
655.0,-2.085957621192738,3.7804315465321947,0.7451808934662383,25.27145184160429,25.335666241509387,25.0,0.07353136841494927,-7.885819995886282
656.0,-1.820821682026311,3.7803097570089848,0.7450211547308994,25.271682188799446,25.336937626147744,25.0,0.06425425215633812,-6.883269970337575
657.0,-1.5473420176417103,3.7801492514126127,0.7448700750770526,25.271932840729505,25.33794549935311,25.0,0.05458895189180033,-5.849183769667593
658.0,-1.2670310888257583,3.779952685582351,0.7447274634646857,25.272198635189795,25.33874753626685,25.0,0.04463145153387285,-4.7893175669232555
659.0,-0.9811271937374517,3.77972264668112,0.7445930409765862,25.272475114651797,25.339394726893886,25.0,0.03446661146199049,-3.7083886734441407
660.0,-0.9811271937374517,3.779789083577496,0.7444664408183422,25.27275852626275,25.339931376102868,25.0,0.034656005365677735,-3.708453856489843
661.0,-0.9811271937374517,3.779831454792465,0.7443472083183416,25.27304582184621,25.34039510362578,25.0,0.03481455916504324,-3.708495428041081
662.0,-0.9811271937374517,3.7798516728417044,0.7442348009277721,25.2733346579015,25.340816844058452,25.0,0.03494468159062131,-3.708515264518994
663.0,-0.9811271937374517,3.7798518905458205,0.7441285882206219,25.273623395603977,25.341220846860153,25.0,0.035049103361354944,-3.7085154781144225
664.0,-0.9811271937374517,3.7798345010303467,0.744027851893679,25.273911100805094,25.34162467635383,25.0,0.035130877184598425,-3.708498416787905
665.0,-0.9811271937374517,3.7798021377257442,0.7439317857665317,25.274197544032234,25.342039211725876,25.0,0.03519337775611513,-3.7084666642696806
666.0,-0.9811271937374517,3.779757674367403,0.7438394957815682,25.274483200488817,25.342468647026408,25.0,0.03524030176007887,-3.708423040059687
667.0,-0.9811271937374517,3.779704224995639,0.7437500000039766,25.27476925005419,25.342910491169107,25.0,0.03527566786907299,-3.7083705994275613
668.0,-0.9811271937374517,3.7796451439556966,0.7436622286217454,25.27505757728386,25.343355567931212,25.0,0.035303816744090395,-3.7083126334126395
669.0,-0.9811271937374517,3.7795840258977504,0.7435750239456629,25.275350771409194,25.343788015953578,25.0,0.035329411034536566,-3.70825266882396
670.0,-0.9811271937374517,3.779524705776898,0.7434871404093175,25.275648473982642,25.344205206962727,25.0,0.03535743537822261,-3.708194468240256
671.0,-0.9811271937374517,3.779471132814704,0.7433972854494428,25.275947493810236,25.34462220048806,25.0,0.03539303263279047,-3.7081419063501984
672.0,-0.9811271937374517,3.7794202354268642,0.7433064403389116,25.276247786303486,25.34503908603125,25.0,0.03543222642985061,-3.7080919695388985
673.0,-0.9811271937374517,3.779368955702963,0.7432155952283803,25.27654931827169,25.345455894554902,25.0,0.035471045106604114,-3.7080416576072914
674.0,-0.9811271937374517,3.779317297363407,0.7431247501178492,25.276852057258907,25.34587265320812,25.0,0.0355094923132427,-3.70799097420557
675.0,-0.9811271937374517,3.7792652640951934,0.7430339050073179,25.277155971544175,25.346289385327054,25.0,0.03554757166717974,-3.7079399229511463
676.0,-0.9811271937374517,3.7792128595519077,0.7429430598967867,25.27746103014141,25.34670611043458,25.0,0.035585286753046834,-3.7078885074286534
677.0,-0.9811271937374517,3.779160087353725,0.7428522147862554,25.27776720279951,25.34712284424029,25.0,0.035622641122696815,-3.707836731189943
678.0,-0.9811271937374517,3.7791069510874093,0.7427613696757241,25.278074460002188,25.347539598640708,25.0,0.035659638295201156,-3.7077845977540873
679.0,-0.9811271937374517,3.7790534543063155,0.7426705245651929,25.278382772968087,25.347956381719143,25.0,0.035696281756853035,-3.7077321106073784
680.0,-0.9811271937374517,3.7789996005303874,0.7425796794546616,25.27869211365072,25.348373197745673,25.0,0.03573257496116467,-3.70767927320333
681.0,-0.9811271937374517,3.7789453932461576,0.7424888343441304,25.27900245473859,25.348790047177147,25.0,0.035768521328868264,-3.7076260889626735
682.0,-0.9811271937374517,3.778890835906748,0.7423979892335991,25.27931376965506,25.349206926657246,25.0,0.03580412424791593,-3.7075725612733605
683.0,-0.9811271937374517,3.7788359319318707,0.7423071441230679,25.279626032558383,25.349623829016537,25.0,0.035839387073480174,-3.7075186934905644
684.0,-0.9811271937374517,3.778780684707828,0.7422162990125367,25.279939218341724,25.350040743272302,25.0,0.03587431312795345,-3.7074644889366777
685.0,-0.9811271937374517,3.7787250975875097,0.7421254539020055,25.280253301658547,25.350457629118125,25.0,0.035908905700947714,-3.7074099509013116
686.0,-0.9811271937374517,3.7786691738903952,0.7420346087914742,25.280568253192143,25.350874341910128,25.0,0.03594316804929487,-3.7073550826412984
687.0,-0.9811271937374517,3.7786129169025555,0.741943763680943,25.28088406050398,25.351291174807614,25.0,0.035977103397047634,-3.707299887380691
688.0,-0.9811271937374517,3.778556329876649,0.7418529185704117,25.28120070935404,25.35170829938096,25.0,0.03601071493547867,-3.7072443683107617
689.0,-0.9811271937374517,3.7784994160319245,0.7417620734598804,25.281518178955594,25.35212563426262,25.0,0.03604400582307929,-3.7071885285900024
690.0,-0.9811271937374517,3.778440728840037,0.7416716516060191,25.28183644197543,25.35254284514673,25.0,0.036075141562925864,-3.7071309489901174
691.0,-0.9811271937374517,3.7783659010852597,0.7415861949190958,25.282155464533673,25.352959344789497,25.0,0.036085569897294674,-3.707057533445059
692.0,-0.9811271937374517,3.7782602746912612,0.7415108045339998,25.282475206203685,25.353374293008926,25.0,0.03605590452673045,-3.7069539005175307
693.0,-0.9811271937374517,3.7781125218790192,0.741449528331861,25.28279642421296,25.35374231017039,25.0,0.0359710599729362,-3.706808936215489
694.0,-0.562795295179716,3.777442430861837,0.741405540341326,25.283114955220412,25.353839144597202,25.0,0.020281392437849263,-2.1259268279012717
695.0,-0.14446339662198043,3.776715285994367,0.7413811407385582,25.283419987660523,25.35349166963448,25.0,0.005104490640388335,-0.5455971182889006
696.0,0.27386850193575524,3.7759274876235867,0.7413777558472376,25.283701773057828,25.35261995627286,25.0,-0.009462083283870378,1.0341076044535116
697.0,0.6922004004934909,3.7750780121384757,0.741395938138561,25.283951834056325,25.35123534932859,25.0,-0.023314745112191226,2.613110511896424
698.0,1.1105322990512265,3.774168411970014,0.7414353662312417,25.284162964419465,25.349440467443628,25.0,-0.0363511045392257,4.191335923551576
699.0,1.1105322990512265,3.773674275640855,0.7414948448915103,25.284329229030163,25.34742920308537,25.0,-0.03573629721222766,4.19078716919791
700.0,1.1105322990512265,3.773130847616305,0.7415723050331133,25.28444607558862,25.345482318673987,25.0,-0.03504678084961592,4.190183674824438
701.0,1.1105322990512265,3.7725474084533452,0.7416648037173147,25.284516830105588,25.343652616836323,25.0,-0.03429613003819246,4.18953574678944
702.0,1.1105322990512265,3.771935814750957,0.7417685241528946,25.284545999314957,25.341871034923713,25.0,-0.03350175058401089,4.1888565522290415
703.0,1.1105322990512265,3.7713104991501223,0.7418787756961503,25.28453594696822,25.34015864454568,25.0,-0.03268487951237751,4.188162119057214
704.0,1.1105322990512265,3.7706884703338233,0.7419899938508956,25.284489643236896,25.338542983151115,25.0,-0.03187058506785125,4.187471335965773
705.0,0.8884258392409812,3.770339627007249,0.742095740268461,25.284410664712766,25.337058054028205,25.0,-0.025092598779333737,3.3496671473474433
706.0,0.6663193794307359,3.770035815957178,0.7421887027476938,25.284303194407585,25.335744326304336,25.0,-0.018555071192679917,2.512047925320235
707.0,0.4442129196204906,3.7698017739925924,0.7422606952349579,25.284172021753363,25.334648734946313,25.0,-0.012234103004426082,1.6745946524157542
708.0,0.2221064598102453,3.769664813964478,0.7423026578241341,25.28402361815654,25.33379025621531,25.0,-0.006077311633106647,0.8372669065008972
709.0,0.0,3.7696178900649002,0.7423164437002838,25.283862759906924,25.333105090934566,25.0,-0.0,0.0
710.0,0.0,3.7693515204766825,0.7423208598002933,25.283691717337888,25.332530772615485,25.0,-0.0,0.0
711.0,0.0,3.7691036153542603,0.7423200295366419,25.28351232124328,25.332017006648584,25.0,-0.0,0.0
712.0,0.0,3.7688649786263126,0.7423170187864699,25.283325963059667,25.3315256688835,25.0,-0.0,0.0
713.0,0.0,3.7686285442645544,0.7423141771865133,25.283133594866115,25.331030805628757,25.0,-0.0,0.0
714.0,0.0,3.768389376283735,0.7423131381331033,25.282935729384292,25.330518633651764,25.0,-0.0,0.0
715.0,0.0,3.768144668741633,0.7423148187821668,25.28273243997853,25.329987540178934,25.0,-0.0,0.0
716.0,0.0,3.7678937457390638,0.7423194200492264,25.282523360655603,25.32944808289568,25.0,-0.0,0.0
717.0,0.0,3.767638061419875,0.7423264266093997,25.282307619367316,25.32891695757837,25.0,-0.0,0.0
718.0,0.0,3.767381199970946,0.7423346068974006,25.282083454682606,25.32832548144438,25.0,-0.0,0.0
719.0,0.0,3.767128875622191,0.7423420131075377,25.281851656268827,25.327708446971087,25.0,-0.0,0.0
720.0,0.0,3.7668889326465567,0.7423459811937156,25.28161412903205,25.327138622226016,25.0,-0.0,0.0
721.0,-0.09587584642538546,3.7667793974389454,0.7423431308694344,25.2813731840086,25.32667700527213,25.0,0.0023428477408280503,-0.3611431630271623
722.0,-0.27024819679661566,3.7667927878393943,0.7423293656077894,25.281131538364832,25.326372824167834,25.0,0.0066111957455650475,-1.017968958620093
723.0,-0.5088880489574162,3.76692730216452,0.7422998726414717,25.280892315397296,25.32626353696685,25.0,0.012532604560819477,-1.9169442853629262
724.0,-0.8001456812568322,3.767186175623103,0.742249122962768,25.280659044532797,25.326374831718397,25.0,0.019953274989439624,-3.014297748915268
725.0,-1.1344831083144282,3.76757715339373,0.7421708713235603,25.28043566132817,25.326720626467022,25.0,0.02882299785367724,-4.274252639796544
726.0,-1.4082154417514487,3.7680034818034622,0.742058324417528,25.280226507470502,25.327303069252707,25.0,0.036536371269542275,-5.30616068764886
727.0,-1.6323285212481338,3.768453509128164,0.7419188426880016,25.280036330776966,25.32811253811093,25.0,0.04331329283208067,-6.151354143947517
728.0,-1.8158167915990802,3.768908547575352,0.7417614907570492,25.27987028519493,25.32912764107249,25.0,0.04929408161316523,-6.843647426688625
729.0,-1.966044281364487,3.7693695053761513,0.7415885184922558,25.27973393080191,25.330315216163626,25.0,0.054618650393741766,-7.410747360394467
730.0,-2.0890401471931335,3.769836246503246,0.7414020427998647,25.279630822655008,25.331645031770506,25.0,0.05940019308982806,-7.875339267289151
731.0,-2.1897406450484995,3.7703078633724463,0.7412040476247765,25.279561273127342,25.333108517208018,25.0,0.0637298082686716,-8.25599637277261
732.0,-2.272187239492951,3.770782900111855,0.7409963839505506,25.27952693763757,25.334693003250663,25.0,0.0676805419306625,-8.56792478853238
733.0,-2.339688801851172,3.771259535359195,0.740780769799404,25.27952929381331,25.336386804007873,25.0,0.07131082647448629,-8.823573703754361
734.0,-2.394954406834658,3.771735731923608,0.7405587902322117,25.27956963146778,25.338179267123508,25.0,0.07466735389543247,-9.03313511258619
735.0,-2.4402020572220984,3.7722093593183676,0.7403318973485069,25.27964905260012,25.340060773775576,25.0,0.07778744827786906,-9.204953038881134
736.0,-2.4772477000988165,3.7726782940821804,0.7401014102864806,25.279768471395073,25.34202273867629,25.0,0.08070101045927956,-9.345858627227807
737.0,-2.50757810718953,3.773140501915322,0.739868515222982,25.27992861422308,25.34405761007207,25.0,0.08343210541240842,-9.461444517952975
738.0,-2.5324105442280715,3.7735941049270187,0.7396342653735183,25.28013001964041,25.34615886974359,25.0,0.08600025576557331,-9.556289500954074
739.0,-2.552741624105398,3.7740374366929403,0.7393995809922546,25.280373038388802,25.348321033005845,25.0,0.0884214960168928,-9.634142455578111
740.0,-2.5693873044442506,3.7744690873324727,0.739165249372014,25.28065783339605,25.350539648707922,25.0,0.09070923305375493,-9.698072954009332
741.0,-2.583015634843574,3.774887940414856,0.7389319248442778,25.28098437977536,25.352811299233224,25.0,0.09287495038547805,-9.750594569874032
742.0,-2.5941735680546083,3.7752932031753876,0.7387001287791851,25.2813543999859,25.3552029176887,25.0,0.09492878637247952,-9.793765839333807
743.0,-2.603308911115272,3.775684431254341,0.7384702495855332,25.281769288815042,25.357700287024272,25.0,0.09688001075826604,-9.829272925443624
744.0,-2.610788297418955,3.776061548951499,0.7382425427107772,25.282225635422947,25.360121607668816,25.0,0.0987374189132856,-9.858497302336266
745.0,-2.3194729756166645,3.7760825703431387,0.7380194702855679,25.28271889595493,25.362326515211635,25.0,0.08828633195172458,-8.758521475608022
746.0,-2.0264016264330946,3.7760175594520913,0.7378225798158674,25.283243440010608,25.364218206337284,25.0,0.0773983688564196,-7.651728123913642
747.0,-1.7318925636292248,3.7758644897630385,0.7376529098510866,25.28379255064351,25.365743438825348,25.0,0.0661783510940301,-6.539391631092264
748.0,-1.4362064004702961,3.775639139718219,0.7375055815389798,25.2843584243613,25.36689253155032,25.0,0.05476766032972759,-5.422597098329469
749.0,-1.1395565090512219,3.7753558859003795,0.7373761385995057,25.284932171125718,25.367699364482064,25.0,0.04328006824882958,-4.30223137376262
750.0,-1.1395565090512219,3.775362926352598,0.7372605473248264,25.285504426789032,25.368260466566767,25.0,0.043419814031431976,-4.3022393967557715
751.0,-1.1395565090512219,3.7753373755222506,0.7371551965793082,25.28607284332736,25.368789906368477,25.0,0.043510750544186745,-4.302210280140738
752.0,-1.1395565090512219,3.775289323665649,0.7370568977995213,25.286637939169395,25.36932232571337,25.0,0.043568009752561886,-4.302155522334775
753.0,-1.1395565090512219,3.7752275124204084,0.7369628849942397,25.28719985077305,25.369856767035458,25.0,0.043604705249908365,-4.302085084927929
754.0,-1.1395565090512219,3.7751593348054513,0.7368708147444413,25.287758705076044,25.370392590254824,25.0,0.04363193225746011,-4.302007392683033
755.0,-1.1395565090512219,3.7750908352210035,0.7367787662033081,25.28831461949619,25.370929472777505,25.0,0.04365876762433249,-4.301929333535708
756.0,-1.1395565090512219,3.775026709448599,0.7366852410962258,25.28886770193111,25.37146740949572,25.0,0.04369226982752638,-4.301856258594366
757.0,-1.1395565090512219,3.774970304651074,0.7365891637207841,25.28941805075857,25.372006712787652,25.0,0.04373747897192208,-4.301791982140205
758.0,-1.1395565090512219,3.774923619372573,0.7364898809467767,25.289965768696447,25.37254806399494,25.0,0.04379741679028638,-4.301738781627213
759.0,-1.1395565090512219,3.7748873035385437,0.7363871622162012,25.29051108137469,25.3730925256844,25.0,0.04387308664326551,-4.301697397682163
760.0,-1.1395565090512219,3.7748606584557405,0.7362811995432588,25.2910541218007,25.37364017917605,25.0,0.043963473519390686,-4.301667034104621
761.0,-1.1395565090512219,3.774841636812222,0.7361726075143549,25.291594987241467,25.374190908653645,25.0,0.044065544035075066,-4.301645357866936
762.0,-1.1395565090512219,3.774826842677354,0.7360624232880989,25.29213377338658,25.37474460181869,25.0,0.044174246434615295,-4.301628499114251
763.0,-1.1395565090512219,3.7748115315018063,0.735952106595304,25.29267057434805,25.375301149890902,25.0,0.04428251059018996,-4.301611051164495
764.0,-1.1395565090512219,3.774789610117553,0.7358435397389871,25.29320548266054,25.375860447607806,25.0,0.04438124800186011,-4.301586070508382
765.0,-1.1395565090512219,3.774757715904905,0.7357377826986718,25.293738589281133,25.376422393224857,25.0,0.04446541886790506,-4.301549725250757
766.0,-1.1395565090512219,3.7747243353410562,0.7356322682070929,25.294269983589402,25.37698688851549,25.0,0.044547619554773314,-4.301511686211947
767.0,-1.1395565090512219,3.7746902722075117,0.7355267537155141,25.294799753387395,25.377553838771064,25.0,0.04462904241490175,-4.301472869346399
768.0,-1.1395565090512219,3.7746555330505265,0.7354212392239353,25.29532798489987,25.378123152800924,25.0,0.04470969490811798,-4.301433282113937
769.0,-1.1395565090512219,3.7746201243614963,0.7353157247323565,25.295854762773956,25.378694742932396,25.0,0.044789584431734905,-4.3013929319118756
770.0,-1.1395565090512219,3.7745840525769596,0.7352102102407777,25.29638017007926,25.379268525010673,25.0,0.04486871832055076,-4.301351826075014
771.0,-1.1395565090512219,3.7745473240785956,0.7351046957491989,25.29690428830793,25.379844418398932,25.0,0.04494710384685012,-4.301309971875636
772.0,-1.1395565090512219,3.7745099451932225,0.7349991812576201,25.29742719737476,25.380422345978275,25.0,0.04502474822040032,-4.301267376523508
773.0,-1.1395565090512219,3.7744719221928036,0.7348936667660413,25.297948975616805,25.38100223414773,25.0,0.04510165858845705,-4.301224047165887
774.0,-1.1395565090512219,3.7744332612944396,0.7347881522744625,25.29846969979394,25.381584012824362,25.0,0.0451778420357583,-4.30117999088751
775.0,-1.1395565090512219,3.774393968660374,0.7346826377828837,25.298989445088296,25.382167615443166,25.0,0.04525330558452887,-4.301135214710603
776.0,-1.1395565090512219,3.7743540503979918,0.7345771232913049,25.299508285104594,25.382752978956944,25.0,0.04532805619447889,-4.301089725594875
777.0,-1.1395565090512219,3.774313512559818,0.734471608799726,25.30002629187021,25.383340043836654,25.0,0.045402100762803294,-4.301043530437521
778.0,-1.1395565090512219,3.77427236114352,0.7343660943081471,25.300543535834777,25.383928754071064,25.0,0.04547544612418182,-4.300996636073222
779.0,-1.1395565090512219,3.774230602091904,0.7342605798165683,25.30106008587063,25.38451905716687,25.0,0.045548099050779535,-4.300949049274141
780.0,-1.1395565090512219,3.7741882412929217,0.7341550653249895,25.301576009272594,25.38511090414886,25.0,0.04562006625224833,-4.300900776749932
781.0,-1.1395565090512219,3.7741452845796615,0.7340495508334107,25.302091371757967,25.38570424955958,25.0,0.04569135437572288,-4.3008518251477295
782.0,-1.1395565090512219,3.7741017377303545,0.7339440363418319,25.302606237466534,25.386299051459673,25.0,0.04576197000582419,-4.300802201052153
783.0,-1.1395565090512219,3.7740576064683737,0.7338385218502531,25.303120668960673,25.386895271427704,25.0,0.04583191966465908,-4.30075191098531
784.0,-1.1395565090512219,3.7740128964622324,0.7337330073586743,25.303634727225244,25.387492874560166,25.0,0.04590120981181921,-4.3007009614067915
785.0,-1.1395565090512219,3.773967613325585,0.7336274928670955,25.304148471667588,25.38809182947142,25.0,0.045969846844379984,-4.300649358713675
786.0,-1.1395565090512219,3.773921762617228,0.7335219783755167,25.30466189444485,25.388691586711786,25.0,0.04603783709690521,-4.300597109240522
787.0,-1.1395565090512219,3.7738753498410977,0.7334164638839379,25.305174919298395,25.389291611735075,25.0,0.04610518684144094,-4.30054421925938
788.0,-1.1395565090512219,3.7738283804462727,0.733310949392359,25.305687639477696,25.38989304520419,25.0,0.046171902287519564,-4.300490694979781
789.0,-1.1395565090512219,3.7737808598269713,0.7332054349007802,25.306200134359756,25.390496626996423,25.0,0.046237989582158294,-4.300436542548741
790.0,-1.1395565090512219,3.773732793322555,0.7330999204092014,25.306712461051802,25.391102616276896,25.0,0.04630345480986116,-4.300381768050767
791.0,-1.1395565090512219,3.7736841862175243,0.7329944059176225,25.307224654391348,25.391710791498667,25.0,0.046368303992615476,-4.300326377507843
792.0,-1.1395565090512219,3.7736350437415225,0.7328888914260437,25.307736726946246,25.392320450402792,25.0,0.04643254308989441,-4.300270376879444
793.0,-1.1395565090512219,3.7735835523978434,0.7327839844973999,25.308248669014517,25.392930410018266,25.0,0.046493413167426015,-4.300211699583595
794.0,-1.1395565090512219,3.7734811452465853,0.732695959906613,25.308760448624582,25.39353900666208,25.0,0.046477023427023915,-4.300095000847805
795.0,-1.1395565090512219,3.7733119754238773,0.732630284039261,25.30927201153503,25.39414409593894,25.0,0.046359086216550625,-4.299902222275203
796.0,-1.1395565090512219,3.7730835983175597,0.7325846149631715,25.30978328123473,25.39474305274183,25.0,0.046150880091448486,-4.299641973657181
797.0,-1.1395565090512219,3.772803221250143,0.7325567163782837,25.310294158942952,25.395332771251333,25.0,0.045863166593286854,-4.299322468145017
798.0,-1.1395565090512219,3.7724777034788093,0.7325444576166483,25.3108036912962,25.395771305218034,25.0,0.04550619024976614,-4.298951522249882
799.0,-0.8165286388900188,3.7717495037857405,0.7325458136424277,25.311305745237632,25.39585204979852,25.0,0.03201093575218381,-3.0797414885602743
800.0,-0.49350076872881604,3.7709888377071326,0.7325588650518954,25.311792910830945,25.395609997856468,25.0,0.018965221047586214,-1.8609858902762544
801.0,-0.17047289856761322,3.770201520304184,0.7325817980734367,25.312258797344214,25.395084029006057,25.0,0.0064131430919837,-0.6427171813502763
802.0,0.1525549715935896,3.76939301857276,0.7326129045675485,25.312698038715666,25.394313486914484,25.0,-0.005610989247273795,0.5750396448734424
803.0,0.47558284175479243,3.7685684514434015,0.7326505820268391,25.3131062935538,25.39333817930168,25.0,-0.017081922406905602,1.7922664934849104
804.0,0.47558284175479243,3.76809664219099,0.7326933335760284,25.313480245137555,25.39219837794036,25.0,-0.016837206118624545,1.7920421090998824
805.0,0.47558284175479243,3.7676179612057346,0.7327397679719476,25.313817601416076,25.39093481865615,25.0,-0.016587470253396425,1.7918144566366205
806.0,0.47558284175479243,3.7671364832221896,0.7327885996035397,25.314117095008783,25.389588701327398,25.0,-0.01633526409961968,1.7915854739689638
807.0,0.47558284175479243,3.7666559349095796,0.7328386484918591,25.31437848320553,25.388201689885477,25.0,-0.01608292117497448,1.7913569334368524
808.0,0.47558284175479243,3.7661796948718,0.7328888402900717,25.314602547966274,25.386815912314376,25.0,-0.015832559226422953,1.7911304418463276
809.0,0.47558284175479243,3.765710793647418,0.7329382062834552,25.31479109592135,25.385473960651098,25.0,-0.015586080230209796,1.7909074404695338
810.0,0.47558284175479243,3.7652519137096725,0.7329858833893983,25.31494588737354,25.38419744685848,25.0,-0.015345170391861453,1.7906892050447165
811.0,0.47558284175479243,3.7648053894664737,0.7330311141574016,25.31506889790552,25.382984288550688,25.0,-0.015111300146186942,1.7904768457762237
812.0,0.3804662734038339,3.764480403632935,0.7330732467690771,25.31516295042644,25.381841202059547,25.0,-0.011949363930200884,1.432257830471983
813.0,0.2853497050528754,3.764171398113776,0.7331117350381486,25.315230662732745,25.380772291806238,25.0,-0.008862865697671411,1.0741051982202354
814.0,0.19023313670191683,3.763879663120923,0.733146138410451,25.315274447333422,25.379779047458328,25.0,-0.005846534807578636,0.7160146344840471
815.0,0.09511656835095827,3.76360614080097,0.7331761219639308,25.315296511449844,25.37886034393034,25.0,-0.002894398966633999,0.3579813007375817
816.0,-2.6645352591003756e-16,3.763351425235184,0.7332014564086463,25.315298857015932,25.378012441383248,25.0,8.033565499908259e-18,-1.00275825649248e-15
817.0,-2.6645352591003756e-16,3.7630085660669725,0.7332220180867671,25.31528328067816,25.37722898522469,25.0,7.936730734013737e-18,-1.0026669004582193e-15
818.0,-2.6645352591003756e-16,3.7626846576194755,0.7332377889725745,25.315251373795263,25.37650100610915,25.0,7.846221977976077e-18,-1.0025805939103116e-15
819.0,-2.6645352591003756e-16,3.762379249777975,0.733248856672461,25.315204522438705,25.375816919937506,25.0,7.761895954109245e-18,-1.0024992169141033e-15
820.0,-2.6645352591003756e-16,3.762091544362424,0.733255414424931,25.315143907392212,25.37516252785747,25.0,7.683488495444488e-18,-1.0024225567917064e-15
821.0,-2.6645352591003756e-16,3.7618203951274447,0.7332577611006003,25.31507050415223,25.374521016263316,25.0,7.610614545730214e-18,-1.0023503081219982e-15
822.0,-2.6645352591003756e-16,3.761564307762333,0.733256301202196,25.314985091770723,25.373873422030726,25.0,7.542768159432471e-18,-1.0022820727406233e-15
823.0,-2.6645352591003756e-16,3.761321439891055,0.7332515448645569,25.31488871749673,25.373235619707827,25.0,7.479322501734585e-18,-1.0022173597399909e-15
824.0,-2.6645352591003756e-16,3.7610896010722494,0.7332441078546336,25.314781475837208,25.372615007745765,25.0,7.419529848537281e-18,-1.0021555854692775e-15
825.0,-2.6645352591003756e-16,3.7608662527992243,0.7332347115714877,25.314663089424585,25.372000597814463,25.0,7.362521586458568e-18,-1.002096073534424e-15
826.0,-2.6645352591003756e-16,3.7606485084999615,0.7332241830462926,25.31453349357929,25.371385187733154,25.0,7.307308212833968e-18,-1.0020380547981385e-15
827.0,-2.6645352591003756e-16,3.760433133537112,0.7332134549423333,25.31439283630965,25.370765361470205,25.0,7.252779335716287e-18,-1.0019806673798946e-15
828.0,-2.6645352591003756e-16,3.760216545208,0.7332035655550062,25.314241478311942,25.370141489143236,25.0,7.197703673875848e-18,-1.0019229566559316e-15
829.0,-2.6645352591003756e-16,3.7599948127446194,0.7331956588118191,25.314079992970562,25.369517727018888,25.0,7.140729056800016e-18,-1.0018638752592554e-15
830.0,-2.6645352591003756e-16,3.759763657313637,0.7331909842723918,25.31390916635769,25.36890201751322,25.0,7.080382424693917e-18,-1.0018022830796367e-15
831.0,-2.6645352591003756e-16,3.7595264783722597,0.7331883291730386,25.313729997233565,25.368306089191265,25.0,7.017892720076699e-18,-1.001739085914435e-15
832.0,-0.05378297763066969,3.759392829102782,0.7331719266786878,25.31354369704644,25.367745456767295,25.0,0.0014102382085309502,-0.20219134043253498
833.0,-0.1515997330396733,3.759356642357538,0.7331401281260883,25.313351689932404,25.367239421104955,25.0,0.003974416558718363,-0.5699174633823254
834.0,-0.28546829649000105,3.759404040636404,0.7330944265197646,25.31315561271572,25.366811069216737,25.0,0.007510560723185779,-1.0731906672981009
835.0,-0.4488535838878249,3.759523024485643,0.7330362387092481,25.312957314908374,25.36648727426467,25.0,0.011888688721403097,-1.6874753832491758
836.0,-0.6364051209115772,3.7597031769130016,0.7329669053890766,25.312758858710538,25.36629869555975,25.0,0.017015100111907253,-2.3926943548949597
837.0,-0.7899593320599668,3.759874807967466,0.7328876910987949,25.312562519010214,25.36627977856216,25.0,0.021318724815798423,-2.9701481919310755
838.0,-0.9156788869917832,3.760040970782588,0.7327997842229544,25.312371551314016,25.366443947898517,25.0,0.02494417938925959,-3.4429901311697044
839.0,-1.018609352877738,3.760203706923684,0.7327042969911131,25.31219081989815,25.36671781646851,25.0,0.028011156155934143,-3.8301786645980056
840.0,-1.1028816907272134,3.7603642746011943,0.7326022654778358,25.312021953094245,25.3670807671852,25.0,0.030618211559952074,-4.147236908922377
841.0,-1.1718780453583564,3.760523335515983,0.7324946496026938,25.311866155664006,25.36752017038964,25.0,0.032846201662026585,-4.406874735948957
842.0,-1.2283674827451478,3.7606811078353237,0.7323823331302654,25.31172448429419,25.36802456692044,25.0,0.03476129464922284,-4.61949838583891
843.0,-1.2746171223577867,3.760837491439052,0.7322661236701352,25.311597847596488,25.368583668113672,25.0,0.03641755456744074,-4.793627860993322
844.0,-1.312483124627428,3.760992170462435,0.7321467526768949,25.311487006107427,25.369188355802976,25.0,0.03785912406634731,-4.936238755587829
845.0,-1.343485185181704,3.7611446972511735,0.7320248754501425,25.31139257228881,25.369830682319503,25.0,0.03912204918481383,-5.053042180081677
846.0,-1.3688675255662754,3.7612945610979485,0.731901071134483,25.311315010527096,25.370503870491916,25.0,0.04023579387404385,-5.148713978776039
847.0,-1.3896488282242174,3.761441244519142,0.7317758427195279,25.31125463713397,25.371202313646506,25.0,0.041224490849631826,-5.2270824178802675
848.0,-1.4066631197992956,3.761584269330318,0.7316496170398954,25.311211620345944,25.371921575607075,25.0,0.042107971380950925,-5.291281863684139
849.0,-1.420593243553648,3.761723234369642,0.7315227447752104,25.311185980324638,25.372658390694937,25.0,0.042902611469859034,-5.343878610864289
850.0,-1.431998264265518,3.761857846383192,0.7313955004501047,25.3111775891565,25.373410663728862,25.0,0.04362202650163451,-5.386973906434351
851.0,-1.4413359054618176,3.7619879453117293,0.7312680824342164,25.31118617085309,25.3741774700253,25.0,0.04427764137622043,-5.4222883014923235
852.0,-1.4489809194704357,3.7621135249937403,0.7311406129421906,25.311211224422664,25.374955857078817,25.0,0.044879158583129374,-5.451230714597592
853.0,-1.4552401275470035,3.7622347501156645,0.7310131380336788,25.311251763129235,25.375723233986946,25.0,0.04543494274840968,-5.474954977620088
854.0,-1.4603647336892034,3.762351970089561,0.7308856276133398,25.311307701062447,25.376484887016545,25.0,0.04595233685045738,-5.494406132844891
855.0,-1.464560406335235,3.7624657304151783,0.7307579754308381,25.311379158835052,25.3772518003841,25.0,0.046437922523840915,-5.510358338959251
856.0,-1.4679955325603893,3.762576781982443,0.7306299990808458,25.311466271694314,25.378033572406252,25.0,0.04689773457921895,-5.523445906865672
857.0,-1.4708079760416275,3.7626860886876785,0.7305014400030412,25.311569189521947,25.378838415499956,25.0,0.04733743799145997,-5.534188710582712
858.0,-1.4731106100110112,3.7627948336692474,0.7303719634821094,25.311688076834344,25.379673156182434,25.0,0.04776247407968051,-5.543012992772787
859.0,-1.522875642825348,3.7629583849424657,0.7302411586477423,25.311823112782236,25.380543235071116,25.0,0.0498242670250364,-5.730517669394291
860.0,-1.572100057982684,3.7631241938505027,0.7301085384746383,25.311974491150977,25.381452706883863,25.0,0.05190391373073008,-5.916007763348416
861.0,-1.6208818528385767,3.763294168985416,0.7299735397825027,25.31214242036043,25.382404240438632,25.0,0.054008803200162846,-6.099855225401693
862.0,-1.6693012608417408,3.7634704463256075,0.7298355232360471,25.312327123464968,25.383399118653756,25.0,0.05614681952171537,-6.2823659611919656
863.0,-1.717423971584065,3.763655392864822,0.7296937733449903,25.312528838153526,25.384437238547832,25.0,0.05832649947717374,-6.463791992487686
864.0,-1.717423971584065,3.7637976490537115,0.7295474984640573,25.31274781674938,25.385517111239608,25.0,0.05882202965303315,-6.464036306676592
865.0,-1.717423971584065,3.7639542369613954,0.7293958307929803,25.312984326210596,25.386635861948264,25.0,0.05935143517337147,-6.464305234502908
866.0,-1.717423971584065,3.764126804454922,0.7292382537181383,25.313238648129584,25.387789229993132,25.0,0.05991843336917627,-6.464601606053007
867.0,-1.717423971584065,3.764300843218153,0.7290792329800287,25.313511078733313,25.38897156879392,25.0,0.06049043774074256,-6.464900504396965
868.0,-1.717423971584065,3.764471693550306,0.728920212241919,25.31380192888321,25.390175845870544,25.0,0.06105696622434404,-6.465193926852957
869.0,-1.717423971584065,3.764639386464312,0.7287611915038095,25.314111524075315,25.391393642843184,25.0,0.06161807208233089,-6.465481926683336
870.0,-1.717423971584065,3.764803952696674,0.7286021707656998,25.31444020444013,25.39261515543228,25.0,0.06217380810231114,-6.465764556675708
871.0,-1.717423971584065,3.7649654227074687,0.7284431500275902,25.314788262199727,25.39382991654469,25.0,0.06272422659715066,-6.466041869142939
872.0,-1.717423971584065,3.7651238266803464,0.7282841292894805,25.315154339092146,25.395046835777634,25.0,0.06326937940497317,-6.466313915923153
873.0,-1.717423971584065,3.765279194522528,0.7281251085513709,25.315537558157644,25.396272434493085,25.0,0.06380931788915718,-6.466580748379728
874.0,-1.717423971584065,3.765431555864809,0.7279660878132612,25.3159376625386,25.39750663091104,25.0,0.0643440929383421,-6.466842417401304
875.0,-1.717423971584065,3.765580940061557,0.7278070670751516,25.316354399044656,25.398749343538327,25.0,0.0648737549664214,-6.467098973401776
876.0,-1.717423971584065,3.765727376190712,0.7276480463370419,25.316787518152523,25.400000491168612,25.0,0.06539835391254636,-6.467350466320292
877.0,-1.717423971584065,3.765870893053788,0.7274890255989324,25.317236774006062,25.4012599928825,25.0,0.06591793924112843,-6.467596945621266
878.0,-1.717423971584065,3.76601151917587,0.7273300048608227,25.317701924416383,25.40252776804732,25.0,0.06643255994183152,-6.46783846029436
879.0,-1.717423971584065,3.7661492828056184,0.7271709841227131,25.31818273086185,25.40380373631723,25.0,0.06694226452958202,-6.468075058854503
880.0,-1.717423971584065,3.7662842119152633,0.7270119633846034,25.318678958487737,25.405087817633216,25.0,0.06744710104455955,-6.468306789341871
881.0,-1.717423971584065,3.7664163342006103,0.7268529426464938,25.319190376106803,25.406379932223274,25.0,0.06794711705220312,-6.468533699321907
882.0,-1.717423971584065,3.7665456770810355,0.7266939219083841,25.319716756198773,25.407680000602,25.0,0.06844235964320806,-6.468755835885303
883.0,-1.717423971584065,3.76667226769949,0.7265349011702745,25.320257874910624,25.40898794357099,25.0,0.06893287543352757,-6.468973245648014
884.0,-1.717423971584065,3.7667961329224964,0.7263758804321649,25.320813493790354,25.410302811412066,25.0,0.06941871056437264,-6.469185974751251
885.0,-1.717423971584065,3.766917299340149,0.7262168596940553,25.32138337202855,25.411624090224905,25.0,0.06989991070220912,-6.469394068861479
886.0,-1.717423971584065,3.767041373970744,0.7260559579624952,25.321967368753064,25.41295547154607,25.0,0.07038933593790869,-6.469607157606328
887.0,-1.717423971584065,3.7672302329740397,0.7258722736739078,25.322565366644426,25.414299685447816,25.0,0.07102915071784152,-6.469931508585837
888.0,-1.717423971584065,3.767461731591171,0.7256731334140538,25.323177266911102,25.41565821850736,25.0,0.07176874024827279,-6.470329089860288
889.0,-1.717423971584065,3.7676914615038486,0.7254734128085364,25.32380298928956,25.417031313807456,25.0,0.07250628886282967,-6.4707236335193095
890.0,-1.717423971584065,3.7678821458969183,0.7252856456742323,25.324442472044154,25.418417970935707,25.0,0.07315625058802387,-6.471051119466974
891.0,-1.717423971584065,3.768003639458368,0.7251200240192912,25.325095754929578,25.41980206899359,25.0,0.07364934914325998,-6.471259775421801
892.0,-1.1704804281622962,3.7674165230058865,0.7249843980431369,25.325759840765045,25.420756244565496,25.0,0.04966597179423328,-4.409687304913639
893.0,-0.6235368847405275,3.7667213196071763,0.7248842761364659,25.326417954713747,25.420983532549712,25.0,0.0260869397524796,-2.3486896773135872
894.0,-0.07659334131875876,3.7659092784596404,0.7248228248812485,25.32705285090634,25.420428232742324,25.0,0.00314694876250699,-0.2884435747405398
895.0,0.47035020210301,3.764978780263824,0.7248008690507284,25.32765010212836,25.41912776433378,25.0,-0.01889768865915545,1.7708585302106337
896.0,1.0172937455247788,3.7639353372234075,0.7248168916094226,25.3281980998201,25.41721266590855,25.0,-0.03979495005775638,3.8290278771170714
897.0,1.0172937455247788,3.76340799841865,0.7248670337131216,25.32868805407651,25.414906595445586,25.0,-0.039207482341423676,3.8284914186492194
898.0,1.0172937455247788,3.762800133686076,0.7249450947088892,25.329113993647354,25.412526330317803,25.0,-0.038509694388087025,3.8278730416586466
899.0,1.0172937455247788,3.7621386497387843,0.7250425321350626,25.329475117937307,25.41031371397446,25.0,-0.03773764842151612,3.8272001181763016
900.0,1.0172937455247788,3.7614575847930154,0.7251484617212527,25.32977860499045,25.40817011266398,25.0,-0.03693704380639184,3.826507275066675
901.0,0.813834996419823,3.761027406578387,0.7252496573883435,25.330029610587076,25.406195606820916,25.0,-0.029117184383986756,3.0608557259675777
902.0,0.6103762473148674,3.760667118307176,0.7253305512484923,25.330233759697762,25.404466797189798,25.0,-0.021568601194268372,2.2954218830727506
903.0,0.4069174982099117,3.760411165122363,0.7253798105889561,25.330397328859817,25.4030236145378,25.0,-0.014254871145637567,1.530177103552211
904.0,0.20345874910495604,3.760210872065725,0.725412361688286,25.330527246177155,25.40186931965502,25.0,-0.007080061392109181,0.7650478004013482
905.0,3.552713678800501e-16,3.760051259012974,0.7254329100129897,25.330631091320186,25.400970503354188,25.0,-1.2298908202972829e-17,1.3358385540886439e-15
906.0,3.552713678800501e-16,3.759694608626025,0.7254441182646978,25.330714909556605,25.400193487511615,25.0,-1.216821856123056e-17,1.3357118464178176e-15
907.0,3.552713678800501e-16,3.759362711978434,0.7254483611320783,25.33077960935111,25.399426141631352,25.0,-1.204879781594811e-17,1.335593933041833e-15
908.0,3.552713678800501e-16,3.759048974524675,0.7254477252908371,25.33082588080407,25.398667886766475,25.0,-1.1937561777783482e-17,1.335482471107481e-15
909.0,3.552713678800501e-16,3.7587477141103833,0.7254440094037174,25.330854397324174,25.397918425942805,25.0,-1.1831852726609859e-17,1.3353754419080075e-15
910.0,3.552713678800501e-16,3.7584541609723505,0.7254387241205001,25.330865812156162,25.39717747103998,25.0,-1.1729439411513707e-17,1.3352711508831131e-15
911.0,3.552713678800501e-16,3.75816445773853,0.7254330920780039,25.330860758380425,25.396444742791232,25.0,-1.1628517050796672e-17,1.3351682276189544e-15
912.0,3.552713678800501e-16,3.7578756594280334,0.7254280479000845,25.33083984891323,25.39571997078332,25.0,-1.1527707331974315e-17,1.3350656258481428e-15
913.0,3.552713678800501e-16,3.757585733451131,0.7254242381976357,25.33080367650672,25.395002893456763,25.0,-1.142605841177643e-17,1.3349626234497448e-15
914.0,3.552713678800501e-16,3.757293559609254,0.7254220215685886,25.330752813748745,25.39429325810562,25.0,-1.1323044916147517e-17,1.3348588224492821e-15
915.0,3.552713678800501e-16,3.7569989300949906,0.7254214685979121,25.330687813063093,25.393590820877648,25.0,-1.1218567940246148e-17,1.334754149018732e-15
916.0,3.552713678800501e-16,3.756702549492091,0.7254223618576126,25.330609193470707,25.392895018355603,25.0,-1.1112955048445287e-17,1.3346488534765269e-15
917.0,3.552713678800501e-16,3.7564060347754635,0.7254241959067337,25.330514689208144,25.39214301464591,25.0,-1.1006960274332288e-17,1.334543510287554e-15
918.0,3.552713678800501e-16,3.7561119153111746,0.7254261772913572,25.330403856980524,25.391335226673107,25.0,-1.0901764120708732e-17,1.334439018063156e-15
919.0,3.552713678800501e-16,3.7558236328564507,0.7254272245446022,25.330278978460058,25.390533386568507,25.0,-1.0798973559590282e-17,1.3343365995611304e-15
920.0,3.552713678800501e-16,3.7555627575631187,0.7254202499621591,25.330142479247854,25.38979084545366,25.0,-1.0708769906727095e-17,1.3342439180388222e-15
921.0,-0.06990920456199887,3.755430183617171,0.7253977863733764,25.329996928874152,25.38915257344081,25.0,0.002099541002403522,-0.26253913692479774
922.0,-0.19705522482212637,3.7554090185144533,0.7253604615848922,25.329845040798148,25.38865515963255,25.0,0.005921225141334753,-0.7400229684424066
923.0,-0.3710627863025681,3.7554848375473386,0.7253089580951595,25.32968967240805,25.38832681212193,25.0,0.011197145908655429,-1.3935206677373628
924.0,-0.5834373327167126,3.7556452987182096,0.7252439853625529,25.32953382502103,25.38818735799242,25.0,0.017737261175308383,-2.1911836757142136
925.0,-0.8272241095989592,3.755879758526713,0.7251662798053697,25.329380643883383,25.388248243318117,25.0,0.02540693008794844,-3.1069542890080144
926.0,-1.026819841026215,3.756100169729422,0.7250766048018296,25.329233418170304,25.388512533163407,25.0,0.03185561200701517,-3.8568381791601043
927.0,-1.1902350045288026,3.756312680923662,0.7249757506900744,25.329095580986007,25.38897491158326,25.0,0.03729831129849123,-4.470894840790773
928.0,-1.3240280244076377,3.7565217673833797,0.7248645347681681,25.328970709363773,25.389621681622998,25.0,0.041915063157729276,-4.9737400943129035
929.0,-1.4335684843296137,3.7567305276997356,0.7247438012940975,25.328862524265787,25.390430765318513,25.0,0.04585516289199418,-5.3855304886293
930.0,-1.5232526275740417,3.7569409266498863,0.7246144214857714,25.32877489058336,25.39137170369611,25.0,0.04924143393152105,-5.722770138159894
931.0,-1.5966797937117057,3.7571539940411154,0.724477293521021,25.32871181713682,25.392405656772553,25.0,0.05217422744560052,-5.998971864148679
932.0,-1.6567968727399776,3.757369987510651,0.7243333425375996,25.32867732227743,25.393489870332814,25.0,0.054735010077169646,-6.225198845034695
933.0,-1.706016574125643,3.7575885258148713,0.7241835206331833,25.32867173354731,25.394663292250527,25.0,0.05698949249870985,-6.410508303784512
934.0,-1.7463142573074024,3.757808697957282,0.72402880686537,25.328693934357545,25.395920336462268,25.0,0.0589903054240946,-6.562314905476568
935.0,-1.779307209806102,3.7580291525349514,0.7238702072516803,25.328743297257745,25.397226060139303,25.0,0.060779257621893686,-6.686688365766955
936.0,-1.8063195546516286,3.7582481708891726,0.723708754769557,25.32881905834398,25.398549797699673,25.0,0.062389222743108395,-6.788597162310828
937.0,-1.8284353920894088,3.7584637269961716,0.7235455093563653,25.328920317258508,25.399865160808474,25.0,0.06384570496129949,-6.872108098324065
938.0,-1.8465423083297927,3.7586735365014685,0.7233815579093924,25.32904603719021,25.40115003837758,25.0,0.06516813161493477,-6.940549708349527
939.0,-1.8613669974992022,3.7588750968658133,0.7232180142858484,25.329195044874098,25.402386596565748,25.0,0.0663709167414475,-6.996646053027642
940.0,-1.8735044264270198,3.7590657202339037,0.7230560193028652,25.329366030591643,25.403561278778795,25.0,0.06746433408861048,-7.042626266088292
941.0,-1.7590484980222438,3.759102369192008,0.7228967407374972,25.329557548170783,25.404664805669256,25.0,0.06368745635285572,-6.61244337643906
942.0,-1.6417429163611466,3.759120893909587,0.722741431824949,25.32976801498569,25.405692175136664,25.0,0.05972572417848087,-6.171510099321246
943.0,-1.52210423594349,3.7591123188604065,0.722593325557707,25.32999571195694,25.4066426623275,25.0,0.05558571439842845,-5.72176078392478
944.0,-1.4005553758238702,3.7590760582436626,0.7224528455962229,25.330238783551465,25.407519819635013,25.0,0.05129283735330998,-5.264794181503966
945.0,-1.2774425928383482,3.759016250747441,0.7223188193422778,25.330495237782714,25.40833147669946,25.0,0.046878861924717026,-4.801927465876298
946.0,-1.2774425928383482,3.7590768777894277,0.7221901608479576,25.330762946210257,25.409089740408035,25.0,0.0471206633310036,-4.802004913442009
947.0,-1.2774425928383482,3.7591223843469486,0.7220658708156533,25.331039643940187,25.409810994894656,25.0,0.047337568726965144,-4.80206304545684
948.0,-1.2774425928383482,3.7591556858173143,0.7219450365980611,25.33132326419701,25.41051602758216,25.0,0.047534468219839095,-4.8021055861734885
949.0,-1.2774425928383482,3.7591794199113937,0.7218268321981818,25.331614518347862,25.411221009737744,25.0,0.04771578649758528,-4.8021359051161685
950.0,-1.2774425928383482,3.7591959466536182,0.7217105182693218,25.331913576712964,25.411927228354045,25.0,0.04788548282888991,-4.8021570170806065
951.0,-1.2774425928383482,3.7592073483819766,0.721595442115092,25.33222025921623,25.412634585698356,25.0,0.04804705106315985,-4.802171582134044
952.0,-1.2774425928383482,3.7592154297480183,0.7214810376894086,25.332534390364458,25.413343011511756,25.0,0.04820351963052664,-4.8021819056152335
953.0,-1.2774425928383482,3.759221717716852,0.7213668255964931,25.332855799247284,25.414052463009398,25.0,0.04835745154184477,-4.802189938134444
954.0,-1.2774425928383482,3.759227461567147,0.7212524130908715,25.333184319537224,25.414762924880108,25.0,0.04851094438869282,-4.802197275573458
955.0,-1.2774425928383482,3.7592336328911307,0.7211374940773752,25.333519789489458,25.41547440928673,25.0,0.0486656303433712,-4.8022051590855686
956.0,-1.2774425928383482,3.759240925594592,0.7210218491111404,25.333862051942106,25.41618695586584,25.0,0.04882267615890553,-4.802214475095588
957.0,-1.2774425928383482,3.759249755896879,0.7209053453976088,25.334210954316006,25.41690063172814,25.0,0.04898278316904383,-4.802225755299836
958.0,-1.2774425928383482,3.7592602623308986,0.7207879367925263,25.334566348614885,25.41761553145801,25.0,0.049146187288257065,-4.802239176666152
959.0,-1.2774425928383482,3.759272305743118,0.7206696638019447,25.334928091425297,25.418331777113792,25.0,0.04931265901174087,-4.802254561433884
960.0,-1.2774425928383482,3.759285469293565,0.7205506535822204,25.33529604391657,25.419049518227666,25.0,0.049481503415413824,-4.8022713771138985
961.0,-1.2774425928383482,3.7592990584558255,0.7204311199400149,25.33567007184081,25.419768931805777,25.0,0.04965156015591633,-4.8022887364885705
962.0,-1.2774425928383482,3.7593121010170463,0.7203113633322946,25.336050045533,25.420490222328056,25.0,0.04982120347061516,-4.802305397611794
963.0,-1.2774425928383482,3.7593233470779337,0.7201917708663313,25.336435823127715,25.42121344969729,25.0,0.049988342177598316,-4.802319763808973
964.0,-1.2774425928383482,3.7593312690527525,0.7200728162997015,25.33682721552759,25.42193806406317,25.0,0.05015041967567679,-4.802329883677026
965.0,-1.2774425928383482,3.7593420873975387,0.7199523356537304,25.33722416580912,25.422664655667745,25.0,0.05031814659886722,-4.80234370349144
966.0,-1.2774425928383482,3.759366604400152,0.7198266409425143,25.33762663363541,25.423393895335153,25.0,0.05051003344005649,-4.802375022554827
967.0,-1.2774425928383482,3.759401867280875,0.7196967409878945,25.33803457514341,25.424126338711915,25.0,0.05072101948067696,-4.8024200688606085
968.0,-1.2774425928383482,3.7594448580651725,0.7195636691948482,25.338447942943844,25.42486242626694,25.0,0.05094592931598099,-4.802474987119569
969.0,-1.2774425928383482,3.759492715152208,0.7194284081300931,25.33886668612132,25.425602483291584,25.0,0.05117985224259988,-4.802536121800918
970.0,-1.2774425928383482,3.7595427333148455,0.7192918895220888,25.33929075023417,25.42634671989964,25.0,0.05141814225854843,-4.802600017132287
971.0,-1.2774425928383482,3.7595923636996473,0.7191549942610354,25.33972007731461,25.42709523102735,25.0,0.0516564180632204,-4.8026634170997315
972.0,-1.2774425928383482,3.7596392138268735,0.7190185523988741,25.34015460586869,25.427847996433286,25.0,0.0518905630573902,-4.80272326544773
973.0,-1.2774425928383482,3.759681047590487,0.7188833431492877,25.340594270876124,25.428604880698515,25.0,0.0521167253432163,-4.802776705679189
974.0,-1.2774425928383482,3.7597157852581455,0.7187500948876996,25.341039003790684,25.42936563322661,25.0,0.0523313177242333,-4.8028210810554315
975.0,-1.2774425928383482,3.7597415034712096,0.7186194851512746,25.341488732539744,25.430129888243357,25.0,0.05253101770536156,-4.802853934596212
976.0,-1.2774425928383482,3.7597564352447352,0.7184921406389183,25.34194338152463,25.43089716479716,25.0,0.05271276749289812,-4.8028730090797
977.0,-1.2774425928383482,3.759758969967481,0.7183686372112779,25.34240287162038,25.431666866758803,25.0,0.05287377399452408,-4.802876247042496
978.0,-1.2774425928383482,3.7597476534019036,0.7182494998907412,25.34286712017598,25.43243828282141,25.0,0.053011508819301216,-4.802861790779623
979.0,-1.2774425928383482,3.7597211876841574,0.7181352028614374,25.34333604101414,25.43321058650065,25.0,0.05312370827766968,-4.802827982344524
980.0,-1.2774425928383482,3.759678431324098,0.7180261694692367,25.343809544431394,25.433982836134533,25.0,0.053208373381453664,-4.802773363549069
981.0,-1.2774425928383482,3.7596183992052783,0.7179227722217505,25.344287518038072,25.43475344387673,25.0,0.05326376984385636,-4.802696675963551
982.0,-1.2774425928383482,3.759540262584952,0.7178253327883312,25.34476791914858,25.43547444132963,25.0,0.05328842807946272,-4.802596860916685
983.0,-1.2774425928383482,3.759443349094071,0.7177341220000722,25.345251984358924,25.436203492858454,25.0,0.05328114320423893,-4.802473059495614
984.0,-1.2774425928383482,3.759327142737286,0.7176493598498084,25.345742097657137,25.43701139720241,25.0,0.05324097503553069,-4.802324612545897
985.0,-1.2774425928383482,3.759191283892947,0.7175712154921153,25.346238987637776,25.437897640873985,25.0,0.05316724809206552,-4.802151060671525
986.0,-1.2774425928383482,3.7590355693131046,0.7174998072433101,25.34674172750175,25.438790398158687,25.0,0.0530595515939527,-4.8019521442349085
987.0,-1.2774425928383482,3.7588599521235073,0.7174352025814503,25.347247735056328,25.439546531115354,25.0,0.05291773946268219,-4.801727803356882
988.0,-0.849412940362362,3.758182152405262,0.7173774181463354,25.34775277271507,25.439951589575912,25.0,0.03466006930757815,-3.192248552491904
989.0,-0.42138328788637613,3.757484825449856,0.7173264197395053,25.34824889712945,25.439785486300877,25.0,0.016922081034501796,-1.5833413099312263
990.0,0.00664636458960981,3.7567683935041347,0.7172821223242415,25.348721667092093,25.43904236601213,25.0,-0.0002624401545457617,0.024968852421951213
991.0,0.4346760170655958,3.7560334351886455,0.7172443900255662,25.349159135404932,25.437786099075197,25.0,-0.01686066765726412,1.632657653573008
992.0,0.8627056695415817,3.755280685497631,0.7172130361302429,25.34955254864832,25.436116795686075,25.0,-0.032841176935365236,3.2397019380988037
993.0,0.8627056695415817,3.754993425217375,0.7171878230867763,25.34989632064378,25.434171349150915,25.0,-0.032615107298499355,3.2394541170263924
994.0,0.8627056695415817,3.75469031267118,0.717168462505412,25.350188032453957,25.432123435885956,25.0,-0.03237031286969658,3.2391926201142813
995.0,0.6901645356332654,3.7545670058323037,0.7171546151581369,25.350428432382785,25.43018351541741,25.0,-0.02582070523656556,2.5912689940842317
996.0,0.5176234017249491,3.754430411331871,0.717145890978679,25.350622190359843,25.428553730424426,25.0,-0.019299340256901523,1.943381041053203
997.0,0.34508226781663287,3.7542820460326225,0.7171418490625071,25.35077817417141,25.427192812078033,25.0,-0.012816423397603204,1.2955361624682058
998.0,0.17254113390831655,3.7541235831709963,0.7171419976668314,25.350902348572845,25.426035802756246,25.0,-0.006380844696615699,0.647740739872276
999.0,2.220446049250313e-16,3.7539568523571325,0.7171457942106032,25.350999432533854,25.425031372526803,25.0,-8.173696863018108e-18,8.335458661872536e-16
1000.0,2.220446049250313e-16,3.7535893857169533,0.7171526452745147,25.351073155024267,25.424134429749017,25.0,-8.090581636296797e-18,8.334642722023119e-16
1001.0,2.220446049250313e-16,3.7532177794659103,0.7171619066009995,25.35112625501415,25.423306121074006,25.0,-8.006012045515868e-18,8.333817590391113e-16
1002.0,2.220446049250313e-16,3.752844332335238,0.7171728830942322,25.351160481473528,25.422513831444576,25.0,-7.920652853822082e-18,8.332988371185208e-16
1003.0,2.220446049250313e-16,3.752471499429873,0.7171848288201282,25.35117659597222,25.421731231088813,25.0,-7.835214834660098e-18,8.33216051583346e-16
1004.0,2.220446049250313e-16,3.752101892228448,0.7171969470063444,25.35117536124892,25.420955000996457,25.0,-7.750454771771491e-18,8.331339822983282e-16
1005.0,2.220446049250313e-16,3.751738278583298,0.7172083900422788,25.351157318391927,25.420188961741133,25.0,-7.667175459195539e-18,8.330532438501454e-16
1006.0,2.220446049250313e-16,3.751383582720453,0.71721825947907,25.35112264876642,25.41943030722223,25.0,-7.586225701268433e-18,8.329744855474115e-16
1007.0,2.220446049250313e-16,3.7510408852396466,0.7172256060295985,25.351071852512803,25.41868091508593,25.0,-7.508500312624365e-18,8.32898391420677e-16
1008.0,2.220446049250313e-16,3.750713423114308,0.7172294295684851,25.351005748546527,25.4179473467251,25.0,-7.434940118194243e-18,8.328256802224284e-16
1009.0,2.220446049250313e-16,3.7504077114630507,0.7172274925033942,25.350925474558267,25.417240847279345,25.0,-7.367488610222641e-18,8.327577985996039e-16
1010.0,-0.04746654898370027,3.750189485095227,0.7172151857371665,25.35083248701369,25.416577345635005,25.0,0.001565176195682486,-0.17800855289243028
1011.0,-0.13379542136283876,3.7500483314626174,0.7171925903839044,25.350728561153574,25.415977454425104,25.0,0.004395947721814518,-0.5017392966390514
1012.0,-0.2519420730418843,3.7499745340669874,0.7171601870447031,25.350615790993913,25.415466470029457,25.0,0.008267314614309658,-0.944776357967111
1013.0,-0.3961389191284117,3.7499598596782544,0.7171184452680973,25.350496589325758,25.415074372574566,25.0,0.013009762407087214,-1.4855050455878742
1014.0,-0.5616638605000046,3.7499972974639264,0.7170678235500614,25.350373687715148,25.41483582593372,25.0,0.018495295442694754,-2.106237958958173
1015.0,-0.6971842204023577,3.750027350605651,0.7170087693340089,25.350250183520927,25.41478857816054,25.0,0.02302003384266048,-2.61445989491952
1016.0,-0.8081389067226104,3.750054547996097,0.7169417190107933,25.35013092584643,25.41489592092381,25.0,0.026759765414674532,-3.0305649825677183
1017.0,-0.8989809206111221,3.7500823515461668,0.7168670979187072,25.350018743337785,25.415111847851847,25.0,0.029859879284344033,-3.3712524847604945
1018.0,-0.9733560710531839,3.750113357596327,0.7167853203434829,25.349915124821393,25.415419081742016,25.0,0.032440047396341036,-3.6501956037540246
1019.0,-1.034249293984901,3.750149461818243,0.7166967895182921,25.349821406670856,25.415802421851936,25.0,0.034598402708131054,-3.878589433223375
1020.0,-1.0841044482531315,3.7501919942248323,0.7166018976237463,25.349738772806973,25.416248743899473,25.0,0.03641517314248783,-4.065599822742422
1021.0,-1.1249223962519788,3.7502418297071385,0.7165010257878961,25.349668254697917,25.416747000062514,25.0,0.037955785996300555,-4.21873102559856
1022.0,-1.1583413055561729,3.7502994785342763,0.7163945440862319,25.34961073135895,25.41728821897925,25.0,0.039273486033342186,-4.344126794192028
1023.0,-1.1857023943378404,3.750365160448507,0.7162828115416835,25.349566929352534,25.41786550574807,25.0,0.04041152270347632,-4.4468169503850135
1024.0,-1.2081037591610886,3.750438865329176,0.7161661761246203,25.3495374227885,25.41847404192748,25.0,0.04140496466458129,-4.530919291708025
1025.0,-1.2264444454528012,3.7505204028601207,0.716044974752851,25.349522633323772,25.4191110855362,25.0,0.042282197306766085,-4.599804915645197
1026.0,-1.2414605293523822,3.750609443193924,0.715919533291624,25.349522830162527,25.41977597105324,25.0,0.04306615391049405,-4.656233584741572
1027.0,-1.253754659031768,3.7507055502449806,0.7157901665536273,25.349538130056203,25.420470109417636,25.0,0.043775324974914175,-4.702464558275956
1028.0,-1.3485176117906266,3.750903662884337,0.715657178298988,25.349568886631346,25.421217969691043,25.0,0.047530505217047665,-5.058159649529499
1029.0,-1.4403941207331832,3.7511065587263634,0.7155208612352731,25.349617709296865,25.422115907356385,25.0,0.05125742944835367,-5.4030718334331365
1030.0,-1.5299074093563019,3.7513138445792333,0.7153814970174892,25.349686401900613,25.423144855307214,25.0,0.054973164770275466,-5.739162845642643
1031.0,-1.6174858568275976,3.7515250644966875,0.7152393562480819,25.349776286946337,25.42427277782531,25.0,0.058691619897089646,-6.068038733357633
1032.0,-1.7034801903455754,3.75173971915383,0.7150946984769367,25.34988841963991,25.425471760794892,25.0,0.06242406679788918,-6.3910142909112215
1033.0,-1.7034801903455754,3.7518618277738898,0.7149477722013785,25.350023587889382,25.426718011702576,25.0,0.0628823624130858,-6.3912223005265645
1034.0,-1.7034801903455754,3.7519874996465514,0.7147988148661718,25.35018231230515,25.427991859637302,25.0,0.06335018782837946,-6.391436380072127
1035.0,-1.7034801903455754,3.7521159725827515,0.7146480528635205,25.35036484619974,25.429277755290457,25.0,0.06382585901516595,-6.39165523117394
1036.0,-1.7034801903455754,3.75224652852856,0.7144957015330681,25.350571175587845,25.4305642709557,25.0,0.06430778595598063,-6.391877630641356
1037.0,-1.7034801903455754,3.7523784935651725,0.7143419651618974,25.350801019186463,25.431844100529133,25.0,0.0647944726444933,-6.392102430467044
1038.0,-1.7034801903455754,3.7525112379089163,0.714187036984531,25.35105382841482,25.433114059509364,25.0,0.06528451708551106,-6.392328557826992
1039.0,-1.7034801903455754,3.752644175911247,0.7140310991829308,25.351328787394266,25.4343750849971,25.0,0.06577661129497767,-6.392555015080506
1040.0,-1.7034801903455754,3.752776766058751,0.7138743228864983,25.3516248129485,25.435632235695607,25.0,0.06626954129997426,-6.392780879770214
1041.0,-1.7034801903455754,3.752908510973142,0.7137168681720747,25.35194055460323,25.43689469191054,25.0,0.06676218713871555,-6.393005304622058
1042.0,-1.7034801903455754,3.753038957411266,0.7135588840639401,25.352274535740435,25.43817447048491,25.0,0.06725352286055668,-6.393227517545303
1043.0,-1.7034801903455754,3.7531676962650953,0.7134005085338149,25.352627374173096,25.43946488709753,25.0,0.06774261652598713,-6.393446821632529
1044.0,-1.7034801903455754,3.753294362561734,0.7132418685008584,25.352999250511743,25.440761295893992,25.0,0.06822863020663224,-6.393662595159638
1045.0,-1.7034801903455754,3.7534186354634143,0.7130830798316696,25.353389814121897,25.442063642536596,25.0,0.06871081998525623,-6.393874291585846
1046.0,-1.7034801903455754,3.753540238267499,0.7129242473402873,25.353798719317354,25.443371874682782,25.0,0.06918853595575845,-6.394081439553696
1047.0,-1.7034801903455754,3.75365893840648,0.7127654647881893,25.35422562535996,25.444685941984744,25.0,0.06966122222317413,-6.39428364288904
1048.0,-1.7034801903455754,3.7537745474479767,0.7126068148842931,25.354670196459836,25.446005796089594,25.0,0.07012841690367658,-6.394480580601056
1049.0,-1.7034801903455754,3.7538869210947414,0.7124483692849561,25.35513210177521,25.44733139063959,25.0,0.070589752124575,-6.394672006882236
1050.0,-1.7034801903455754,3.7539959591846537,0.7122901885939747,25.35561101541242,25.448662681271685,25.0,0.07104495402431599,-6.394857751108395
1051.0,-1.7034801903455754,3.754101609971394,0.7121323206855174,25.35610661642596,25.449999625617806,25.0,0.07149385290137117,-6.395037725130702
1052.0,-1.7034801903455754,3.7542043905733014,0.7119745910382631,25.356618588818606,25.451342183304916,25.0,0.0719376269501998,-6.395212809850002
1053.0,-1.7034801903455754,3.75430468693706,0.7118168613910089,25.35714662154112,25.45269031595484,25.0,0.07237716914855356,-6.395383662718829
1054.0,-1.7034801903455754,3.754402523045691,0.7116591317437547,25.35769040849243,25.454043987184264,25.0,0.07281252035103498,-6.395550324591782
1055.0,-1.7034801903455754,3.754497922678487,0.7115014020965005,25.358249648519802,25.455403162604853,25.0,0.07324372106519744,-6.395712835976417
1056.0,-1.7034801903455754,3.75459090941101,0.7113436724492462,25.358824045418487,25.456767809823305,25.0,0.07367081145154296,-6.3958712370332345
1057.0,-1.7034801903455754,3.7546815066150923,0.711185942801992,25.359413307931902,25.45813789844101,25.0,0.07409383132352514,-6.396025567575689
1058.0,-1.7034801903455754,3.754769737458833,0.7110282131547379,25.360017149751684,25.45951340005456,25.0,0.0745128201475432,-6.39617586707018
1059.0,-1.7034801903455754,3.754855624906605,0.7108704835074836,25.360635289517518,25.46089428825519,25.0,0.07492781704294946,-6.396322174636058
1060.0,-1.7034801903455754,3.7549391917190476,0.7107127538602294,25.361267453032553,25.46228053768573,25.0,0.07533886078204335,-6.396464529045624
1061.0,-1.7034801903455754,3.7550204604530713,0.7105550242129751,25.361913411726107,25.463672105716398,25.0,0.07574598979007517,-6.396602968724128
1062.0,-1.7034801903455754,3.755099453461856,0.7103972945657209,25.362572936455194,25.465068948439864,25.0,0.07614924214524382,-6.396737531749769
1063.0,-1.7034801903455754,3.7551761928948513,0.7102395649184667,25.36324579207627,25.466471025343992,25.0,0.0765486555786968,-6.396868255853694
1064.0,-1.7034801903455754,3.755250700697777,0.7100818352712125,25.363931747165736,25.467878295618675,25.0,0.07694426747453477,-6.3969951784200045
1065.0,-1.7034801903455754,3.7553229986126206,0.7099241056239582,25.364630574020055,25.46929071815555,25.0,0.07733611486980238,-6.397118336485744
1066.0,-1.7034801903455754,3.755393108177643,0.709766375976704,25.365342048655464,25.470708251548103,25.0,0.07772423445449902,-6.397237766740913
1067.0,-1.7034801903455754,3.7554610507273707,0.7096086463294499,25.36606595080832,25.472130854091688,25.0,0.07810866257156962,-6.397353505528456
1068.0,-1.7034801903455754,3.7555268473926025,0.7094509166821956,25.3668020639347,25.47355848378362,25.0,0.07848943521691072,-6.397465588844269
1069.0,-1.7034801903455754,3.755590519100406,0.7092931870349414,25.367550175210795,25.474991098322903,25.0,0.0788665880393675,-6.397574052337198
1070.0,-1.7034801903455754,3.7556520865741194,0.7091354573876871,25.368310075532747,25.476428655110453,25.0,0.0792401563407352,-6.397678931309039
1071.0,-1.7034801903455754,3.7557115703333483,0.708977727740433,25.369081559516587,25.477871111249158,25.0,0.07961017507575696,-6.397780260714532
1072.0,-1.7034801903455754,3.755768990693971,0.7088199980931787,25.369864425498236,25.479318423543532,25.0,0.07997667885212752,-6.397878075161375
1073.0,-1.7034801903455754,3.755824367768133,0.7086622684459245,25.370658475533617,25.480770548500175,25.0,0.08033970193048945,-6.397972408910209
1074.0,-1.7034801903455754,3.755877721464251,0.7085045387986703,25.371463515373307,25.48222744175615,25.0,0.08069927822443622,-6.398063295874628
1075.0,-1.7034801903455754,3.7559290714870106,0.7083468091514161,25.372279350166366,25.483688871805043,25.0,0.08105544130050914,-6.398150769621173
1076.0,-1.7034801903455754,3.7559784373373684,0.7081890795041619,25.373105822451862,25.485155028342547,25.0,0.08140822437820036,-6.398234863369337
1077.0,-1.7034801903455754,3.756025838312548,0.7080313498569076,25.373942768930192,25.48662579165375,25.0,0.08175766032994992,-6.398315609991559
1078.0,-1.7034801903455754,3.7560582397811486,0.7078778993318346,25.374789993741956,25.48810020526315,25.0,0.08207425551950895,-6.398370805251458
1079.0,-1.7034801903455754,3.7560436956492507,0.7077393073706965,25.3756472684679,25.48957647593437,25.0,0.08228556853927566,-6.398346029610884
1080.0,-1.7034801903455754,3.7559840105391267,0.7076151807576603,25.376514332128977,25.491051973670096,25.0,0.08239534336292247,-6.398244357208129
1081.0,-1.7034801903455754,3.75588264526078,0.7075045741889705,25.37739089118645,25.49252323171237,25.0,0.08241108571795532,-6.398071683464477
1082.0,-1.7034801903455754,3.7557429446336537,0.707406568745057,25.378279524938023,25.494113138210764,25.0,0.08234005879931884,-6.397833706213588
1083.0,-1.7034801903455754,3.7555681374866277,0.7073202718905358,25.379179378108176,25.49566257682835,25.0,0.08218928326939562,-6.397535925701499
1084.0,-1.2130616801263758,3.754808634997007,0.7072448174742085,25.38008190535237,25.49677450071357,25.0,0.057697844397428255,-4.554814471322493
1085.0,-0.722643169907176,3.7540201356735663,0.7071793657290625,25.380976038796916,25.497182821961076,25.0,0.03384916247358797,-2.712817010738513
1086.0,-0.23222465968797631,3.7532055203735046,0.707123103272271,25.3818481985698,25.496753014318983,25.0,0.010701473628932971,-0.8715868747077712
1087.0,0.2581938505312234,3.752367553963457,0.7070752431051931,25.38268229280061,25.495482113188757,25.0,-0.011694196139951839,0.9688382273662531
1088.0,0.7486123607504231,3.751508885319499,0.7070350246133734,25.383459717620838,25.49349871562555,25.0,-0.033293681854896735,2.8084259230152187
1089.0,0.7486123607504231,3.7511847489881616,0.7070017135665427,25.384165504811904,25.491179661077012,25.0,-0.03307596645209631,2.808183270551011
1090.0,0.7486123607504231,3.750844860203381,0.7069746021186174,25.38480188895619,25.488881661255732,25.0,-0.03284181747156375,2.807928825605444
1091.0,0.7486123607504231,3.750491519869547,0.7069530088076994,25.38537173600264,25.486638312338584,25.0,-0.03259346754956697,2.8076643106639843
1092.0,0.7486123607504231,3.750126912900492,0.7069362785560769,25.38587832897116,25.484478452986934,25.0,-0.0323330427388797,2.807391361380134
1093.0,0.7486123607504231,3.7497531082194833,0.7069237826702235,25.386325452113454,25.482430543257863,25.0,-0.032062562508778446,2.807111526575424
1094.0,0.5988898886003385,3.749540795985342,0.7069149188407987,25.386717390912906,25.48052266460394,25.0,-0.02552820681458649,2.245562069610086
1095.0,0.44916741645025393,3.7493230759141025,0.706909111142648,25.38705893208453,25.478782519873334,25.0,-0.01905097097780552,1.6840737594456567
1096.0,0.2994449443001694,3.7491016689573486,0.7069058100348022,25.387355363574954,25.477237433309767,25.0,-0.01263533662475918,1.1226495404366053
1097.0,0.14972247215008486,3.7488781800761046,0.7069044923604786,25.38761247456273,25.475914350552557,25.0,-0.006284404290038946,0.5612913089105054
1098.0,3.108624468950438e-16,3.748654098240833,0.7069046613470795,25.38783678335966,25.47481159789038,25.0,-1.2978332109281858e-17,1.1653157855422793e-15
1099.0,3.108624468950438e-16,3.7482620592053224,0.7069058466061936,25.388033440017637,25.473802071919124,25.0,-1.2856093442876303e-17,1.1651939153284221e-15
1100.0,3.108624468950438e-16,3.747872057185027,0.7069076041335951,25.388203344335295,25.472841567633452,25.0,-1.273431011128479e-17,1.165072678346099e-15
1101.0,3.108624468950438e-16,3.7474852331787236,0.706909516309244,25.38834718678322,25.471906681164057,25.0,-1.2613466630566447e-17,1.1649524292889818e-15
1102.0,3.108624468950438e-16,3.7471026121946323,0.7069111918972861,25.388465768569574,25.47098095298685,25.0,-1.2494003257819663e-17,1.1648334867936338e-15
1103.0,3.108624468950438e-16,3.746725103250408,0.7069122660460533,25.3885600016402,25.470054867923352,25.0,-1.2376315991179182e-17,1.1647161334395075e-15
1104.0,3.108624468950438e-16,3.7463551626952243,0.7069118667506701,25.388630908678635,25.469125855140305,25.0,-1.226143949092889e-17,1.1646011328133174e-15
1105.0,3.108624468950438e-16,3.7460105941602704,0.7069041925755375,25.388679623105872,25.468198288150006,25.0,-1.2156711685889731e-17,1.1644940193954186e-15
1106.0,3.108624468950438e-16,3.745694527634444,0.7068881530675811,25.38870738908065,25.467283484810025,25.0,-1.2063444552980069e-17,1.1643957661818185e-15
1107.0,3.108624468950438e-16,3.745405116048015,0.7068642577351815,25.388715561499282,25.466399707323376,25.0,-1.1980905520562196e-17,1.1643057989879015e-15
1108.0,-0.044623403485580145,3.745190876914904,0.7068329953871948,25.38870560599571,25.465572162238516,25.0,0.0017116592242629619,-0.16712316363108748
1109.0,-0.1257813597118125,3.7450409950464247,0.7067948341329533,25.38867909894151,25.464833000449232,25.0,0.004810654123452991,-0.4710563485334186
1110.0,-0.2368512778167661,3.744946381736703,0.7067502213822651,25.388637859311757,25.46422318678998,25.0,0.009046809387642284,-0.8869953358696128
1111.0,-0.3724110389967249,3.744899375219786,0.7066995838454141,25.388586943634607,25.463807141667132,25.0,0.01422602399518731,-1.3946418672637864
1112.0,-0.5280213878402444,3.744893495424685,0.7066433275331604,25.388530869556803,25.463579448673556,25.0,0.020196906735204342,-1.9773838607680463
1113.0,-0.6554243659356266,3.7448729526100464,0.7065818377567396,25.388472909387474,25.46351402370277,25.0,0.02509692967369579,-2.4544809804739174
1114.0,-0.7597331021360365,3.7448421802577805,0.7065154791278634,25.388416007298986,25.4635869280728,25.0,0.02911806354407147,-2.845080566617122
1115.0,-0.8451338722780106,3.7448046412943676,0.7064445955587195,25.388362779326656,25.46377636852617,25.0,0.03241937399332837,-3.1648612474217757
1116.0,-0.9150541091297887,3.7447630174380637,0.7063695102619713,25.38831551336915,25.464062697230077,25.0,0.03513213650538612,-3.426660786823967
1117.0,-0.9722999573028359,3.7447193642232937,0.7062905257507581,25.388276169188146,25.46442841177611,25.0,0.037364358006042146,-3.640990477945411
1118.0,-1.0191688936881425,3.744675237923876,0.7062079238386952,25.388246378408382,25.46485815518048,25.0,0.039204689939346185,-3.8164565194562585
1119.0,-1.0575419332708487,3.744631799468979,0.706121965639874,25.388227444517952,25.465338715884002,25.0,0.04072576411756919,-3.960105152597921
1120.0,-1.088959120866289,3.7445898995223077,0.7060328915688612,25.38822034286784,25.465859027751947,25.0,0.041987005484217944,-4.077705324988598
1121.0,-1.1146813385258958,3.74455014813905,0.7059409213406999,25.388225720672438,25.466410170074255,25.0,0.043036984607033174,-4.173980171304978
1122.0,-1.1357409091611816,3.744512971796159,0.7058462539709088,25.388243897009033,25.466985367565258,25.0,0.043915373257126786,-4.252796566953608
1123.0,-1.1529830272869082,3.7444786600848037,0.705749067775483,25.388274862818093,25.46757999036396,25.0,0.04465456258638631,-4.317320341115803
1124.0,-1.1670996796446438,3.744447403938909,0.7056495203708928,25.388318280903377,25.468191554033865,25.0,0.045280997483119916,-4.370143365583319
1125.0,-1.178657417060433,3.7444193269340404,0.7055477486740848,25.38837353361731,25.46881428185509,25.0,0.04581627402893988,-4.4133876122752405
1126.0,-1.1881200921187394,3.744394510912762,0.7054438689024815,25.38844035677704,25.4694294607944,25.0,0.0462780403733367,-4.448790351234573
1127.0,-1.1958674751953589,3.744373016964908,0.705337976573981,25.388518848238334,25.470043855430845,25.0,0.04668073519644484,-4.477773905987453
1128.0,-1.202210495976063,3.744354902604772,0.7052301465069578,25.388609115962538,25.47066595291443,25.0,0.04703619243329369,-4.501502764570887
1129.0,-1.2074037221566383,3.7443402358346,0.7051204328202619,25.38871127106148,25.47130291243616,25.0,0.04735413614176,-4.5209303377675605
1130.0,-1.2116555761383652,3.74432910665881,0.7050088689332192,25.388825427797315,25.471960565227903,25.0,0.04764258529529604,-4.53683724098033
1131.0,-1.215136699750802,3.744321636511034,0.7048954675656318,25.38895170358245,25.472643414562754,25.0,0.047908184816131544,-4.54986263619554
1132.0,-1.2179868027075698,3.744317985972325,0.7047802207377774,25.389090218979618,25.47335463575456,25.0,0.048156476264226776,-4.560529892054879
1133.0,-1.2498290833108086,3.7443516175232925,0.7046630997704095,25.389241097701927,25.474096076158276,25.0,0.049603863761048514,-4.67979954972248
1134.0,-1.2810022102390883,3.7443892539875803,0.7045440552847578,25.389404466612802,25.474868255169724,25.0,0.05104178760572935,-4.796570910353582
1135.0,-1.3116274804751438,3.744431257218846,0.704423017202528,25.389580455725934,25.47567036422589,25.0,0.052475907050845934,-4.91129893571833
1136.0,-1.3418042035889957,3.744478038298851,0.7042998947459012,25.38976919820533,25.476500266804464,25.0,0.05391120191174806,-5.024356372036075
1137.0,-1.371613687379695,3.744530062029278,0.7041745764375347,25.38997083036537,25.477354498424404,25.0,0.05535213639848657,-5.136048685884096
1138.0,-1.371613687379695,3.7445522979772634,0.704047638171937,25.390185491670763,25.478228266645488,25.0,0.055556745791641826,-5.1360791850147045
1139.0,-1.371613687379695,3.7445733104053143,0.7039206369045871,25.39041332473647,25.47911545106848,25.0,0.05575976340217297,-5.136108005948624
1140.0,-1.371613687379695,3.7445929087567325,0.7037936356372371,25.390654475327892,25.480008603335136,25.0,0.055960841445839744,-5.136134887315679
1141.0,-1.371613687379695,3.7446111065791317,0.7036666343698872,25.390909092360573,25.480898947128196,25.0,0.05615999850473511,-5.136159847697963
1142.0,-1.371613687379695,3.744627917312424,0.7035396331025372,25.391177291929807,25.4817768392046,25.0,0.05635725301322553,-5.136182905529841
1143.0,-1.371613687379695,3.744643354288815,0.7034126318351872,25.391457958348212,25.482648742239235,25.0,0.05655262325794723,-5.136204079097951
1144.0,-1.371613687379695,3.7446574307328073,0.7032856305678372,25.39175029398075,25.483520652570405,25.0,0.056746127377808084,-5.1362233865412
1145.0,-1.371613687379695,3.7446701597611987,0.7031586293004872,25.392054019007958,25.484392623846873,25.0,0.0569377833639888,-5.136240845850769
1146.0,-1.371613687379695,3.744681554383081,0.7030316280331372,25.392368858254144,25.485264708380555,25.0,0.05712760905993685,-5.136256474870105
1147.0,-1.371613687379695,3.744691627499844,0.7029046267657874,25.39269454118738,25.486136957146186,25.0,0.05731562216137558,-5.136270291294932
1148.0,-1.371613687379695,3.744700391905172,0.7027776254984374,25.393030801919622,25.4870094197816,25.0,0.05750184021629632,-5.1362823126732415
1149.0,-1.371613687379695,3.7447078602850445,0.7026506242310874,25.393377379206413,25.48788214458756,25.0,0.05768628062496386,-5.136292556405297
1150.0,-1.371613687379695,3.744714045217736,0.7025236229637374,25.393734016447297,25.488755178527754,25.0,0.05786896063991093,-5.136301039743632
1151.0,-1.371613687379695,3.7447189591738175,0.7023966216963874,25.39410046168547,25.48962856722892,25.0,0.05804989736594375,-5.136307779793053
1152.0,-1.371613687379695,3.7447226145161574,0.7022696204290374,25.394476467607888,25.490502354980777,25.0,0.058229107760140765,-5.136312793510639
1153.0,-1.371613687379695,3.744725023499916,0.7021426191616875,25.39486179154534,25.491376584735917,25.0,0.05840660863184838,-5.136316097705735
1154.0,-1.371613687379695,3.7447261982725504,0.7020156178943375,25.395256195472427,25.492251298109977,25.0,0.05858241664268524,-5.136317709039959
1155.0,-1.371613687379695,3.744726150873816,0.7018886166269875,25.395659446007528,25.49312653538169,25.0,0.05875654830654406,-5.136317644027207
1156.0,-1.371613687379695,3.7447248932357593,0.7017616153596375,25.396071314412666,25.494002335492496,25.0,0.05892901998958369,-5.136315919033634
1157.0,-1.371613687379695,3.744722437182726,0.7016346140922876,25.39649157659386,25.494878736047042,25.0,0.05909984791023767,-5.136312550277677
1158.0,-1.371613687379695,3.744718794431355,0.7015076128249376,25.39692001310067,25.495755773312908,25.0,0.05926904813920992,-5.1363075538300365
1159.0,-1.371613687379695,3.7447139765905826,0.7013806115575877,25.3973564091267,25.496633482220545,25.0,0.05943663659947418,-5.13630094561369
1160.0,-1.371613687379695,3.744707995161639,0.7012536102902377,25.39780055450916,25.49751189636345,25.0,0.05960262906627703,-5.136292741403881
1161.0,-1.371613687379695,3.7447008615380515,0.7011266090228877,25.398252243729075,25.498391047998098,25.0,0.05976704116713545,-5.136282956828127
1162.0,-1.371613687379695,3.7446925870056416,0.7009996077555377,25.39871127591124,25.49927096804396,25.0,0.05992988838183685,-5.136271607366217
1163.0,-1.371613687379695,3.744683182742527,0.7008726064881877,25.399177472479096,25.500151678367274,25.0,0.060091186042441444,-5.136258708350209
1164.0,-1.371613687379695,3.744672659819121,0.7007456052208377,25.399650712035054,25.501033179499984,25.0,0.06025094933327868,-5.136244274964435
1165.0,-1.371613687379695,3.744661029198133,0.7006186039534879,25.400130835858704,25.501915489604528,25.0,0.060409193290950215,-5.136228322245494
1166.0,-1.371613687379695,3.7446483017345664,0.7004916026861379,25.400617684111012,25.50279862354671,25.0,0.06056593280432813,-5.136210865082261
1167.0,-1.371613687379695,3.7446344881757216,0.7003646014187879,25.401111100027094,25.50368259089373,25.0,0.06072118261455733,-5.136191918215878
1168.0,-1.371613687379695,3.7446195991611946,0.7002376001514379,25.401610929916387,25.50456739591459,25.0,0.06087495731505192,-5.136171496239761
1169.0,-1.371613687379695,3.744603645222875,0.7001105988840879,25.402117023162702,25.505453037579684,25.0,0.061027271351497034,-5.136149613599594
1170.0,-1.371613687379695,3.7445866367849514,0.699983597616738,25.402629232223944,25.506339509561144,25.0,0.06117813902185185,-5.136126284593337
1171.0,-1.371613687379695,3.744568584163905,0.699856596349388,25.403147412632336,25.507226800232388,25.0,0.06132757447634293,-5.1361015233712175
1172.0,-1.371613687379695,3.7445494975685123,0.699729595082038,25.40367142299442,25.508114892668743,25.0,0.06147559171746905,-5.136075343935731
1173.0,-1.371613687379695,3.7445293870998486,0.699602593814688,25.404201124990948,25.509003764646877,25.0,0.06162220460000244,-5.136047760141652
1174.0,-1.371613687379695,3.744498094327761,0.6994789183402974,25.404736586193962,25.509902359043792,25.0,0.06174891797895798,-5.136004838547141
1175.0,-1.371613687379695,3.7444155338188074,0.6993718064341784,25.405281471163107,25.51093976426216,25.0,0.06178259301135448,-5.135891597423023
1176.0,-1.371613687379695,3.7442793929234757,0.6992822862444226,25.405834386344623,25.511970135511433,25.0,0.061718647413471085,-5.135704864707574
1177.0,-1.371613687379695,3.744091974291947,0.699209863048052,25.40639058803424,25.51278840797528,25.0,0.061560918100622454,-5.1354477987472995
1178.0,-0.9925969344949465,3.7434287045717185,0.6991539308319118,25.406944067966492,25.513241768044168,25.0,0.04394700468958762,-3.715715856658276
1179.0,-0.613580181610198,3.742719590049102,0.6991137722926714,25.407487553314468,25.513229653315875,25.0,0.026755665578250983,-2.296458565778374
1180.0,-0.23456342872544944,3.7419677610077273,0.6990885588368231,25.408012506690056,25.5127037525952,25.0,0.010057892682218695,-0.8777287882020657
1181.0,0.14445332415929907,3.7411766236090394,0.6990773505806832,25.408509126143656,25.511668005893966,25.0,-0.006081379933635726,0.5404253995473886
1182.0,0.5234700770440476,3.740349859892297,0.6990790963503916,25.408966345164572,25.510178604431303,25.0,-0.021604009770947074,1.9579612293295132
1183.0,0.5234700770440476,3.7399185796550793,0.6990926336819115,25.409373150593126,25.508385599308838,25.0,-0.021371161083969283,1.9577354670305094
1184.0,0.5234700770440476,3.739459864811777,0.6991166888210302,25.40972912932773,25.506589312556855,25.0,-0.02111844544407691,1.9574953435361446
1185.0,0.5234700770440476,3.738978225035098,0.6991498767233578,25.41003670840996,25.504825187395966,25.0,-0.020848948559282935,1.957243219525139
1186.0,0.5234700770440476,3.7384784458755673,0.6991907010543289,25.410297855310887,25.50309286642795,25.0,-0.020565958808459572,1.9569816000899944
1187.0,0.5234700770440476,3.737965588761524,0.6992375541892009,25.410514479591768,25.501391888578212,25.0,-0.02027296724133758,1.9567131347369937
1188.0,0.5234700770440476,3.737444990999124,0.6992887172130553,25.41068843290458,25.499721689095736,25.0,-0.019973667578506268,1.9564406173862012
1189.0,0.5234700770440476,3.73692226577234,0.6993423599207969,25.410821508991717,25.49808159955336,25.0,-0.01967195621141441,1.9561669863714637
1190.0,0.5234700770440476,3.7364033021429592,0.6993965408171542,25.410915443686008,25.496470847847434,25.0,-0.019371932202369095,1.9558953244404087
1191.0,0.5234700770440476,3.7358942650505855,0.6994492071166794,25.410971982919648,25.494897460102834,25.0,-0.019077897284535714,1.9556288587544455
1192.0,0.4187760616352382,3.7355195854680048,0.699498194743748,25.410994062892314,25.493445608861066,25.0,-0.01508489614212762,1.5643461801635885
1193.0,0.3140820462264287,3.735167989935085,0.6995412283325593,25.410985314808784,25.49213169240312,25.0,-0.011189726184541997,1.1731492052782682
1194.0,0.20938803081761925,3.73484647102488,0.6995759212271361,25.410949265758518,25.49095074590599,25.0,-0.0073852309680040975,0.7820321479740341
1195.0,0.10469401540880978,3.7345622971882557,0.6995997754813249,25.41088938028861,25.489898812794763,25.0,-0.0036603667863161103,0.3909863226869873
1196.0,3.108624468950438e-16,3.7343230127538956,0.6996101818587956,25.410809060403608,25.488972944742557,25.0,-1.079091555070415e-17,1.160860789241148e-15
1197.0,3.108624468950438e-16,3.73400962158382,0.6996073537437072,25.410711645565584,25.488171201670525,25.0,-1.0694373159515587e-17,1.1607633676951829e-15
1198.0,3.108624468950438e-16,3.7337279761750857,0.6995951508909272,25.410600412694293,25.487492651747857,25.0,-1.0610613587274084e-17,1.160675814714267e-15
1199.0,-0.0631102963791541,3.7335499743907112,0.6995731153350542,25.410478576166895,25.486937371391775,25.0,0.0021442896450351648,-0.23562544543018096
1200.0,-0.17789093323978816,3.7334634658413735,0.699540809446908,25.410349287818065,25.486506445267537,25.0,0.0060345330039838115,-0.6641493001551759
1201.0,-0.3349756668746199,3.733458268886061,0.6994979287253358,25.410215636940222,25.486201966288434,25.0,0.011375887592627316,-1.2506176733686722
1202.0,-0.5266960655196742,3.7335257469924983,0.6994443017972118,25.410080650283135,25.48602703561579,25.0,0.017950563091580836,-1.9664333214573513
1203.0,-0.7467737482619048,3.733658461890389,0.6993798904174382,25.40994729205414,25.485985762658913,25.0,0.025598337303918053,-2.788198124315664
1204.0,-0.9269581151891085,3.7337787642933,0.6993047894689438,25.40981846391827,25.486083265075308,25.0,0.03195593072626027,-3.461056525882436
1205.0,-1.0744805976162974,3.7338937048386627,0.6992192269626852,25.409697004997895,25.48632566877029,25.0,0.03725705371021129,-4.011996339410778
1206.0,-1.195261790749843,3.7340084885262868,0.6991235640376463,25.40958569187302,25.486720107897327,25.0,0.04169661731446357,-4.463117672671045
1207.0,-1.294149067961728,3.734126742509651,0.6990182949608381,25.409487238581278,25.487274724858025,25.0,0.04543556467287702,-4.832516643469829
1208.0,-1.3751111229032458,3.734250735344858,0.6989040471272991,25.40940426411106,25.487960907434854,25.0,0.0486056241257561,-5.135009721882339
1209.0,-1.4413972471162555,3.7343815564965097,0.6987815810600954,25.409339046693333,25.488718393555644,25.0,0.05131370659145125,-5.382727295215786
1210.0,-1.4956677355117938,3.7345192633046747,0.6986517904103199,25.409293432829372,25.48955295541657,25.0,0.05364582196242775,-5.585599969772075
1211.0,-1.5401006533457826,3.7346630013112767,0.6985157019570933,25.40926885809762,25.490466075272252,25.0,0.05567047935206066,-5.751756928345818
1212.0,-1.5764792496254565,3.7348111027749975,0.6983744756075635,25.409266347101607,25.49145328033603,25.0,0.05744158665579627,-5.887852204795552
1213.0,-1.6062635251534334,3.734961167328467,0.6982294043969055,25.409286513469738,25.49250414278015,25.0,0.059000891011547416,-5.999331890944206
1214.0,-1.6306488274863362,3.7351101280147803,0.698081914488322,25.40932955985562,25.49360227973591,25.0,0.060380012970830475,-6.09065295077964
1215.0,-1.650613824429388,3.7352543053536245,0.6979335651730431,25.409395277937676,25.49472535329346,25.0,0.06160212968000225,-6.165462394176083
1216.0,-1.6669597814117723,3.7353894516068826,0.6977860488703256,25.409483048419474,25.49584507050173,25.0,0.06268336000606738,-6.226743983738449
1217.0,-1.5809686587939176,3.735398792454298,0.6976411911274544,25.40959184102951,25.496927183368655,25.0,0.05969358432897306,-5.905548418966891
1218.0,-1.4911397951009504,3.7353874492354806,0.6975009506197414,25.409720214521315,25.49793148886107,25.0,0.05649406578296318,-5.569984875675656
1219.0,-1.3981688547674382,3.7353499710525697,0.6973674125225591,25.409866316673344,25.498811828904763,25.0,0.0531060303610397,-5.222649991182155
1220.0,-1.3026253996597839,3.7352898117392894,0.6972397777046,25.410027052192675,25.49954198740255,25.0,0.04956494079150338,-4.86568338386201
1221.0,-1.2049757475937917,3.735214361576564,0.6971158905519172,25.410197931825508,25.50018593174991,25.0,0.04590773360510179,-4.5008427177637875
1222.0,-1.2049757475937917,3.735237732897815,0.6969952261342475,25.410377743059996,25.500770948767695,25.0,0.04608129317728817,-4.500870879639084
1223.0,-1.2049757475937917,3.7352514487533823,0.696877294736056,25.41056562259564,25.501316496235518,25.0,0.04623992492530526,-4.5008874069124
1224.0,-1.2049757475937917,3.7352569700681286,0.6967616418565362,25.410760832879134,25.501838826462574,25.0,0.04638593689062966,-4.500894059962764
1225.0,-1.2049757475937917,3.735255644483563,0.6966478482096103,25.41096276210402,25.50235098628775,25.0,0.04652145817815298,-4.500892462665512
1226.0,-1.2049757475937917,3.735248706357841,0.6965355297239285,25.411170924211092,25.50286281707946,25.0,0.046648438956176944,-4.500884102392282
1227.0,-1.2049757475937917,3.735237276765763,0.6964243375428696,25.41138495888805,25.50338095473586,25.0,0.04676865045641612,-4.500870330011024
1228.0,-1.2049757475937917,3.7352223634987767,0.6963139580245408,25.411604631569787,25.50390882968469,25.0,0.04688368497399792,-4.500852359885988
1229.0,-1.2049757475937917,3.735204861064975,0.6962041127417774,25.41182983343805,25.50444666688327,25.0,0.04699495586745988,-4.500831269877732
1230.0,-1.2049757475937917,3.7351855506890947,0.6960945584821434,25.41206058142177,25.50499148581855,25.0,0.0471036975587524,-4.50080800134312
1231.0,-1.2049757475937917,3.735165100312524,0.6959850872479311,25.412297018196966,25.50553710050724,25.0,0.04721096553324028,-4.5007833591353235
1232.0,-1.2049757475937917,3.7351440645932916,0.6958755262561612,25.412539311679666,25.50607632881963,25.0,0.0473176363396969,-4.500758011603815
1233.0,-1.2049757475937917,3.735122884906074,0.6957657379385827,25.412787071946468,25.506614387424236,25.0,0.04742440759030951,-4.500732490594376
1234.0,-1.2049757475937917,3.735101889342195,0.695655619941673,25.413040107778613,25.507152809838715,25.0,0.04753179796067768,-4.500707191449095
1235.0,-1.2049757475937917,3.735081292709621,0.695545105126638,25.41329829727505,25.507691702265618,25.0,0.04764014718981111,-4.500682373006361
1236.0,-1.2049757475937917,3.735061196532968,0.6954341615694121,25.413561521318172,25.50823115750819,25.0,0.0477496160801345,-4.500658157600875
1237.0,-1.2049757475937917,3.7350415890534965,0.6953227925606574,25.41382966357338,25.50877125497044,25.0,0.047860186497482665,-4.500634531063641
1238.0,-1.2049757475937917,3.7350223452291127,0.6952110366057653,25.41410261048958,25.509312060657123,25.0,0.04797166137110328,-4.500611342721967
1239.0,-1.2049757475937917,3.7350032267343685,0.6950989674248551,25.414380251298724,25.509853627173754,25.0,0.048083664693655236,-4.50058830539947
1240.0,-1.2049757475937917,3.7349838819604613,0.6949866939527745,25.41466247801617,25.510395993726547,25.0,0.04819564152120971,-4.500564995416069
1241.0,-1.2049757475937917,3.734963846015236,0.6948743603390996,25.414949185440435,25.510939186122584,25.0,0.04830685797325126,-4.500540852587992
1242.0,-1.2049757475937917,3.734942540723183,0.6947621459481349,25.41524027115338,25.511483216769477,25.0,0.04841640123267511,-4.500515180227773
1243.0,-1.2049757475937917,3.734919274625437,0.6946502653589135,25.415535635520087,25.51202808467582,25.0,0.048523179545788796,-4.500487145144248
1244.0,-1.2049757475937917,3.7348941606330754,0.694538690321767,25.415835181688863,25.512573775450733,25.0,0.04862736300786586,-4.500456883392527
1245.0,-1.2049757475937917,3.734868209960315,0.694427118493286,25.416138815591353,25.513120261304266,25.0,0.04873053442399005,-4.500425613461217
1246.0,-1.2049757475937917,3.7348414412377458,0.6943155466648051,25.416446445942313,25.51366750104711,25.0,0.048832720109934336,-4.500393357799727
1247.0,-1.2049757475937917,3.73481386241062,0.6942039748363242,25.41675798424376,25.51421544012419,25.0,0.048933929639535224,-4.500360125981894
1248.0,-1.2049757475937917,3.7347854813535815,0.6940924030078433,25.417073350334817,25.514764078181145,25.0,0.04903417250154676,-4.500325927496471
1249.0,-1.2049757475937917,3.73475630587067,0.6939808311793624,25.417392462166333,25.515313439502904,25.0,0.04913345809964797,-4.500290771747139
1250.0,-1.2049757475937917,3.7347263436953164,0.6938692593508815,25.417715233516333,25.51586350961975,25.0,0.04923179575243592,-4.500254668052492
1251.0,-1.2049757475937917,3.7346956024903464,0.6937576875224006,25.418041580977103,25.516414280957292,25.0,0.04932919469342949,-4.5002176256460515
1252.0,-1.2049757475937917,3.734664089847979,0.6936461156939197,25.41837142395542,25.516965752836313,25.0,0.049425664071068263,-4.5001796536762555
1253.0,-1.2049757475937917,3.7346318132898277,0.6935345438654388,25.41870468467249,25.517517931472923,25.0,0.04952121294871469,-4.500140761206468
1254.0,-1.2049757475937917,3.7345987802668983,0.6934229720369579,25.419041288163953,25.518070829978512,25.0,0.04961585030464927,-4.500100957214968
1255.0,-1.2049757475937917,3.7345649981595916,0.6933114002084769,25.419381162279876,25.518624468359633,25.0,0.04970958503207643,-4.500060250594961
1256.0,-1.2049757475937917,3.7345304742777015,0.693199828379996,25.41972423768476,25.51917887351823,25.0,0.04980242593911972,-4.500018650154571
1257.0,-1.2049757475937917,3.7344952158604143,0.6930882565515152,25.420070447857597,25.519734079251407,25.0,0.049894381748824455,-4.499976164616841
1258.0,-1.2049757475937917,3.7344592300763115,0.6929766847230342,25.42041972909169,25.520290126251552,25.0,0.04998546109915672,-4.499932802619739
1259.0,-1.2049757475937917,3.7344225240233686,0.6928651128945533,25.420772020494894,25.520847062106384,25.0,0.05007567254300488,-4.499888572716153
1260.0,-1.2049757475937917,3.7343851047289536,0.6927535410660725,25.42112726398949,25.521404941298783,25.0,0.05016502454817644,-4.4998434833738905
1261.0,-1.2049757475937917,3.7343469791498274,0.6926419692375915,25.42148540431208,25.521963825206967,25.0,0.05025352549740069,-4.4997975429756805
1262.0,-1.2049757475937917,3.7343081541721466,0.6925303974091106,25.421846389013808,25.52252378210443,25.0,0.05034118368832871,-4.499750759819174
1263.0,-1.2049757475937917,3.7342686366114597,0.6924188255806297,25.422210168460197,25.52308488715977,25.0,0.05042800733353124,-4.4997031421169424
1264.0,-1.2049757475937917,3.7342284332127105,0.6923072537521487,25.422576695831253,25.523647222437035,25.0,0.05051400456050187,-4.499654697996479
1265.0,-1.2049757475937917,3.734205255406815,0.6921896468685469,25.42294592712136,25.524210876895438,25.0,0.05062778930900587,-4.499626769302493
1266.0,-1.2049757475937917,3.734212655465075,0.692061318591022,25.423317821139392,25.524775946389468,25.0,0.05079133866188781,-4.499635686193226
1267.0,-1.2049757475937917,3.734223771018631,0.69193133489307,25.423697737637667,25.525540291594496,25.0,0.05096135983795813,-4.499649080165683
1268.0,-1.2049757475937917,3.7342150867599697,0.6918076611810453,25.424087668777474,25.5264641522989,25.0,0.051099919340490914,-4.49963861584461
1269.0,-1.2049757475937917,3.7341671112063466,0.691696932138037,25.424480537623765,25.527198211201323,25.0,0.0511755357732766,-4.4995808064660165
1270.0,-0.7950653821733398,3.7336024077179513,0.6916044517238694,25.42486869866093,25.527490858053397,25.0,0.033391120932932464,-2.9684580251755746
1271.0,-0.38515501675288794,3.732971501443399,0.691534193175102,25.42524394836431,25.527188637510505,25.0,0.015959787160269936,-1.4377727011764856
1272.0,0.024755348667563924,3.7322669723742443,0.691488799005029,25.425597525200203,25.526236249132012,25.0,-0.0010094778997812534,0.09239357022155759
1273.0,0.4346657140880158,3.731485424326805,0.6914695810036798,25.42592010962568,25.52467654738132,25.0,-0.017393515112879718,1.6219487765740332
1274.0,0.8445760795084677,3.730627484942169,0.6914765202378188,25.426201824088764,25.522650541625694,25.0,-0.0330659682789728,3.150798735338992
1275.0,0.8445760795084677,3.7301597746680155,0.6915082670509454,25.426432233028493,25.520397396136275,25.0,-0.03264413877031547,3.1504037184293017
1276.0,0.8445760795084677,3.7296289998131353,0.691562141063294,25.42660134260734,25.51822759505211,25.0,-0.03215035832214234,3.1499554386832656
1277.0,0.8445760795084677,3.7290478594929146,0.6916341311718339,25.42671516414481,25.516107062194408,25.0,-0.03159873998521176,3.1494646214699693
1278.0,0.8445760795084677,3.7284330766475047,0.6917188955502699,25.426780158119072,25.514034608323527,25.0,-0.031007919133465043,3.1489453905846436
1279.0,0.8445760795084677,3.727805398041823,0.6918097616490412,25.426800135004044,25.512074177207182,25.0,-0.030401053464026852,3.148415268248666
1280.0,0.6756608636067742,3.727379961713877,0.6918987261953222,25.426779162408934,25.51027288932653,25.0,-0.023973282232301156,2.5184447639221834
1281.0,0.5067456477050808,3.7269951946297963,0.6919764551930228,25.42672156507814,25.508661041875882,25.0,-0.01774559379770261,1.8886385938963999
1282.0,0.33783043180338734,3.7266839150287985,0.692032283922787,25.426631924891524,25.507252108762884,25.0,-0.011706375499235007,1.258987236208917
1283.0,0.16891521590169392,3.7264641766908086,0.6920602419675256,25.426515080864363,25.506042740608507,25.0,-0.0058113480616509006,0.629456500955656
1284.0,4.884981308350689e-16,3.726265439687213,0.6920827753877667,25.426376129147116,25.50501276474688,25.0,-1.6698167617241385e-17,1.8202737022825197e-15
1285.0,4.884981308350689e-16,3.7258897414131362,0.6921021927596359,25.42622034766839,25.504120461680373,25.0,-1.6505154362733145e-17,1.8200901743778754e-15
1286.0,4.884981308350689e-16,3.7255317797045855,0.6921169802326903,25.426050494234005,25.503269166309906,25.0,-1.6323067084248685e-17,1.8199153107523377e-15
1287.0,4.884981308350689e-16,3.725195416785213,0.6921257724647808,25.425866292865862,25.502423884555355,25.0,-1.6154459437910892e-17,1.8197509980949418e-15
1288.0,4.884981308350689e-16,3.7248840467146382,0.6921273526220524,25.42566777066196,25.501578642519917,25.0,-1.6001583836563577e-17,1.8195988943974685e-15
1289.0,4.884981308350689e-16,3.7246005953884493,0.6921206523789436,25.425455462830485,25.500738504871492,25.0,-1.5866391449772358e-17,1.8194604289544423e-15
1290.0,4.884981308350689e-16,3.724347520538199,0.6921047519181872,25.42523041268987,25.499919574842295,25.0,-1.57505322038227e-17,1.8193368023631337e-15
1291.0,-0.06494395521725908,3.724200003568939,0.6920788799308096,25.42499417166897,25.499148994228847,25.0,0.0020860728150826143,-0.2418642782518973
1292.0,-0.18305952379740828,3.7241462984548885,0.6920424136161314,25.424748799306997,25.49846494339232,25.0,0.0058769218706293935,-0.6817404479470326
1293.0,-0.3447083274285275,3.7241765959831437,0.6919948786817666,25.42449686325341,25.497916641258143,25.0,0.011093305944734903,-1.2837546854498163
1294.0,-0.541999129376848,3.72428258780533,0.6919359493436233,25.424241439267917,25.497564345316277,25.0,0.01753184988451168,-2.0185579201438433
1295.0,-0.768471131448615,3.7244571095132715,0.6918654483259038,25.423987719743707,25.49745561061792,25.0,0.025045750748445235,-2.862137768979502
1296.0,-0.953890724255911,3.7246206565765463,0.6917833468611038,25.423741506110844,25.49756797568392,25.0,0.03132320514707775,-3.5528810956803287
1297.0,-1.1056994471104413,3.7247807961932824,0.6916897646900131,25.42350625169928,25.497869651485303,25.0,0.036588735237477354,-4.118488066958502
1298.0,-1.2299899170969375,3.7249431071622245,0.6915849700617155,25.42328503132927,25.49833184958402,25.0,0.04103017228676163,-4.581642463569273
1299.0,-1.3317503471893979,3.7251114554546536,0.6914693797335885,25.423080548227517,25.498928753070174,25.0,0.04480284602169845,-4.9609184741209384
1300.0,-1.4150647407525372,3.725288219833588,0.6913435589713034,25.4228951340271,25.499637516561563,25.0,0.048033892723019424,-5.2715240090272975
1301.0,-1.4832767969367218,3.7254743667721364,0.6912082438556745,25.422730748767492,25.500438266203957,25.0,0.05082614504296716,-5.525909685815637
1302.0,-1.5391241050653968,3.725667989963884,0.69106497704736,25.422588980894602,25.50131409967105,25.0,0.05325833128770865,-5.734265410823959
1303.0,-1.584848013706965,3.725865888949457,0.6909156286093103,25.42247104726067,25.502251086164506,25.0,0.05539085067862052,-5.904931153440082
1304.0,-1.6222835838627447,3.726064895086461,0.690761912186193,25.42237779312444,25.50323826641386,25.0,0.05727144962048982,-6.044733911706026
1305.0,-1.65293323640829,3.7262619585412278,0.6906053832672857,25.422309692150918,25.50426765267656,25.0,0.05893793836679011,-6.159262238836645
1306.0,-1.678027049518483,3.726454216244013,0.6904474391864757,25.422266846411617,25.505334228737922,25.0,0.06042034586852632,-6.253090973649652
1307.0,-1.6985721260237892,3.7266390475260054,0.6902893191222604,25.42224898638449,25.50643594991135,25.0,0.06174263545513393,-6.329965209879515
1308.0,-1.7153930119830232,3.726814119671064,0.6901321040977468,25.42225640511799,25.507584970485368,25.0,0.06292407317991768,-6.392950897843405
1309.0,-1.7291647886118657,3.726977425210315,0.6899767169806522,25.422291240461107,25.508803233445462,25.0,0.06398032182443196,-6.444558131624991
1310.0,-1.7404401656624198,3.7271273124563957,0.6898239224833033,25.422352401413605,25.510057149014585,25.0,0.064924318224536,-6.486842077136539
1311.0,-1.7496716636062584,3.7272625105027677,0.689674327162637,25.422438485385044,25.51131401838194,25.0,0.065766979276661,-6.521485597448617
1312.0,-1.7572297748698549,3.7273821496914383,0.6895283794201998,25.422548060033705,25.512546302603653,25.0,0.06651777221170127,-6.549866895756202
1313.0,-1.6756065027105744,3.727386815001268,0.6893863695021485,25.42267966326682,25.513731622602563,25.0,0.06367379358422065,-6.245633585333781
1314.0,-1.5922087199443085,3.7273747141632567,0.6892484294992494,25.422831803240285,25.514852759168207,25.0,0.060705002901109,-5.934758522390662
1315.0,-1.5073580907724398,3.727346403572446,0.6891145333468789,25.423002958359064,25.515897652956937,25.0,0.05762911890986812,-5.618445758536482
1316.0,-1.4213179715688058,3.727302867605101,0.6889844968250229,25.423191577276782,25.516859404491868,25.0,0.05446258903096004,-5.2976825512070755
1317.0,-1.3343039802956858,3.727245530530448,0.6888579775582779,25.423396078896076,25.517736274162928,25.0,0.05122066472457614,-4.973278546926082
1318.0,-1.3343039802956858,3.727275229632403,0.6887344750158495,25.423614852368303,25.51853168222675,25.0,0.05142508228846487,-4.973318174556032
1319.0,-1.3343039802956858,3.727296068798879,0.6886133305115537,25.423846257093658,25.51925420880673,25.0,0.0516145316655125,-4.973345980338807
1320.0,-1.3343039802956858,3.727310710380102,0.6884937272038162,25.424088622721342,25.51991759389307,25.0,0.05179365515518658,-4.97336551665891
1321.0,-1.3343039802956858,3.7273223104204454,0.6883746900956724,25.424340249149225,25.520540737342742,25.0,0.051967964822387615,-4.973380994638912
1322.0,-1.3343039802956858,3.727334518658431,0.6882550860347679,25.424599406524067,25.52114769887936,25.0,0.052143842497448516,-4.973397284139448
1323.0,-1.3343039802956858,3.7273514785267294,0.6881336237133581,25.42486433524158,25.521767698093527,25.0,0.05232853977613751,-4.9734199137592245
1324.0,-1.3343039802956858,3.727373625947826,0.6880101461594714,25.425133755522154,25.52242766562722,25.0,0.052522847759888004,-4.973449465151347
1325.0,-1.3343039802956858,3.727394602788791,0.6878865994946293,25.42541012536998,25.523098409058775,25.0,0.05271568604893355,-4.97347745463374
1326.0,-1.3343039802956858,3.7274141971708694,0.687763052829787,25.425693945303976,25.523771200040983,25.0,0.052906679717583095,-4.973503599495739
1327.0,-1.3343039802956858,3.7274324224399176,0.6876395061649448,25.42598506978112,25.52444603490153,25.0,0.05309584657326715,-4.973527917544772
1328.0,-1.3343039802956858,3.727449291830525,0.6875159595001026,25.426283355767055,25.525122909396714,25.0,0.053283204274951076,-4.973550426439805
1329.0,-1.3343039802956858,3.7274648184660157,0.6873924128352604,25.426588662735753,25.52580181871167,25.0,0.053468770333137995,-4.97357114369134
1330.0,-1.3343039802956858,3.7274790153584463,0.6872688661704183,25.426900852669633,25.526482757460315,25.0,0.05365256210986704,-4.973590086661418
1331.0,-1.3343039802956858,3.7274918954086056,0.687145319505576,25.427219790059723,25.527165719685115,25.0,0.053834596818712166,-4.973607272563612
1332.0,-1.3343039802956858,3.7275034714060165,0.6870217728407338,25.427545341905443,25.527850698857378,25.0,0.05401489152478511,-4.973622718463034
1333.0,-1.3343039802956858,3.7275137560289373,0.6868982261758917,25.427877377714594,25.528537687877076,25.0,0.05419346314473479,-4.973636441276333
1334.0,-1.3343039802956858,3.7275227618443547,0.6867746795110494,25.42821576950371,25.529226679072963,25.0,0.05437032844674378,-4.97364845777169
1335.0,-1.3343039802956858,3.7275305013079936,0.6866511328462073,25.428560391797475,25.529917664202515,25.0,0.054545504050533614,-4.973658784568829
1336.0,-1.3343039802956858,3.7275369867643087,0.6865275861813651,25.428911121629255,25.53061063445182,25.0,0.05471900642736002,-4.973667438139004
1337.0,-1.3343039802956858,3.727542230446491,0.6864040395165228,25.429267838540852,25.531305580435742,25.0,0.05489085190001834,-4.9736744348050115
1338.0,-1.3343039802956858,3.727546244476461,0.6862804928516807,25.429630424582456,25.53200249219799,25.0,0.05506105664283574,-4.973679790741177
1339.0,-1.3343039802956858,3.7275490408648757,0.6861569461868385,25.429998764312813,25.532701359210876,25.0,0.05522963668167895,-4.97368352197337
1340.0,-1.3343039802956858,3.727550631511124,0.6860333995219963,25.430372725324673,25.533402179578957,25.0,0.0553966078939507,-4.97368564437899
1341.0,-1.3343039802956858,3.7275510282033286,0.6859098528571541,25.43075215105131,25.534104964406936,25.0,0.05556198600858915,-4.9736861736869775
1342.0,-1.3343039802956858,3.727550242618345,0.685786306192312,25.431136956117996,25.534809692772342,25.0,0.055725786606069645,-4.9736851254778065
1343.0,-1.3343039802956858,3.72754828632176,0.6856627595274697,25.431527059941686,25.535516342064795,25.0,0.05588802511840174,-4.973682515183487
1344.0,-1.3343039802956858,3.727545170767899,0.6855392128626275,25.431922382069672,25.53622489015413,25.0,0.05604871682913458,-4.973678358087569
1345.0,-1.3343039802956858,3.727540907299815,0.6854156661977854,25.43232284217987,25.536935315390565,25.0,0.05620787687335209,-4.973672669325135
1346.0,-1.3343039802956858,3.7275355071492973,0.6852921195329431,25.432728360080546,25.53764759660436,25.0,0.05636552023767305,-4.973665463882805
1347.0,-1.3343039802956858,3.727528981436868,0.685168572868101,25.43313885571058,25.5383617131061,25.0,0.05652166176025579,-4.973656756598737
1348.0,-1.3343039802956858,3.7275213411717822,0.6850450262032588,25.433554249139263,25.539077644686643,25.0,0.05667631613079227,-4.973646562162622
1349.0,-1.3343039802956858,3.727512597252028,0.6849214795384165,25.433974460566503,25.539795371617004,25.0,0.056829497890512226,-4.973634895115691
1350.0,-1.3343039802956858,3.7275027604643274,0.6847979328735744,25.434399410322612,25.540514874648466,25.0,0.056981221432180824,-4.973621769850708
1351.0,-1.3343039802956858,3.7274918414841345,0.6846743862087322,25.434829018868413,25.541236135012525,25.0,0.05713150100009982,-4.973607200611976
1352.0,-1.3343039802956858,3.7274798508756386,0.68455083954389,25.435263206795298,25.54195913442095,25.0,0.05728035069010874,-4.973591201495334
1353.0,-1.3343039802956858,3.72746679909176,0.6844272928790478,25.435701894825,25.54268385506566,25.0,0.057427784449580764,-4.973573786448155
1354.0,-1.3343039802956858,3.727452696382274,0.6843037462142055,25.436145003809884,25.54341027961891,25.0,0.0575738159548324,-4.973554969146755
1355.0,-1.3343039802956858,3.727437552788954,0.6841801995493634,25.436592454732818,25.544138391233105,25.0,0.057718458604639804,-4.973534762989911
1356.0,-1.3343039802956858,3.7274213784063877,0.6840566528845212,25.43704416870702,25.54486817354092,25.0,0.05786172586825466,-4.973513181446875
1357.0,-1.3343039802956858,3.727404183240238,0.683933106219679,25.43750006697644,25.545599610655245,25.0,0.05800363109627052,-4.973490237868239
1358.0,-1.3343039802956858,3.7273859772036904,0.6838095595548368,25.437960070915324,25.54633268716924,25.0,0.0581441875158907,-4.973465945481208
1359.0,-1.3343039802956858,3.727366770117452,0.6836860128899946,25.438424102028478,25.547067388156222,25.0,0.0582834082309241,-4.97344031738959
1360.0,-1.3343039802956858,3.7273465717097545,0.6835624662251524,25.438892081951224,25.547803699169833,25.0,0.058421306221788816,-4.973413366573804
1361.0,-1.3343039802956858,3.727325391616353,0.6834389195603102,25.439363932449396,25.548541606243816,25.0,0.05855789434551151,-4.973385105890876
1362.0,-1.3343039802956858,3.7273032393805257,0.6833153728954681,25.439839575419285,25.549281095892354,25.0,0.058693185335725616,-4.973355548074439
1363.0,-1.3343039802956858,3.727280124453073,0.6831918262306258,25.440318932887692,25.550022155109673,25.0,0.058827191802672575,-4.9733247057347345
1364.0,-1.3343039802956858,3.72725605619232,0.6830682795657836,25.440801927011933,25.550764771370268,25.0,0.05895992623320181,-4.973292591358613
1365.0,-1.3343039802956858,3.7272310438641147,0.6829447329009415,25.441288480079834,25.551508932628906,25.0,0.05909140099077247,-4.973259217309532
1366.0,-1.3343039802956858,3.7272050966418275,0.6828211862360992,25.441778514509622,25.55225462732062,25.0,0.059221628315448166,-4.973224595827556
1367.0,-1.3343039802956858,3.7271782236063538,0.6826976395712571,25.44227195285015,25.55300184436055,25.0,0.059350620323904625,-4.973188739029362
1368.0,-1.3343039802956858,3.727150433746111,0.6825740929064149,25.442768717780666,25.553750573144214,25.0,0.059478389009421394,-4.973151658908227
