time_s,speed_mps
0.0,0.0
0.1,0.0
0.2,0.0
0.30000000000000004,0.0
0.4,0.0
0.5,0.0
0.6000000000000001,0.0
0.7000000000000001,0.0
0.8,0.0
0.9,0.0
1.0,0.0
1.1,0.0
1.2000000000000002,0.0
1.3,0.0
1.4000000000000001,0.0
1.5,0.0
1.6,0.0
1.7000000000000002,0.0
1.8,0.0
1.9000000000000001,0.0
2.0,0.0
2.1,0.048888172
2.2,0.109540036
2.3000000000000003,0.180920859
2.4000000000000004,0.261995911
2.5,0.351730458
2.6,0.449089769
2.7,0.553039111
2.8000000000000003,0.662543751
2.9000000000000004,0.776568958
3.0,0.89408
3.1,1.01419937
3.2,1.136678464
3.3000000000000003,1.261425905
3.4000000000000004,1.388350316
3.5,1.517360319
3.6,1.648364537
3.7,1.781271591
3.8000000000000003,1.915990105
3.9000000000000004,2.0524287
4.0,2.190496
4.1000000000000005,2.330081006
4.2,2.470994236
4.3,2.613026591
4.4,2.755968967
4.5,2.899612264
4.6000000000000005,3.043747379
4.7,3.188165212
4.800000000000001,3.332656661
4.9,3.477012624
5.0,3.621024
5.1000000000000005,3.764537056
5.2,3.907619534
5.300000000000001,4.050394548
5.4,4.192985208
5.5,4.335514626
5.6000000000000005,4.478105914
5.7,4.620882183
5.800000000000001,4.763966546
5.9,4.907482115
6.0,5.051552
6.1000000000000005,5.196231571
6.2,5.341305226
6.300000000000001,5.486489618
6.4,5.631501402
6.5,5.776057234
6.6000000000000005,5.919873766
6.7,6.062667655
6.800000000000001,6.204155554
6.9,6.344054117
7.0,6.48208
7.1000000000000005,6.617986643
7.2,6.751674635
7.300000000000001,6.883081348
7.4,7.012144159
7.5,7.138800439
7.6000000000000005,7.262987565
7.7,7.38464291
7.800000000000001,7.503703847
7.9,7.620107753
8.0,7.733792
8.1,7.844748671
8.200000000000001,7.953188683
8.3,8.05937766
8.4,8.163581228
8.5,8.266065009
8.6,8.36709463
8.700000000000001,8.466935715
8.8,8.565853888
8.9,8.664114775
9.0,8.761984
9.1,8.859695087
9.200000000000001,8.95735316
9.3,9.055031242
9.4,9.152802355
9.5,9.250739524
9.600000000000001,9.348915771
9.700000000000001,9.447404119
9.8,9.546277591
9.9,9.64560921
10.0,9.745472
10.100000000000001,9.845878564
10.200000000000001,9.946599829
10.3,10.0473463
10.4,10.14782849
10.5,10.24775689
10.600000000000001,10.34684203
10.700000000000001,10.4447944
10.8,10.54132452
10.9,10.63614288
11.0,10.72896
11.100000000000001,10.81953664
11.200000000000001,10.9078346
11.3,10.99386592
11.4,11.07764267
11.5,11.1591769
11.600000000000001,11.23848065
11.700000000000001,11.31556598
11.8,11.39044495
11.9,11.4631296
12.0,11.533632
12.100000000000001,11.60195769
12.200000000000001,11.66808623
12.3,11.73199068
12.4,11.79364409
12.5,11.85301952
12.600000000000001,11.91009003
12.700000000000001,11.96482868
12.8,12.01720852
12.9,12.0672026
13.0,12.114784
13.100000000000001,12.15999091
13.200000000000001,12.20312212
13.3,12.24454158
13.4,12.28461324
13.5,12.32370103
13.600000000000001,12.3621689
13.700000000000001,12.40038078
13.8,12.43870064
13.9,12.47749239
14.0,12.51712
14.100000000000001,12.55787212
14.200000000000001,12.59973633
14.3,12.64262491
14.4,12.68645016
14.5,12.73112437
14.600000000000001,12.77655982
14.700000000000001,12.82266882
14.8,12.86936366
14.9,12.91655662
15.0,12.96416
15.100000000000001,13.01205382
15.200000000000001,13.05998901
15.3,13.10768425
15.4,13.15485819
15.5,13.20122951
15.600000000000001,13.24651687
15.700000000000001,13.29043893
15.8,13.33271436
15.9,13.37306183
16.0,13.4112
16.1,13.44696249
16.2,13.48064272
16.3,13.51264907
16.400000000000002,13.54338991
16.5,13.5732736
16.6,13.60270852
16.7,13.63210305
16.8,13.66186556
16.900000000000002,13.69240442
17.0,13.724128
17.1,13.75733007
17.2,13.79184598
17.3,13.82739646
17.400000000000002,13.86370225
17.5,13.9004841
17.6,13.93746273
17.7,13.9743589
17.8,14.01089335
17.900000000000002,14.0467868
18.0,14.08176
18.1,14.11560894
18.2,14.14843059
18.3,14.18039717
18.400000000000002,14.21168091
18.5,14.24245402
18.6,14.27288873
18.7,14.30315726
18.8,14.33343184
18.900000000000002,14.36388468
19.0,14.394688
19.1,14.42596176
19.200000000000003,14.45761683
19.3,14.4895118
19.400000000000002,14.52150526
19.5,14.55345583
19.6,14.58522208
19.700000000000003,14.61666263
19.8,14.64763607
19.900000000000002,14.67800099
20.0,14.707616
20.1,14.73638411
20.200000000000003,14.76438607
20.3,14.79174704
20.400000000000002,14.81859219
20.5,14.84504667
20.6,14.87123567
20.700000000000003,14.89728433
20.8,14.92331783
20.900000000000002,14.94946133
21.0,14.97584
21.1,15.00254297
21.200000000000003,15.02951523
21.3,15.05666576
21.400000000000002,15.08390352
21.5,15.11113748
21.6,15.1382766
21.700000000000003,15.16522984
21.8,15.19190618
21.900000000000002,15.21821458
22.0,15.244064
22.1,15.26937371
22.200000000000003,15.29410416
22.3,15.31822609
22.400000000000002,15.34171026
22.5,15.36452741
22.6,15.38664828
22.700000000000003,15.40804363
22.8,15.4286842
22.900000000000002,15.44854074
23.0,15.467584
23.1,15.48577957
23.200000000000003,15.50307241
23.3,15.51940237
23.400000000000002,15.53470925
23.5,15.54893288
23.6,15.56201308
23.700000000000003,15.57388967
23.8,15.58450248
23.900000000000002,15.59379131
24.0,15.601696
24.1,15.60825609
24.200000000000003,15.61391005
24.3,15.61919607
24.400000000000002,15.62465234
24.5,15.63081706
24.6,15.63822841
24.700000000000003,15.64742458
24.8,15.65894378
24.900000000000002,15.67332419
25.0,15.691104
25.1,15.71260646
25.200000000000003,15.73729505
25.3,15.7644183
25.400000000000002,15.79322474
25.5,15.82296289
25.6,15.85288129
25.700000000000003,15.88222847
25.8,15.91025297
25.900000000000002,15.9362033
26.0,15.959328
26.1,15.9790545
26.200000000000003,15.99552579
26.3,16.00906377
26.400000000000002,16.01999034
26.5,16.02862738
26.6,16.03529679
26.700000000000003,16.04032047
26.8,16.0440203
26.900000000000002,16.04671818
27.0,16.048736
27.1,16.05029737
27.200000000000003,16.05123269
27.3,16.05127409
27.400000000000002,16.05015368
27.5,16.04760359
27.6,16.04335593
27.700000000000003,16.03714282
27.8,16.02869638
27.900000000000002,16.01774874
28.0,16.004032
28.1,15.98740317
28.200000000000003,15.96821878
28.3,15.94696023
28.400000000000002,15.92410893
28.5,15.90014628
28.6,15.87555368
28.700000000000003,15.85081255
28.8,15.82640429
28.900000000000002,15.8028103
29.0,15.780512
29.1,15.75985778
29.200000000000003,15.74066402
29.3,15.7226141
29.400000000000002,15.70539141
29.5,15.68867931
29.6,15.67216119
29.700000000000003,15.65552042
29.8,15.63844038
29.900000000000002,15.62060445
30.0,15.601696
30.1,15.58153733
30.200000000000003,15.56050639
30.3,15.53912002
30.400000000000002,15.5178951
30.5,15.49734848
30.6,15.47799703
30.700000000000003,15.46035759
30.8,15.44494703
30.900000000000002,15.43228222
31.0,15.42288
31.1,15.41710282
31.200000000000003,15.4146954
31.3,15.41524804
31.400000000000002,15.41835106
31.5,15.42359476
31.6,15.43056943
31.700000000000003,15.43886539
31.8,15.44807293
31.900000000000002,15.45778237
32.0,15.467584
32.1,15.47714459
32.2,15.4864367
32.300000000000004,15.49550937
32.4,15.50441162
32.5,15.51319249
32.6,15.521901
32.7,15.53058618
32.800000000000004,15.53929705
32.9,15.54808265
33.0,15.556992
33.1,15.56610156
33.2,15.57559748
33.300000000000004,15.58569336
33.4,15.59660276
33.5,15.60853928
33.6,15.62171649
33.7,15.63634799
33.800000000000004,15.65264735
33.9,15.67082816
34.0,15.691104
34.1,15.7135917
34.2,15.73802111
34.300000000000004,15.7640253
34.4,15.79123737
34.5,15.81929039
34.6,15.84781747
34.7,15.87645168
34.800000000000004,15.90482612
34.9,15.93257386
35.0,15.959328
35.1,15.98476827
35.2,16.00876097
35.300000000000004,16.03121905
35.4,16.05205546
35.5,16.07118315
35.6,16.08851506
35.7,16.10396416
35.800000000000004,16.11744338
35.9,16.12886568
36.0,16.138144
36.1,16.14528029
36.2,16.15063244
36.300000000000004,16.15464735
36.4,16.15777191
36.5,16.16045302
36.6,16.16313757
36.7,16.16627245
36.800000000000004,16.17030455
36.9,16.17568077
37.0,16.182848
37.1,16.19211875
37.2,16.203268
37.300000000000004,16.21593636
37.4,16.22976441
37.5,16.24439277
37.6,16.25946202
37.7,16.27461277
37.800000000000004,16.28948562
37.9,16.30372116
38.0,16.31696
38.1,16.32893364
38.2,16.33973721
38.300000000000004,16.34955676
38.400000000000006,16.35857831
38.5,16.36698791
38.6,16.3749716
38.7,16.38271542
38.800000000000004,16.39040539
38.900000000000006,16.39822758
39.0,16.406368
39.1,16.41496228
39.2,16.4239443
39.300000000000004,16.43319755
39.400000000000006,16.44260549
39.5,16.45205159
39.6,16.46141932
39.7,16.47059216
39.800000000000004,16.47945357
39.900000000000006,16.48788703
40.0,16.495776
40.1,16.50302536
40.2,16.50962555
40.300000000000004,16.51558844
40.400000000000006,16.52092589
40.5,16.52564974
40.6,16.52977185
40.7,16.53330407
40.800000000000004,16.53625827
40.900000000000006,16.5386463
41.0,16.54048
41.1,16.54178078
41.2,16.54260821
41.300000000000004,16.54303139
41.400000000000006,16.54311944
41.5,16.54294146
41.6,16.54256657
41.7,16.54206386
41.800000000000004,16.54150246
41.900000000000006,16.54095147
42.0,16.54048
42.1,16.5401423
42.2,16.53993316
42.300000000000004,16.53983251
42.400000000000006,16.53982028
42.5,16.53987641
42.6,16.53998083
42.7,16.54011347
42.800000000000004,16.54025425
42.900000000000006,16.54038312
43.0,16.54048
43.1,16.54053003
43.2,16.54053917
43.300000000000004,16.54051858
43.400000000000006,16.54047943
43.5,16.54043288
43.6,16.54039011
43.7,16.54036227
43.800000000000004,16.54036053
43.900000000000006,16.54039605
44.0,16.54048
44.1,16.54061759
44.2,16.54079018
44.300000000000004,16.54097318
44.400000000000006,16.541142
44.5,16.54127205
44.6,16.54133873
44.7,16.54131746
44.800000000000004,16.54118364
44.900000000000006,16.54091269
45.0,16.54048
45.1,16.53987962
45.2,16.53918013
45.300000000000004,16.53846871
45.400000000000006,16.53783258
45.5,16.53735893
45.6,16.53713496
45.7,16.53724789
45.800000000000004,16.5377849
45.900000000000006,16.5388332
46.0,16.54048
46.1,16.54278862
46.2,16.54572695
46.300000000000004,16.54923899
46.400000000000006,16.55326875
46.5,16.55776025
46.6,16.56265748
46.7,16.56790446
46.800000000000004,16.5734452
46.900000000000006,16.57922371
47.0,16.585184
47.1,16.5913022
47.2,16.59768295
47.300000000000004,16.604463
47.400000000000006,16.61177913
47.5,16.61976809
47.6,16.62856664
47.7,16.63831154
47.800000000000004,16.64913956
47.900000000000006,16.66118746
48.0,16.674592
48.1,16.68947471
48.2,16.70589621
48.300000000000004,16.7239019
48.400000000000006,16.74353717
48.5,16.76484741
48.6,16.78787802
48.7,16.81267439
48.800000000000004,16.83928191
48.900000000000006,16.86774599
49.0,16.898112
49.1,16.93036473
49.2,16.96424645
49.300000000000004,16.99943884
49.400000000000006,17.03562356
49.5,17.07248228
49.6,17.10969665
49.7,17.14694834
49.800000000000004,17.18391902
49.900000000000006,17.22029035
50.0,17.255744
50.1,17.29004053
50.2,17.32325609
50.300000000000004,17.35554573
50.400000000000006,17.38706451
50.5,17.41796749
50.6,17.4484097
50.7,17.4785462
50.800000000000004,17.50853205
50.900000000000006,17.5385223
51.0,17.568672
51.1,17.59910475
51.2,17.62981835
51.300000000000004,17.66077916
51.400000000000006,17.69195352
51.5,17.72330778
51.6,17.75480831
51.7,17.78642144
51.800000000000004,17.81811353
51.900000000000006,17.84985093
52.0,17.8816
52.1,17.91332928
52.2,17.94501611
52.300000000000004,17.97664004
52.400000000000006,18.00818062
52.5,18.03961738
52.6,18.07092988
52.7,18.10209764
52.800000000000004,18.13310022
52.900000000000006,18.16391716
53.0,18.194528
53.1,18.22493494
53.2,18.2552308
53.300000000000004,18.28553107
53.400000000000006,18.3159512
53.5,18.34660668
53.6,18.37761299
53.7,18.4090856
53.800000000000004,18.44113999
53.900000000000006,18.47389163
54.0,18.507456
54.1,18.54190046
54.2,18.5770999
54.300000000000004,18.6128811
54.400000000000006,18.64907084
54.5,18.68549589
54.6,18.72198302
54.7,18.75835903
54.800000000000004,18.79445067
54.900000000000006,18.83008474
55.0,18.865088
55.1,18.89932293
55.2,18.93279481
55.300000000000004,18.96554459
55.400000000000006,18.99761326
55.5,19.02904177
55.6,19.0598711
55.7,19.09014222
55.800000000000004,19.1198961
55.900000000000006,19.1491737
56.0,19.178016
56.1,19.20645869
56.2,19.23451639
56.300000000000004,19.26219845
56.400000000000006,19.28951421
56.5,19.31647303
56.6,19.34308424
56.7,19.3693572
56.800000000000004,19.39530124
56.900000000000006,19.42092573
57.0,19.44624
57.1,19.47123879
57.2,19.49585835
57.300000000000004,19.52002033
57.400000000000006,19.54364637
57.5,19.56665812
57.6,19.58897722
57.7,19.61052532
57.800000000000004,19.63122405
57.900000000000006,19.65099506
58.0,19.66976
58.1,19.68745954
58.2,19.70411051
58.300000000000004,19.71974875
58.400000000000006,19.73441013
58.5,19.74813049
58.6,19.76094569
58.7,19.77289159
58.800000000000004,19.78400404
58.900000000000006,19.79431889
59.0,19.803872
59.1,19.81272711
59.2,19.82105949
59.300000000000004,19.82907231
59.400000000000006,19.83696873
59.5,19.84495192
59.6,19.85322503
59.7,19.86199123
59.800000000000004,19.87145369
59.900000000000006,19.88181556
60.0,19.89328
60.1,19.90596431
60.2,19.91964231
60.300000000000004,19.93400193
60.400000000000006,19.94873113
60.5,19.96351783
60.6,19.97804998
60.7,19.99201553
60.800000000000004,20.00510243
60.900000000000006,20.0169986
61.0,20.027392
61.1,20.03606264
61.2,20.04315885
61.300000000000004,20.04892101
61.400000000000006,20.05358952
61.5,20.05740477
61.6,20.06060716
61.7,20.06343709
61.800000000000004,20.06613494
61.900000000000006,20.06894111
62.0,20.072096
62.1,20.07578108
62.2,20.07994221
62.300000000000004,20.08446629
62.400000000000006,20.08924028
62.5,20.09415109
62.6,20.09908565
62.7,20.10393089
62.800000000000004,20.10857374
62.900000000000006,20.11290114
63.0,20.1168
63.1,20.12021142
63.2,20.12329313
63.300000000000004,20.12625701
63.400000000000006,20.12931497
63.5,20.13267888
63.6,20.13656065
63.7,20.14117215
63.800000000000004,20.14672528
63.900000000000006,20.15343194
64.0,20.161504
64.10000000000001,20.17108504
64.2,20.18204535
64.3,20.19418687
64.4,20.20731156
64.5,20.22122138
64.60000000000001,20.2357183
64.7,20.25060426
64.8,20.26568123
64.9,20.28075115
65.0,20.295616
65.10000000000001,20.31011804
65.2,20.32426078
65.3,20.33808807
65.4,20.35164372
65.5,20.36497158
65.60000000000001,20.37811547
65.7,20.39111923
65.8,20.40402668
65.9,20.41688166
66.0,20.429728
66.10000000000001,20.44260601
66.2,20.45554193
66.3,20.46855847
66.4,20.48167835
66.5,20.4949243
66.60000000000001,20.50831902
66.7,20.52188523
66.8,20.53564565
66.9,20.549623
67.0,20.56384
67.10000000000001,20.57829312
67.2,20.59287391
67.3,20.60744765
67.4,20.62187966
67.5,20.63603523
67.60000000000001,20.64977966
67.7,20.66297825
67.8,20.67549631
67.9,20.68719912
68.0,20.697952
68.10000000000001,20.707684
68.2,20.71657921
68.3,20.72488551
68.4,20.73285075
68.5,20.74072278
68.60000000000001,20.74874947
68.7,20.75717868
68.8,20.76625827
68.9,20.77623609
69.0,20.78736
69.10000000000001,20.79978318
69.2,20.81328002
69.3,20.82753024
69.4,20.84221354
69.5,20.85700964
69.60000000000001,20.87159825
69.7,20.88565908
69.8,20.89887184
69.9,20.91091625
70.0,20.921472
70.10000000000001,20.9303103
70.2,20.93756829
70.3,20.9434746
70.4,20.94825784
70.5,20.95214664
70.60000000000001,20.95536964
70.7,20.95815544
70.8,20.96073269
70.9,20.96333
71.0,20.966176
71.10000000000001,20.96945158
71.2,20.97314671
71.3,20.97720363
71.4,20.98156458
71.5,20.98617178
71.60000000000001,20.99096748
71.7,20.99589392
71.8,21.00089333
71.9,21.00590794
72.0,21.01088
72.10000000000001,21.01576177
72.2,21.02054565
72.3,21.02523407
72.4,21.02982945
72.5,21.03433423
72.60000000000001,21.03875083
72.7,21.04308168
72.8,21.0473292
72.9,21.05149583
73.0,21.055584
73.10000000000001,21.05960373
73.2,21.06359548
73.3,21.06760729
73.4,21.07168721
73.5,21.0758833
73.60000000000001,21.0802436
73.7,21.08481618
73.8,21.08964907
73.9,21.09479032
74.0,21.100288
74.10000000000001,21.1061497
74.2,21.11222124
74.3,21.11830798
74.4,21.12421531
74.5,21.12974857
74.60000000000001,21.13471316
74.7,21.13891442
74.8,21.14215774
74.9,21.14424847
75.0,21.144992
75.10000000000001,21.14425846
75.2,21.14217711
75.3,21.13894196
75.4,21.13474705
75.5,21.12978641
75.60000000000001,21.12425405
75.7,21.118344
75.8,21.11225029
75.9,21.10616695
76.0,21.100288
76.10000000000001,21.09476762
76.2,21.08960064
76.3,21.08474202
76.4,21.08014675
76.5,21.0757698
76.60000000000001,21.07156614
76.7,21.06749076
76.80000000000001,21.06349862
76.9,21.05954471
77.0,21.055584
77.10000000000001,21.05157665
77.2,21.04750354
77.30000000000001,21.04335075
77.4,21.03910435
77.5,21.0347504
77.60000000000001,21.03027498
77.7,21.02566416
77.80000000000001,21.02090401
77.9,21.0159806
78.0,21.01088
78.10000000000001,21.00560739
78.2,21.0002444
78.30000000000001,20.99489178
78.4,20.98965027
78.5,20.9846206
78.60000000000001,20.97990353
78.7,20.97559979
78.80000000000001,20.97181013
78.9,20.96863528
79.0,20.966176
79.10000000000001,20.96449609
79.2,20.96351168
79.30000000000001,20.96310193
79.4,20.96314604
79.5,20.96352319
79.60000000000001,20.96411257
79.7,20.96479335
79.80000000000001,20.96544473
79.9,20.96594588
80.0,20.966176
80.10000000000001,20.96605345
80.2,20.96565334
80.30000000000001,20.96508996
80.4,20.96447763
80.5,20.96393063
80.60000000000001,20.96356325
80.7,20.96348981
80.80000000000001,20.96382459
80.9,20.96468188
81.0,20.966176
81.10000000000001,20.96839082
81.2,20.97128861
81.30000000000001,20.97480122
81.4,20.9788605
81.5,20.9833983
81.60000000000001,20.98834648
81.7,20.99363689
81.80000000000001,20.99920137
81.9,21.00497179
82.0,21.01088
82.10000000000001,21.01685088
82.2,21.02278147
82.30000000000001,21.02856183
82.4,21.03408204
82.5,21.03923217
82.60000000000001,21.04390229
82.7,21.04798246
82.80000000000001,21.05136275
82.9,21.05393324
83.0,21.055584
83.10000000000001,21.05626335
83.2,21.05615269
83.30000000000001,21.05549164
83.4,21.05451987
83.5,21.05347701
83.60000000000001,21.05260271
83.7,21.05213661
83.80000000000001,21.05231837
83.9,21.05338761
84.0,21.055584
84.10000000000001,21.0590552
84.2,21.06358097
84.30000000000001,21.06884913
84.4,21.07454747
84.5,21.08036379
84.60000000000001,21.08598588
84.7,21.09110155
84.80000000000001,21.0953986
84.9,21.09856481
85.0,21.100288
85.10000000000001,21.10034207
85.2,21.0988454
85.30000000000001,21.09600248
85.4,21.09201779
85.5,21.08709583
85.60000000000001,21.08144108
85.7,21.07525804
85.80000000000001,21.06875118
85.9,21.06212501
86.0,21.055584
86.10000000000001,21.04930369
86.2,21.04334372
86.30000000000001,21.0377348
86.4,21.03250763
86.5,21.02769289
86.60000000000001,21.02332127
86.7,21.01942348
86.80000000000001,21.01603021
86.9,21.01317215
87.0,21.01088
87.10000000000001,21.00912479
87.2,21.00763891
87.30000000000001,21.0060951
87.4,21.0041661
87.5,21.00152462
87.60000000000001,20.99784342
87.7,20.99279523
87.80000000000001,20.98605277
87.9,20.97728878
88.0,20.966176
88.10000000000001,20.95252065
88.2,20.93666294
88.30000000000001,20.91907656
88.4,20.90023522
88.5,20.88061261
88.60000000000001,20.86068244
88.7,20.84091839
88.80000000000001,20.82179417
88.9,20.80378347
89.0,20.78736
89.10000000000001,20.77288077
89.2,20.76023605
89.30000000000001,20.74919944
89.4,20.73954453
89.5,20.73104492
89.60000000000001,20.72347419
89.7,20.71660594
89.80000000000001,20.71021377
89.9,20.70407125
90.0,20.697952
90.10000000000001,20.69169462
90.2,20.68539779
90.30000000000001,20.67922522
90.4,20.67334063
90.5,20.66790771
90.60000000000001,20.66309018
90.7,20.65905173
90.80000000000001,20.65595609
90.9,20.65396694
91.0,20.653248
91.10000000000001,20.65390899
91.2,20.65584371
91.30000000000001,20.65889195
91.4,20.66289352
91.5,20.66768823
91.60000000000001,20.67311588
91.7,20.67901627
91.80000000000001,20.68522922
91.9,20.69159453
92.0,20.697952
92.10000000000001,20.70420295
92.2,20.71049471
92.30000000000001,20.71703614
92.4,20.72403608
92.5,20.73170338
92.60000000000001,20.74024689
92.7,20.74987546
92.80000000000001,20.76079794
92.9,20.77322317
93.0,20.78736
93.10000000000001,20.80331465
93.2,20.82078277
93.30000000000001,20.83935739
93.4,20.85863155
93.5,20.87819825
93.60000000000001,20.89765054
93.7,20.91658143
93.80000000000001,20.93458395
93.9,20.95125114
94.0,20.966176
94.10000000000001,20.97907709
94.2,20.99017505
94.30000000000001,20.99981602
94.4,21.00834615
94.5,21.01611161
94.60000000000001,21.02345854
94.7,21.03073308
94.80000000000001,21.03828141
94.9,21.04644966
95.0,21.055584
95.10000000000001,21.06594405
95.2,21.07744337
95.30000000000001,21.08990899
95.4,21.10316796
95.5,21.11704731
95.60000000000001,21.13137407
95.7,21.14597529
95.80000000000001,21.16067799
95.9,21.17530921
96.0,21.189696
96.10000000000001,21.20370712
96.2,21.21737832
96.30000000000001,21.23078707
96.4,21.24401086
96.5,21.25712715
96.60000000000001,21.27021343
96.7,21.28334718
96.80000000000001,21.29660587
96.9,21.31006699
97.0,21.323808
97.10000000000001,21.33787066
97.2,21.35215374
97.30000000000001,21.36652031
97.4,21.38083341
97.5,21.39495609
97.60000000000001,21.4087514
97.7,21.4220824
97.80000000000001,21.43481213
97.9,21.44680365
98.0,21.45792
98.10000000000001,21.46808075
98.2,21.47743148
98.30000000000001,21.48617429
98.4,21.49451127
98.5,21.50264451
98.60000000000001,21.51077611
98.7,21.51910817
98.80000000000001,21.52784277
98.9,21.53718202
99.0,21.547328
99.10000000000001,21.55842664
99.2,21.57039912
99.30000000000001,21.58311048
99.4,21.59642572
99.5,21.61020988
99.60000000000001,21.62432797
99.7,21.638645
99.80000000000001,21.65302601
99.9,21.667336
100.0,21.68144
100.10000000000001,21.69523713
100.2,21.70876288
100.30000000000001,21.72208687
100.4,21.7352787
100.5,21.74840797
100.60000000000001,21.76154428
100.7,21.77475723
100.80000000000001,21.78811644
100.9,21.80169149
101.0,21.815552
101.10000000000001,21.82973206
101.2,21.84412374
101.30000000000001,21.85858362
101.4,21.87296827
101.5,21.88713424
101.60000000000001,21.90093812
101.7,21.91423646
101.80000000000001,21.92688584
101.9,21.93874283
102.0,21.949664
102.10000000000001,21.95952443
102.2,21.96827328
102.30000000000001,21.97587822
102.4,21.98230692
102.5,21.98752707
102.60000000000001,21.99150633
102.7,21.99421238
102.80000000000001,21.99561289
102.9,21.99567554
103.0,21.994368
103.10000000000001,21.99170879
103.2,21.98791979
103.30000000000001,21.98327376
103.4,21.97804341
103.5,21.97250149
103.60000000000001,21.96692073
103.7,21.96157386
103.80000000000001,21.95673363
103.9,21.95267276
104.0,21.949664
104.10000000000001,21.9478923
104.2,21.94719148
104.30000000000001,21.94730763
104.4,21.94798677
104.5,21.94897499
104.60000000000001,21.95001832
104.7,21.95086283
104.80000000000001,21.95125458
104.9,21.95093962
105.0,21.949664
105.10000000000001,21.94725054
105.2,21.94382908
105.30000000000001,21.93960621
105.4,21.93478851
105.5,21.92958257
105.60000000000001,21.92419498
105.7,21.91883235
105.80000000000001,21.91370124
105.9,21.90900826
106.0,21.90496
106.10000000000001,21.90172261
106.2,21.89930056
106.30000000000001,21.89765788
106.4,21.8967586
106.5,21.89656674
106.60000000000001,21.89704635
106.7,21.89816145
106.80000000000001,21.89987607
106.9,21.90215424
107.0,21.90496
107.10000000000001,21.90825292
107.2,21.91197474
107.30000000000001,21.91606275
107.4,21.92045423
107.5,21.92508646
107.60000000000001,21.92989674
107.7,21.93482235
107.80000000000001,21.93980057
107.9,21.9447687
108.0,21.949664
108.10000000000001,21.95443733
108.2,21.95909373
108.30000000000001,21.96365181
108.4,21.96813016
108.5,21.9725474
108.60000000000001,21.97692213
108.7,21.98127295
108.80000000000001,21.98561847
108.9,21.98997728
109.0,21.994368
109.10000000000001,21.99880417
109.2,22.00327915
109.30000000000001,22.00778123
109.4,22.01229872
109.5,22.01681992
109.60000000000001,22.02133312
109.7,22.02582663
109.80000000000001,22.03028875
109.9,22.03470777
110.0,22.039072
110.10000000000001,22.04337639
110.2,22.04764247
110.30000000000001,22.05189846
110.4,22.05617254
110.5,22.06049292
110.60000000000001,22.06488777
110.7,22.06938532
110.80000000000001,22.07401374
110.9,22.07880123
111.0,22.083776
111.10000000000001,22.08894469
111.2,22.09422776
111.30000000000001,22.09952412
111.4,22.10473271
111.5,22.10975242
111.60000000000001,22.11448218
111.7,22.1188209
111.80000000000001,22.1226675
111.9,22.1259209
112.0,22.12848
112.10000000000001,22.13027856
112.2,22.13138967
112.30000000000001,22.13192124
112.4,22.13198118
112.5,22.13167741
112.60000000000001,22.13111785
112.7,22.13041041
112.80000000000001,22.12966301
112.9,22.12898357
113.0,22.12848
113.10000000000001,22.12823184
113.2,22.12820511
113.30000000000001,22.12833746
113.4,22.12856652
113.5,22.12882995
113.60000000000001,22.12906538
113.7,22.12921046
113.80000000000001,22.12920282
113.9,22.12898012
114.0,22.12848
114.10000000000001,22.12762937
114.2,22.12631225
114.30000000000001,22.12440192
114.4,22.12177167
114.5,22.1182948
114.60000000000001,22.11384457
114.7,22.1082943
114.80000000000001,22.10151725
114.9,22.09338672
115.0,22.083776
115.10000000000001,22.07262965
115.2,22.06017738
115.30000000000001,22.04672018
115.4,22.03255901
115.5,22.01799487
115.60000000000001,22.00332874
115.7,21.98886161
115.80000000000001,21.97489445
115.9,21.96172825
116.0,21.949664
116.10000000000001,21.93890709
116.2,21.92928055
116.30000000000001,21.92051184
116.4,21.91232842
116.5,21.90445772
116.60000000000001,21.89662721
116.7,21.88856433
116.80000000000001,21.87999653
116.9,21.87065127
117.0,21.860256
117.10000000000001,21.84862571
117.2,21.83592563
117.30000000000001,21.82240851
117.4,21.80832713
117.5,21.79393424
117.60000000000001,21.77948261
117.7,21.76522501
117.80000000000001,21.7514142
117.9,21.73830294
118.0,21.726144
118.10000000000001,21.71511434
118.2,21.70508771
118.30000000000001,21.69586203
118.4,21.68723526
118.5,21.67900532
118.60000000000001,21.67097015
118.7,21.6629277
118.80000000000001,21.6546759
118.9,21.64601269
119.0,21.636736
119.10000000000001,21.62668063
119.2,21.61582875
119.30000000000001,21.60419942
119.4,21.59181165
119.5,21.57868449
119.60000000000001,21.56483697
119.7,21.55028812
119.80000000000001,21.53505699
119.9,21.5191626
120.0,21.502624
120.10000000000001,21.48547803
120.2,21.4678328
120.30000000000001,21.44981422
120.4,21.43154823
120.5,21.41316073
120.60000000000001,21.39477766
120.7,21.37652493
120.80000000000001,21.35852846
120.9,21.34091418
121.0,21.323808
121.10000000000001,21.30731715
121.2,21.29147405
121.30000000000001,21.27629244
121.4,21.26178604
121.5,21.24796858
121.60000000000001,21.2348538
121.7,21.22245542
121.80000000000001,21.21078717
121.9,21.19986279
122.0,21.189696
122.10000000000001,21.18031281
122.2,21.17178832
122.30000000000001,21.16420992
122.4,21.157665
122.5,21.15224094
122.60000000000001,21.14802513
122.7,21.14510494
122.80000000000001,21.14356777
122.9,21.14350099
123.0,21.144992
123.10000000000001,21.14809777
123.2,21.15275366
123.30000000000001,21.15886464
123.4,21.16633565
123.5,21.17507165
123.60000000000001,21.1849776
123.7,21.19595845
123.80000000000001,21.20791916
123.9,21.2207647
124.0,21.2344
124.10000000000001,21.24870526
124.2,21.2634616
124.30000000000001,21.27842535
124.4,21.29335286
124.5,21.30800047
124.60000000000001,21.32212452
124.7,21.33548135
124.80000000000001,21.34782732
124.9,21.35891875
125.0,21.368512
125.10000000000001,21.37644818
125.2,21.38290752
125.30000000000001,21.38815501
125.4,21.39245567
125.5,21.39607448
125.60000000000001,21.39927646
125.7,21.4023266
125.80000000000001,21.4054899
125.9,21.40903137
126.0,21.413216
126.10000000000001,21.41821798
126.2,21.42384823
126.30000000000001,21.42982685
126.4,21.43587394
126.5,21.44170959
126.60000000000001,21.44705393
126.7,21.45162703
126.80000000000001,21.45514901
126.9,21.45733997
127.0,21.45792
127.10000000000001,21.45670889
127.2,21.4539251
127.30000000000001,21.44988678
127.4,21.44491208
127.5,21.43931914
127.60000000000001,21.43342611
127.7,21.42755113
127.80000000000001,21.42201236
127.9,21.41712793
128.0,21.413216
128.1,21.41051035
128.20000000000002,21.40890732
128.3,21.4082189
128.4,21.40825708
128.5,21.40883385
128.6,21.40976119
128.70000000000002,21.41085109
128.8,21.41191553
128.9,21.41276651
129.0,21.413216
129.1,21.41313495
129.20000000000002,21.41263009
129.3,21.4118671
129.4,21.41101166
129.5,21.41022947
129.6,21.40968619
129.70000000000002,21.40954753
129.8,21.40997915
129.9,21.41114675
130.0,21.413216
130.1,21.41629056
130.20000000000002,21.42022597
130.3,21.42481572
130.4,21.42985333
130.5,21.43513229
130.6,21.4404461
130.70000000000002,21.44558828
130.8,21.45035232
130.9,21.45453172
131.0,21.45792
131.1,21.46036571
131.20000000000002,21.46193765
131.3,21.46275967
131.4,21.46295564
131.5,21.46264939
131.6,21.4619648
131.70000000000002,21.4610257
131.8,21.45995597
131.9,21.45887945
132.0,21.45792
132.1,21.45717738
132.20000000000002,21.45665498
132.3,21.45633211
132.4,21.45618807
132.5,21.45620215
132.6,21.45635366
132.70000000000002,21.4566219
132.8,21.45698617
132.9,21.45742577
133.0,21.45792
133.1,21.45840007
133.20000000000002,21.45860479
133.3,21.45822487
133.4,21.45695105
133.5,21.45447402
133.6,21.45048451
133.70000000000002,21.44467324
133.8,21.43673091
133.9,21.42634826
134.0,21.413216
134.1,21.39710721
134.20000000000002,21.37812446
134.3,21.35645268
134.4,21.33227681
134.5,21.30578178
134.6,21.27715253
134.70000000000002,21.24657399
134.8,21.2142311
134.9,21.18030879
135.0,21.144992
135.1,21.10827368
135.20000000000002,21.06937892
135.3,21.02734079
135.4,20.9811924
135.5,20.92996685
135.6,20.87269723
135.70000000000002,20.80841664
135.8,20.73615818
135.9,20.65495493
136.0,20.56384
136.1,20.46230849
136.20000000000002,20.3517035
136.3,20.23383015
136.4,20.11049354
136.5,19.98349881
136.6,19.85465104
136.70000000000002,19.72575537
136.8,19.5986169
136.9,19.47504074
137.0,19.356832
137.1,19.24534677
137.20000000000002,19.14014502
137.3,19.04033767
137.4,18.94503566
137.5,18.85334992
137.6,18.76439139
137.70000000000002,18.677271
137.8,18.59109968
137.9,18.50498837
138.0,18.418048
138.1,18.32974013
138.20000000000002,18.24092885
138.3,18.15282884
138.4,18.06665483
138.5,17.98362151
138.6,17.90494359
138.70000000000002,17.83183577
138.8,17.76551277
138.9,17.70718927
139.0,17.65808
139.1,17.61898261
139.20000000000002,17.58902664
139.3,17.56692456
139.4,17.55138886
139.5,17.54113204
139.6,17.53486657
139.70000000000002,17.53130494
139.8,17.52915965
139.9,17.52714317
140.0,17.523968
140.1,17.51863594
140.20000000000002,17.51130611
140.3,17.50242694
140.4,17.49244687
140.5,17.48181434
140.6,17.47097778
140.70000000000002,17.46038563
140.8,17.45048633
140.9,17.4417283
141.0,17.43456
141.1,17.42931544
141.20000000000002,17.42587103
141.3,17.42398876
141.4,17.42343062
141.5,17.4239586
141.6,17.42533469
141.70000000000002,17.42732088
141.8,17.42967917
141.9,17.43217155
142.0,17.43456
142.1,17.43668542
142.20000000000002,17.43870428
142.3,17.44085196
142.4,17.44336383
142.5,17.44647527
142.6,17.45042164
142.70000000000002,17.45543833
142.8,17.4617607
142.9,17.46962413
143.0,17.479264
143.1,17.49084861
143.20000000000002,17.50427798
143.3,17.51938509
143.4,17.53600289
143.5,17.55396434
143.6,17.5731024
143.70000000000002,17.59325004
143.8,17.61424021
143.9,17.63590588
144.0,17.65808
144.1,17.68065081
144.20000000000002,17.70372759
144.3,17.72747491
144.4,17.75205732
144.5,17.77763939
144.6,17.80438566
144.70000000000002,17.8324607
144.8,17.86202906
144.9,17.89325531
145.0,17.926304
145.1,17.9612751
145.20000000000002,17.99801024
145.3,18.03628643
145.4,18.07588071
145.5,18.11657012
145.6,18.15813167
145.70000000000002,18.20034241
145.8,18.24297936
145.9,18.28581954
146.0,18.32864
146.1,18.37128673
146.20000000000002,18.41388164
146.3,18.45661559
146.4,18.49967947
146.5,18.54326414
146.6,18.58756048
146.70000000000002,18.63275936
146.8,18.67905166
146.9,18.72662825
147.0,18.77568
147.1,18.82627589
147.20000000000002,18.87799729
147.3,18.93030368
147.4,18.98265453
147.5,19.03450932
147.6,19.08532753
147.70000000000002,19.13456862
147.8,19.18169208
147.9,19.22615738
148.0,19.267424
148.1,19.30510181
148.20000000000002,19.33940229
148.3,19.37068733
148.4,19.39931879
148.5,19.42565857
148.6,19.45006855
148.70000000000002,19.4729106
148.8,19.4945466
148.9,19.51533844
149.0,19.535648
149.1,19.55575979
149.20000000000002,19.57564884
149.3,19.59521284
149.4,19.61434946
149.5,19.63295638
149.6,19.65093127
149.70000000000002,19.6681718
149.8,19.68457565
149.9,19.70004049
150.0,19.714464
150.1,19.72776881
150.20000000000002,19.73997738
150.3,19.75113714
150.4,19.76129551
150.5,19.7704999
150.6,19.77879774
150.70000000000002,19.78623645
150.8,19.79286345
150.9,19.79872616
151.0,19.803872
151.1,19.80837064
151.20000000000002,19.81238069
151.3,19.81608303
151.4,19.81965852
151.5,19.82328802
151.6,19.8271524
151.70000000000002,19.83143253
151.8,19.83630926
151.9,19.84196346
152.0,19.848576
152.1,19.85625853
152.20000000000002,19.86484582
152.3,19.87410346
152.4,19.88379699
152.5,19.89369201
152.6,19.90355406
152.70000000000002,19.91314871
152.8,19.92224154
152.9,19.93059812
153.0,19.937984
153.1,19.94424057
153.20000000000002,19.94951243
153.3,19.95402
153.4,19.95798371
153.5,19.96162396
153.60000000000002,19.96516117
153.70000000000002,19.96881576
153.8,19.97280815
153.9,19.97735876
154.0,19.982688
154.10000000000002,19.98896109
154.20000000000002,19.99612244
154.3,20.00406126
154.4,20.01266677
154.5,20.02182817
154.60000000000002,20.03143468
154.70000000000002,20.04137551
154.8,20.05153986
154.9,20.06181696
155.0,20.072096
155.10000000000002,20.08232179
155.20000000000002,20.09266149
155.3,20.10333782
155.4,20.11457353
155.5,20.12659135
155.60000000000002,20.13961403
155.70000000000002,20.15386429
155.8,20.16956488
155.9,20.18693854
156.0,20.206208
156.10000000000002,20.22747356
156.20000000000002,20.25034571
156.3,20.27431254
156.4,20.29886208
156.5,20.32348242
156.60000000000002,20.3476616
156.70000000000002,20.37088768
156.8,20.39264874
156.9,20.41243282
157.0,20.429728
157.10000000000002,20.4441883
157.20000000000002,20.45613165
157.3,20.46604195
157.4,20.47440309
157.5,20.48169898
157.60000000000002,20.48841351
157.70000000000002,20.49503058
157.8,20.50203408
157.9,20.50990792
158.0,20.519136
158.10000000000002,20.5301078
158.20000000000002,20.5428352
158.3,20.55723567
158.4,20.57322667
158.5,20.59072566
158.60000000000002,20.60965013
158.70000000000002,20.62991753
158.8,20.65144533
158.9,20.674151
159.0,20.697952
159.10000000000002,20.72270923
159.20000000000002,20.74805727
159.3,20.77357414
159.4,20.79883783
159.5,20.82342637
159.60000000000002,20.84691775
159.70000000000002,20.86889
159.8,20.88892112
159.9,20.90658911
160.0,20.921472
160.10000000000002,20.93328968
160.20000000000002,20.94232963
160.3,20.94902123
160.4,20.95379385
160.5,20.95707687
160.60000000000002,20.95929966
160.70000000000002,20.96089159
160.8,20.96228204
160.9,20.96390039
161.0,20.966176
161.10000000000002,20.96942959
161.20000000000002,20.97354721
161.3,20.97830625
161.4,20.98348411
161.5,20.98885816
161.60000000000002,20.99420579
161.70000000000002,20.99930441
161.8,21.00393139
161.9,21.00786412
162.0,21.01088
162.10000000000002,21.01287036
162.20000000000002,21.01418232
162.3,21.01527695
162.4,21.01661532
162.5,21.01865851
162.60000000000002,21.02186757
162.70000000000002,21.02670358
162.8,21.03362761
162.9,21.04310073
163.0,21.055584
163.10000000000002,21.07137019
163.20000000000002,21.09007884
163.3,21.11116117
163.4,21.13406842
163.5,21.15825181
163.60000000000002,21.18316258
163.70000000000002,21.20825195
163.8,21.23297116
163.9,21.25677143
164.0,21.279104
164.10000000000002,21.29953233
164.20000000000002,21.31806885
164.3,21.33483823
164.4,21.34996514
164.5,21.36357424
164.60000000000002,21.3757902
164.70000000000002,21.38673769
164.8,21.39654137
164.9,21.40532592
165.0,21.413216
165.10000000000002,21.42032385
165.20000000000002,21.426712
165.3,21.43243055
165.4,21.43752959
165.5,21.44205924
165.60000000000002,21.44606959
165.70000000000002,21.44961074
165.8,21.45273279
165.9,21.45548584
166.0,21.45792
166.10000000000002,21.46006754
166.20000000000002,21.46188943
166.3,21.46332884
166.4,21.46432891
166.5,21.4648328
166.60000000000002,21.46478367
166.70000000000002,21.46412467
166.8,21.46279896
166.9,21.46074968
167.0,21.45792
167.10000000000002,21.45429209
167.20000000000002,21.4500042
167.3,21.44523363
167.4,21.44015765
167.5,21.43495355
167.60000000000002,21.4297986
167.70000000000002,21.42487009
167.8,21.4203453
167.9,21.41640151
168.0,21.413216
168.10000000000002,21.4108725
168.20000000000002,21.40908051
168.3,21.40745597
168.4,21.40561482
168.5,21.40317301
168.60000000000002,21.39974648
168.70000000000002,21.39495117
168.8,21.38840302
168.9,21.37971799
169.0,21.368512
169.10000000000002,21.35451269
169.20000000000002,21.33789443
169.3,21.31894326
169.4,21.29794524
169.5,21.27518642
169.60000000000002,21.25095284
169.70000000000002,21.22553055
169.8,21.19920562
169.9,21.17226409
170.0,21.144992
170.10000000000002,21.11763516
170.20000000000002,21.09027835
170.3,21.06296608
170.4,21.0357429
170.5,21.00865333
170.60000000000002,20.98174189
170.70000000000002,20.95505311
170.8,20.92863152
170.9,20.90252164
171.0,20.876768
171.10000000000002,20.85141976
171.20000000000002,20.82654457
171.3,20.80221473
171.4,20.77850254
171.5,20.75548027
171.60000000000002,20.73322021
171.70000000000002,20.71179467
171.8,20.69127593
171.9,20.67173627
172.0,20.653248
172.10000000000002,20.63586044
172.20000000000002,20.61953108
172.3,20.60419446
172.4,20.58978513
172.5,20.57623761
172.60000000000002,20.56348644
172.70000000000002,20.55146615
172.8,20.5401113
172.9,20.5293564
173.0,20.519136
173.10000000000002,20.50938243
173.20000000000002,20.50001924
173.3,20.49096776
173.4,20.48214934
173.5,20.47348531
173.60000000000002,20.46489701
173.70000000000002,20.4563058
173.8,20.44763299
173.9,20.43879995
174.0,20.429728
174.10000000000002,20.42037024
174.20000000000002,20.41080681
174.3,20.40114956
174.4,20.39151038
174.5,20.38200116
174.60000000000002,20.37273376
174.70000000000002,20.36382007
174.8,20.35537196
174.9,20.34750131
175.0,20.34032
175.10000000000002,20.33390449
175.20000000000002,20.32818957
175.3,20.32307461
175.4,20.31845898
175.5,20.31424206
175.60000000000002,20.31032321
175.70000000000002,20.30660181
175.8,20.30297722
175.9,20.29934883
176.0,20.295616
176.10000000000002,20.29169861
176.20000000000002,20.28759856
176.3,20.28333827
176.4,20.27894015
176.5,20.27442661
176.60000000000002,20.26982006
176.70000000000002,20.26514291
176.8,20.26041758
176.9,20.25566647
177.0,20.250912
177.10000000000002,20.24608527
177.20000000000002,20.24075212
177.3,20.23438709
177.4,20.22646471
177.5,20.21645951
177.60000000000002,20.20384604
177.70000000000002,20.18809881
177.8,20.16869238
177.9,20.14510126
178.0,20.1168
178.10000000000002,20.08347376
178.20000000000002,20.04565024
178.3,20.00406778
178.4,19.9594647
178.5,19.91257934
178.60000000000002,19.86415003
178.70000000000002,19.81491511
178.8,19.76561291
178.9,19.71698176
179.0,19.66976
179.10000000000002,19.62451589
179.20000000000002,19.58113741
179.3,19.53934251
179.4,19.49884911
179.5,19.45937513
179.60000000000002,19.4206385
179.70000000000002,19.38235714
179.8,19.34424899
179.9,19.30603197
180.0,19.267424
180.10000000000002,19.22821031
180.20000000000002,19.18844535
180.3,19.14825084
180.4,19.10774852
180.5,19.06706014
180.60000000000002,19.02630742
180.70000000000002,18.98561211
180.8,18.94509595
180.9,18.90488067
181.0,18.865088
181.10000000000002,18.82587466
181.20000000000002,18.78753725
181.3,18.75040734
181.4,18.71481651
181.5,18.68109631
181.60000000000002,18.64957833
181.70000000000002,18.62059414
181.8,18.59447531
181.9,18.5715534
182.0,18.55216
182.10000000000002,18.53655359
182.20000000000002,18.52470035
182.3,18.51649338
182.4,18.51182577
182.5,18.51059061
182.60000000000002,18.512681
182.70000000000002,18.51799005
182.8,18.52641083
182.9,18.53783645
183.0,18.55216
183.10000000000002,18.5692637
183.20000000000002,18.58898625
183.3,18.61115548
183.4,18.6355992
183.5,18.66214524
183.60000000000002,18.69062142
183.70000000000002,18.72085557
183.8,18.7526755
183.9,18.78590903
184.0,18.820384
184.10000000000002,18.8559107
184.20000000000002,18.89222938
184.3,18.92906274
184.4,18.96613352
184.5,19.00316442
184.60000000000002,19.03987817
184.70000000000002,19.07599748
184.8,19.11124508
184.9,19.14534368
185.0,19.178016
185.10000000000002,19.20906571
185.20000000000002,19.23862027
185.3,19.26688808
185.4,19.29407755
185.5,19.32039709
185.60000000000002,19.3460551
185.70000000000002,19.37125999
185.8,19.39622016
185.9,19.42114403
186.0,19.44624
186.10000000000002,19.47158902
186.20000000000002,19.49676219
186.3,19.52120318
186.4,19.54435565
186.5,19.56566324
186.60000000000002,19.58456961
186.70000000000002,19.60051841
186.8,19.61295331
186.9,19.62131796
187.0,19.625056
187.10000000000002,19.62381647
187.20000000000002,19.61806984
187.3,19.60849198
187.4,19.59575874
187.5,19.58054596
187.60000000000002,19.56352951
187.70000000000002,19.54538524
187.8,19.52678899
187.9,19.50841663
188.0,19.490944
188.10000000000002,19.4748894
188.20000000000002,19.4601409
188.3,19.44642898
188.4,19.43348415
188.5,19.4210369
188.60000000000002,19.40881775
188.70000000000002,19.39655718
188.8,19.3839857
188.9,19.37083381
189.0,19.356832
189.10000000000002,19.34182272
189.20000000000002,19.32609617
189.3,19.31005451
189.4,19.29409988
189.5,19.27863442
189.60000000000002,19.26406029
189.70000000000002,19.25077964
189.8,19.2391946
189.9,19.22970734
190.0,19.22272
190.10000000000002,19.21852333
190.20000000000002,19.21696254
190.3,19.21777142
190.4,19.22068377
190.5,19.22543341
190.60000000000002,19.23175414
190.70000000000002,19.23937976
190.8,19.24804407
190.9,19.25748089
191.0,19.267424
191.10000000000002,19.27767262
191.20000000000002,19.28828753
191.3,19.29939493
191.4,19.31112099
191.5,19.32359192
191.60000000000002,19.33693389
191.70000000000002,19.3512731
191.8,19.36673573
191.9,19.38344796
192.0,19.401536
192.10000000000002,19.42106523
192.20000000000002,19.44185789
192.3,19.46367543
192.4,19.48627929
192.5,19.50943091
192.60000000000002,19.53289173
192.70000000000002,19.55642321
192.8,19.57978678
192.9,19.6027439
193.0,19.625056
193.10000000000002,19.64652818
193.20000000000002,19.66714016
193.3,19.68691529
193.4,19.70587693
193.5,19.72404846
193.60000000000002,19.74145323
193.70000000000002,19.75811461
193.8,19.77405595
193.9,19.78930063
194.0,19.803872
194.10000000000002,19.81781372
194.20000000000002,19.8312506
194.3,19.84432775
194.4,19.85719026
194.5,19.86998326
194.60000000000002,19.88285183
194.70000000000002,19.89594108
194.8,19.90939613
194.9,19.92336207
195.0,19.937984
195.10000000000002,19.95332693
195.20000000000002,19.9691354
195.3,19.98507386
195.4,20.00080675
195.5,20.01599852
195.60000000000002,20.0303136
195.70000000000002,20.04341645
195.8,20.0549715
195.9,20.06464321
196.0,20.072096
196.10000000000002,20.07707096
196.20000000000002,20.07961568
196.3,20.07985439
196.4,20.07791132
196.5,20.07391068
196.60000000000002,20.06797671
196.70000000000002,20.06023363
196.8,20.05080567
196.9,20.03981705
197.0,20.027392
197.10000000000002,20.01365185
197.20000000000002,19.99870638
197.3,19.98266245
197.4,19.96562695
197.5,19.94770676
197.60000000000002,19.92900874
197.70000000000002,19.90963978
197.8,19.88970675
197.9,19.86931653
198.0,19.848576
198.10000000000002,19.82757167
198.20000000000002,19.80630862
198.3,19.78477157
198.4,19.76294522
198.5,19.74081429
198.60000000000002,19.7183635
198.70000000000002,19.69557756
198.8,19.67244119
198.9,19.6489391
199.0,19.625056
199.10000000000002,19.60081624
199.20000000000002,19.57640268
199.3,19.55203781
199.4,19.52794412
199.5,19.50434409
199.60000000000002,19.48146021
199.70000000000002,19.45951497
199.8,19.43873087
199.9,19.41933038
200.0,19.401536
200.10000000000002,19.38552147
200.20000000000002,19.37126554
200.3,19.35869821
200.4,19.34774948
200.5,19.33834937
200.60000000000002,19.33042786
200.70000000000002,19.32391497
200.8,19.31874069
200.9,19.31483503
201.0,19.312128
201.10000000000002,19.31052614
201.20000000000002,19.30984218
201.3,19.30986539
201.4,19.31038506
201.5,19.31119045
201.60000000000002,19.31207085
201.70000000000002,19.31281553
201.8,19.31321376
201.9,19.31305483
202.0,19.312128
202.10000000000002,19.31027571
202.20000000000002,19.30755303
202.3,19.30406817
202.4,19.29992936
202.5,19.29524482
202.60000000000002,19.29012278
202.70000000000002,19.28467145
202.8,19.27899907
202.9,19.27321384
203.0,19.267424
203.10000000000002,19.2617274
203.20000000000002,19.25618047
203.3,19.25082927
203.4,19.24571984
203.5,19.24089826
203.60000000000002,19.23641058
203.70000000000002,19.23230285
203.8,19.22862114
203.9,19.2254115
204.0,19.22272
204.10000000000002,19.22058097
204.20000000000002,19.21898191
204.3,19.21789857
204.4,19.21730672
204.5,19.21718214
204.60000000000002,19.21750058
204.70000000000002,19.21823782
204.8,19.21936963
204.9,19.22087176
205.0,19.22272
205.10000000000002,19.22490262
205.20000000000002,19.22745798
205.3,19.23043694
205.4,19.23389039
205.5,19.23786919
205.60000000000002,19.24242422
205.70000000000002,19.24760634
205.8,19.25346643
205.9,19.26005536
206.0,19.267424
206.10000000000002,19.27562957
206.20000000000002,19.2847547
206.3,19.29488835
206.4,19.30611949
206.5,19.3185371
206.60000000000002,19.33223013
206.70000000000002,19.34728757
206.8,19.36379838
206.9,19.38185154
207.0,19.401536
207.10000000000002,19.42285813
207.20000000000002,19.44549378
207.3,19.46903622
207.4,19.49307868
207.5,19.51721442
207.60000000000002,19.54103669
207.70000000000002,19.56413873
207.8,19.5861138
207.9,19.60655514
208.0,19.625056
208.10000000000002,19.64126554
208.20000000000002,19.65505654
208.3,19.66635769
208.4,19.67509768
208.5,19.6812052
208.60000000000002,19.68460895
208.70000000000002,19.68523762
208.8,19.68301989
208.9,19.67788445
209.0,19.66976
209.10000000000002,19.65861304
209.20000000000002,19.64456129
209.3,19.6277603
209.4,19.60836561
209.5,19.58653276
209.60000000000002,19.56241728
209.70000000000002,19.53617473
209.8,19.50796064
209.9,19.47793055
210.0,19.44624
210.10000000000002,19.41301621
210.20000000000002,19.37827309
210.3,19.34199625
210.4,19.30417128
210.5,19.26478377
210.60000000000002,19.22381932
210.70000000000002,19.18126352
210.8,19.13710197
210.9,19.09132027
211.0,19.043904
211.10000000000002,18.99491426
211.20000000000002,18.94471408
211.3,18.89374198
211.4,18.8424365
211.5,18.79123616
211.60000000000002,18.74057949
211.70000000000002,18.69090501
211.8,18.64265125
211.9,18.59625674
212.0,18.55216
212.10000000000002,18.51066004
212.20000000000002,18.4714978
212.3,18.4342747
212.4,18.39859215
212.5,18.36405158
212.60000000000002,18.3302544
212.70000000000002,18.29680203
212.8,18.2632959
212.9,18.22933741
213.0,18.194528
213.10000000000002,18.15863873
213.20000000000002,18.1221193
213.3,18.08558906
213.4,18.04966735
213.5,18.01497353
213.60000000000002,17.98212695
213.70000000000002,17.95174696
213.8,17.9244529
213.9,17.90086413
214.0,17.8816
214.10000000000002,17.86709838
214.20000000000002,17.85707127
214.3,17.8510492
214.4,17.8485627
214.5,17.84914229
214.60000000000002,17.85231849
214.70000000000002,17.85762184
214.8,17.86458285
214.9,17.87273207
215.0,17.8816
215.10000000000002,17.89082637
215.20000000000002,17.90048764
215.3,17.91076945
215.4,17.92185747
215.5,17.93393732
215.60000000000002,17.94719467
215.70000000000002,17.96181517
215.8,17.97798445
215.9,17.99588818
216.0,18.015712
216.10000000000002,18.0376098
216.20000000000002,18.06160844
216.3,18.08770303
216.4,18.11588865
216.5,18.14616042
216.60000000000002,18.17851344
216.70000000000002,18.21294281
216.8,18.24944362
216.9,18.28801099
217.0,18.32864
217.10000000000002,18.3712542
217.20000000000002,18.41549088
217.3,18.46091576
217.4,18.50709455
217.5,18.55359298
217.60000000000002,18.59997677
217.70000000000002,18.64581165
217.8,18.69066333
217.9,18.73409754
218.0,18.77568
218.10000000000002,18.81507092
218.20000000000002,18.85230848
218.3,18.88752534
218.4,18.92085418
218.5,18.95242766
218.60000000000002,18.98237844
218.70000000000002,19.0108392
218.8,19.0379426
218.9,19.06382131
219.0,19.088608
219.10000000000002,19.11239716
219.20000000000002,19.13513056
219.3,19.15671183
219.4,19.17704457
219.5,19.1960324
219.60000000000002,19.2135789
219.70000000000002,19.22958771
219.8,19.24396242
219.9,19.25660665
220.0,19.267424
220.10000000000002,19.2763763
220.20000000000002,19.28365823
220.3,19.28952268
220.4,19.29422256
220.5,19.29801076
220.60000000000002,19.30114018
220.70000000000002,19.30386372
220.8,19.30643427
220.9,19.30910473
221.0,19.312128
221.10000000000002,19.31574111
221.20000000000002,19.32011762
221.3,19.32541523
221.4,19.33179165
221.5,19.33940456
221.60000000000002,19.34841166
221.70000000000002,19.35897066
221.8,19.37123925
221.9,19.38537513
222.0,19.401536
222.10000000000002,19.4197954
222.20000000000002,19.43989024
222.3,19.46147328
222.4,19.48419729
222.5,19.50771502
222.60000000000002,19.53167922
222.70000000000002,19.55574266
222.8,19.5795581
222.9,19.60277829
223.0,19.625056
223.10000000000002,19.64612825
223.20000000000002,19.66606913
223.3,19.68503704
223.4,19.70319033
223.5,19.72068738
223.60000000000002,19.73768655
223.70000000000002,19.75434623
223.8,19.77082479
223.9,19.78728059
224.0,19.803872
224.10000000000002,19.820728
224.20000000000002,19.83785997
224.3,19.85524989
224.4,19.87287973
224.5,19.89073148
224.60000000000002,19.9087871
224.70000000000002,19.92702859
224.8,19.94543791
224.9,19.96399706
225.0,19.982688
225.10000000000002,20.00148134
225.20000000000002,20.02030217
225.3,20.0390642
225.4,20.05768114
225.5,20.07606672
225.60000000000002,20.09413464
225.70000000000002,20.11179861
225.8,20.12897235
225.9,20.14556958
226.0,20.161504
226.10000000000002,20.17671954
226.20000000000002,20.19128093
226.3,20.20528311
226.4,20.21882104
226.5,20.23198965
226.60000000000002,20.24488389
226.70000000000002,20.2575987
226.8,20.27022903
226.9,20.28286981
227.0,20.295616
227.10000000000002,20.3085872
227.20000000000002,20.32200172
227.3,20.33610249
227.4,20.35113249
227.5,20.36733468
227.60000000000002,20.38495202
227.70000000000002,20.40422746
227.8,20.42540396
227.9,20.44872449
228.0,20.474432
228.10000000000002,20.50264057
228.20000000000002,20.53294876
228.3,20.56482622
228.4,20.59774261
228.5,20.63116762
228.60000000000002,20.66457089
228.70000000000002,20.6974221
228.8,20.72919091
228.9,20.75934699
229.0,20.78736
229.10000000000002,20.81283283
229.20000000000002,20.8359013
229.3,20.85683444
229.4,20.87590127
229.5,20.89337085
229.60000000000002,20.90951219
229.70000000000002,20.92459435
229.8,20.93888634
229.9,20.95265721
230.0,20.966176
230.10000000000002,20.97966533
230.20000000000002,20.99316226
230.3,21.00665742
230.4,21.02014145
230.5,21.033605
230.60000000000002,21.04703871
230.70000000000002,21.06043322
230.8,21.07377918
230.9,21.08706722
231.0,21.100288
231.10000000000002,21.11339511
231.20000000000002,21.12619398
231.3,21.13845302
231.4,21.14994061
231.5,21.16042516
231.60000000000002,21.16967505
231.70000000000002,21.17745869
231.8,21.18354446
231.9,21.18770077
232.0,21.189696
232.10000000000002,21.18940371
232.20000000000002,21.18711807
232.3,21.18323842
232.4,21.17816407
232.5,21.17229437
232.60000000000002,21.16602864
232.70000000000002,21.1597662
232.8,21.1539064
232.9,21.14884855
233.0,21.144992
233.10000000000002,21.14262071
233.20000000000002,21.14155721
233.3,21.14150871
233.4,21.14218236
233.5,21.14328537
233.60000000000002,21.1445249
233.70000000000002,21.14560815
233.8,21.1462423
233.9,21.14613452
234.0,21.144992
234.10000000000002,21.14260998
234.20000000000002,21.13913589
234.3,21.13480523
234.4,21.12985349
234.5,21.12451616
234.60000000000002,21.11902874
234.70000000000002,21.11362672
234.8,21.1085456
234.9,21.10402086
235.0,21.100288
235.10000000000002,21.09752448
235.20000000000002,21.09567562
235.3,21.09462873
235.4,21.09427108
235.5,21.09448999
235.60000000000002,21.09517273
235.70000000000002,21.09620661
235.8,21.09747892
235.9,21.09887695
236.0,21.100288
236.10000000000002,21.10160933
236.20000000000002,21.10277807
236.3,21.10374134
236.4,21.10444624
236.5,21.10483989
236.60000000000002,21.10486938
236.70000000000002,21.10448183
236.8,21.10362434
236.9,21.10224403
237.0,21.100288
237.10000000000002,21.09772151
237.20000000000002,21.09458247
237.3,21.09092691
237.4,21.08681089
237.5,21.08229047
237.60000000000002,21.07742169
237.70000000000002,21.0722606
237.8,21.06686325
237.9,21.0612857
238.0,21.055584
238.10000000000002,21.049821
238.20000000000002,21.04408681
238.3,21.03847835
238.4,21.03309252
238.5,21.02802624
238.60000000000002,21.02337642
238.70000000000002,21.01923997
238.8,21.01571381
238.9,21.01289485
239.0,21.01088
239.10000000000002,21.00972078
239.20000000000002,21.00928711
239.3,21.0094035
239.4,21.00989449
239.5,21.01058458
239.60000000000002,21.01129831
239.70000000000002,21.0118602
239.8,21.01209476
239.9,21.01182652
240.0,21.01088
240.10000000000002,21.00912039
240.20000000000002,21.00657558
240.3,21.00331411
240.4,20.99940454
240.5,20.99491543
240.60000000000002,20.98991532
240.70000000000002,20.98447277
240.8,20.97865633
240.9,20.97253456
241.0,20.966176
241.10000000000002,20.95966604
241.20000000000002,20.95315733
241.3,20.94681938
241.4,20.94082168
241.5,20.9353337
241.60000000000002,20.93052495
241.70000000000002,20.92656491
241.8,20.92362308
241.9,20.92186895
242.0,20.921472
242.10000000000002,20.92253847
242.20000000000002,20.92492155
242.3,20.92841117
242.4,20.93279727
242.5,20.93786977
242.60000000000002,20.94341861
242.70000000000002,20.94923372
242.8,20.95510503
242.9,20.96082248
243.0,20.966176
243.10000000000002,20.97101292
243.20000000000002,20.97541016
243.3,20.97950208
243.4,20.98342299
243.5,20.98730723
243.60000000000002,20.99128913
243.70000000000002,20.99550302
243.8,21.00008324
243.9,21.00516413
244.0,21.01088
244.10000000000002,21.01733297
244.20000000000002,21.02449623
244.3,21.03231073
244.4,21.04071745
244.5,21.04965733
244.60000000000002,21.05907135
244.70000000000002,21.06890047
244.8,21.07908564
244.9,21.08956783
245.0,21.100288
245.10000000000002,21.11121392
245.20000000000002,21.12242061
245.3,21.13400988
245.4,21.14608355
245.5,21.15874345
245.60000000000002,21.17209139
245.70000000000002,21.1862292
245.8,21.20125869
245.9,21.21728168
246.0,21.2344
246.10000000000002,21.25264045
246.20000000000002,21.27172981
246.3,21.29131983
246.4,21.31106226
246.5,21.33060887
246.60000000000002,21.3496114
246.70000000000002,21.36772163
246.8,21.3845913
246.9,21.39987217
247.0,21.413216
247.10000000000002,21.42436896
247.20000000000002,21.4334549
247.3,21.44069206
247.4,21.4462987
247.5,21.45049309
247.60000000000002,21.45349346
247.70000000000002,21.45551808
247.8,21.45678521
247.9,21.4575131
248.0,21.45792
248.10000000000002,21.45818974
248.20000000000002,21.45836842
248.3,21.45846771
248.4,21.45849928
248.5,21.45847479
248.60000000000002,21.45840592
248.70000000000002,21.45830434
248.8,21.45818171
248.9,21.45804971
249.0,21.45792
249.10000000000002,21.45780286
249.20000000000002,21.45770297
249.3,21.45762363
249.4,21.45756813
249.5,21.45753975
249.60000000000002,21.45754179
249.70000000000002,21.45757755
249.8,21.45765031
249.9,21.45776336
250.0,21.45792
250.10000000000002,21.45811883
250.20000000000002,21.4583397
250.3,21.45855777
250.4,21.45874822
250.5,21.45888621
250.60000000000002,21.4589469
250.70000000000002,21.45890546
250.8,21.45873705
250.9,21.45841684
251.0,21.45792
251.10000000000002,21.45724183
251.20000000000002,21.45645824
251.3,21.45566528
251.4,21.45495898
251.5,21.45443541
251.60000000000002,21.4541906
251.70000000000002,21.45432061
251.8,21.45492148
251.9,21.45608926
252.0,21.45792
252.10000000000002,21.46047855
252.20000000000002,21.46370496
252.3,21.46750812
252.4,21.4717969
252.5,21.47648015
252.60000000000002,21.48146675
252.70000000000002,21.48666556
252.8,21.49198546
252.9,21.49733532
253.0,21.502624
253.10000000000002,21.5077756
253.20000000000002,21.51277515
253.3,21.5176229
253.4,21.5223191
253.5,21.526864
253.60000000000002,21.53125787
253.70000000000002,21.53550095
253.8,21.53959349
253.9,21.54353576
254.0,21.547328
254.10000000000002,21.55094074
254.20000000000002,21.5542256
254.3,21.55700448
254.4,21.55909926
254.5,21.56033184
254.60000000000002,21.56052411
254.70000000000002,21.55949797
254.8,21.55707531
254.9,21.55307802
255.0,21.547328
255.10000000000002,21.53979551
255.20000000000002,21.53104436
255.3,21.52178671
255.4,21.51273475
255.5,21.50460064
255.60000000000002,21.49809656
255.70000000000002,21.49393468
255.8,21.49282718
255.9,21.49548622
256.0,21.502624
256.1,21.51470181
256.2,21.5311775
256.3,21.55125804
256.40000000000003,21.57415042
256.5,21.59906161
256.6,21.62519859
256.7,21.65176834
256.8,21.67797784
256.90000000000003,21.70303407
257.0,21.726144
257.1,21.74669914
257.2,21.76482908
257.3,21.78084794
257.40000000000003,21.79506985
257.5,21.80780893
257.6,21.81937929
257.7,21.83009506
257.8,21.84027035
257.90000000000003,21.85021929
258.0,21.860256
258.1,21.8706097
258.2,21.88117006
258.3,21.89174183
258.40000000000003,21.90212978
258.5,21.91213868
258.6,21.92157328
258.7,21.93023835
258.8,21.93793865
258.90000000000003,21.94447894
259.0,21.949664
259.1,21.95336422
259.2,21.95571256
259.3,21.95690763
259.40000000000003,21.95714803
259.5,21.95663236
259.6,21.95555922
259.7,21.95412721
259.8,21.95253494
259.90000000000003,21.950981
260.0,21.949664
260.1,21.94873899
260.2,21.94818679
260.3,21.94794469
260.40000000000003,21.94794996
260.5,21.94813989
260.6,21.94845174
260.7,21.9488228
260.8,21.94919035
260.90000000000003,21.94949165
261.0,21.949664
261.1,21.94966383
261.2,21.94952427
261.3,21.9492976
261.40000000000003,21.94903611
261.5,21.94879209
261.6,21.94861782
261.7,21.94856558
261.8,21.94868768
261.90000000000003,21.94903639
262.0,21.949664
262.1,21.95058968
262.2,21.95170012
262.3,21.9528489
262.40000000000003,21.95388959
262.5,21.95467576
262.6,21.95506099
262.7,21.95489886
262.8,21.95404293
262.90000000000003,21.95234679
263.0,21.949664
263.1,21.94591674
263.2,21.94130161
263.3,21.93608379
263.40000000000003,21.93052848
263.5,21.92490087
263.6,21.91946614
263.7,21.9144895
263.8,21.91023614
263.90000000000003,21.90697124
264.0,21.90496
264.1,21.90431573
264.2,21.90454419
264.3,21.90499926
264.40000000000003,21.90503483
264.5,21.90400477
264.6,21.90126298
264.7,21.89616332
264.8,21.88805968
264.90000000000003,21.87630595
265.0,21.860256
265.1,21.83948972
265.2,21.81449105
265.3,21.78596992
265.40000000000003,21.75463627
265.5,21.72120004
265.6,21.68637116
265.7,21.65085958
265.8,21.61537524
265.90000000000003,21.58062806
266.0,21.547328
266.1,21.51605869
266.2,21.48689858
266.3,21.45979984
266.40000000000003,21.43471462
266.5,21.41159507
266.6,21.39039336
266.7,21.37106164
266.8,21.35355207
266.90000000000003,21.3378168
267.0,21.323808
267.1,21.31144407
267.2,21.30050841
267.3,21.29075069
267.40000000000003,21.28192056
267.5,21.27376768
267.6,21.26604171
267.7,21.25849229
267.8,21.2508691
267.90000000000003,21.24292178
268.0,21.2344
268.1,21.22509118
268.2,21.21493388
268.3,21.2039044
268.40000000000003,21.19197907
268.5,21.1791342
268.6,21.16534612
268.7,21.15059114
268.8,21.13484558
268.90000000000003,21.11808576
269.0,21.100288
269.1,21.08144537
269.2,21.06161796
269.3,21.04088262
269.40000000000003,21.01931618
269.5,20.9969955
269.6,20.97399742
269.7,20.95039879
269.8,20.92627645
269.90000000000003,20.90170723
270.0,20.876768
270.1,20.85156491
270.2,20.82632139
270.3,20.80129019
270.40000000000003,20.77672407
270.5,20.75287578
270.6,20.72999807
270.7,20.70834368
270.8,20.68816537
270.90000000000003,20.6697159
271.0,20.653248
271.1,20.63892511
271.2,20.62655339
271.3,20.61584964
271.40000000000003,20.60653069
271.5,20.59831337
271.6,20.5909145
271.7,20.5840509
271.8,20.57743941
271.90000000000003,20.57079683
272.0,20.56384
272.1,20.55634548
272.2,20.54832881
272.3,20.53986528
272.40000000000003,20.53103016
272.5,20.52189874
272.6,20.51254631
272.7,20.50304813
272.8,20.4934795
272.90000000000003,20.48391569
273.0,20.474432
273.1,20.46508816
273.2,20.45588176
273.3,20.44679484
273.40000000000003,20.43780946
273.5,20.42890766
273.6,20.42007148
273.7,20.41128298
273.8,20.4025242
273.90000000000003,20.39377719
274.0,20.385024
274.1,20.37624908
274.2,20.36744656
274.3,20.35861296
274.40000000000003,20.34974481
274.5,20.34083863
274.6,20.33189097
274.7,20.32289835
274.8,20.31385729
274.90000000000003,20.30476433
275.0,20.295616
275.1,20.28641471
275.2,20.27718641
275.3,20.26796293
275.40000000000003,20.25877612
275.5,20.24965781
275.6,20.24063983
275.7,20.23175403
275.8,20.22303223
275.90000000000003,20.21450627
276.0,20.206208
276.1,20.19814329
276.2,20.19021422
276.3,20.18229692
276.40000000000003,20.17426752
276.5,20.16600213
276.6,20.1573769
276.7,20.14826795
276.8,20.13855139
276.90000000000003,20.12810337
277.0,20.1168
277.1,20.10457063
277.2,20.09155748
277.3,20.07795598
277.40000000000003,20.06396156
277.5,20.04976966
277.6,20.0355757
277.7,20.02157512
277.8,20.00796336
277.90000000000003,19.99493584
278.0,19.982688
278.1,19.97136247
278.2,19.96089063
278.3,19.95115109
278.40000000000003,19.94202243
278.5,19.93338324
278.6,19.92511211
278.7,19.91708763
278.8,19.9091884
278.90000000000003,19.90129299
279.0,19.89328
279.1,19.88500722
279.2,19.8762492
279.3,19.86675972
279.40000000000003,19.85629252
279.5,19.84460138
279.6,19.83144004
279.7,19.81656228
279.8,19.79972184
279.90000000000003,19.7806725
280.0,19.759168
280.1,19.73505344
280.2,19.70853918
280.3,19.67992693
280.40000000000003,19.64951839
280.5,19.61761524
280.6,19.5845192
280.7,19.55053196
280.8,19.51595521
280.90000000000003,19.48109066
281.0,19.44624
281.1,19.41167337
281.2,19.37753468
281.3,19.34393627
281.40000000000003,19.31099048
281.5,19.27880965
281.6,19.24750613
281.7,19.21719226
281.8,19.18798039
281.90000000000003,19.15998285
282.0,19.133312
282.1,19.10789156
282.2,19.08289086
282.3,19.05729058
282.40000000000003,19.03007144
282.5,19.00021415
282.6,18.96669941
282.7,18.92850791
282.8,18.88462038
282.90000000000003,18.83401751
283.0,18.77568
283.1,18.70897221
283.2,18.6347931
283.3,18.55442525
283.40000000000003,18.46915126
283.5,18.38025374
283.6,18.28901528
283.7,18.19671848
283.8,18.10464593
283.90000000000003,18.01408024
284.0,17.926304
284.1,17.84237142
284.2,17.76242316
284.3,17.68637147
284.40000000000003,17.61412863
284.5,17.54560689
284.6,17.48071852
284.7,17.41937578
284.8,17.36149094
284.90000000000003,17.30697626
285.0,17.255744
285.1,17.20756578
285.2,17.16165059
285.3,17.11706679
285.40000000000003,17.07288271
285.5,17.02816671
285.6,16.98198714
285.7,16.93341233
285.8,16.88151064
285.90000000000003,16.82535042
286.0,16.764
286.1,16.6968717
286.2,16.62475367
286.3,16.54877801
286.40000000000003,16.47007684
286.5,16.38978225
286.6,16.30902637
286.7,16.22894129
286.8,16.15065914
286.90000000000003,16.075312
287.0,16.004032
287.1,15.93769954
287.2,15.87618823
287.3,15.81911998
287.40000000000003,15.76611669
287.5,15.71680027
287.6,15.67079263
287.7,15.62771567
287.8,15.58719131
287.90000000000003,15.54884145
288.0,15.512288
288.1,15.47718985
288.2,15.44335382
288.3,15.41062374
288.40000000000003,15.37884342
288.5,15.34785667
288.6,15.31750731
288.7,15.28763914
288.8,15.258096
288.90000000000003,15.22872168
289.0,15.19936
289.1,15.16986914
289.2,15.14016467
289.3,15.11017654
289.40000000000003,15.07983468
289.5,15.04906905
289.6,15.01780957
289.7,14.98598618
289.8,14.95352883
289.90000000000003,14.92036746
290.0,14.886432
290.1,14.85169211
290.2,14.81627627
290.3,14.7803527
290.40000000000003,14.74408959
290.5,14.70765514
290.6,14.67121757
290.7,14.63494506
290.8,14.59900583
290.90000000000003,14.56356808
291.0,14.5288
291.1,14.49478602
291.2,14.46127539
291.3,14.42793359
291.40000000000003,14.3944261
291.5,14.36041838
291.6,14.32557591
291.7,14.28956416
291.8,14.25204861
291.90000000000003,14.21269474
292.0,14.171168
292.1,14.12725051
292.2,14.08119086
292.3,14.0333543
292.40000000000003,13.98410605
292.5,13.93381134
292.6,13.8828354
292.7,13.83154346
292.8,13.78030077
292.90000000000003,13.72947253
293.0,13.679424
293.1,13.63045061
293.2,13.58256864
293.3,13.5357246
293.40000000000003,13.48986498
293.5,13.44493628
293.6,13.40088499
293.7,13.35765763
293.8,13.31520067
293.90000000000003,13.27346063
294.0,13.232384
294.1,13.19194569
294.2,13.15223429
294.3,13.1133668
294.40000000000003,13.07546022
294.5,13.03863156
294.6,13.00299781
294.7,12.96867598
294.8,12.93578307
294.90000000000003,12.90443607
295.0,12.874752
295.1,12.84684868
295.2,12.82084722
295.3,12.79686957
295.40000000000003,12.77503768
295.5,12.75547348
295.6,12.73829893
295.7,12.72363596
295.8,12.71160652
295.90000000000003,12.70233255
296.0,12.695936
296.1,12.6925071
296.2,12.69200922
296.3,12.69437405
296.40000000000003,12.69953326
296.5,12.70741851
296.6,12.71796148
296.7,12.73109385
296.8,12.74674727
296.90000000000003,12.76485343
297.0,12.785344
297.1,12.80823197
297.2,12.8338556
297.3,12.86263451
297.40000000000003,12.89498827
297.5,12.93133647
297.6,12.97209872
297.7,13.01769461
297.8,13.06854372
297.90000000000003,13.12506565
298.0,13.18768
298.1,13.25660219
298.2,13.33123102
298.3,13.4107611
298.40000000000003,13.49438709
298.5,13.58130359
298.6,13.67070525
298.7,13.76178669
298.8,13.85374254
298.90000000000003,13.94576744
299.0,14.037056
299.1,14.12700174
299.2,14.21579365
299.3,14.3038196
299.40000000000003,14.39146748
299.5,14.47912515
299.6,14.56718049
299.7,14.65602137
299.8,14.74603567
299.90000000000003,14.83761125
300.0,14.931136
300.1,15.02685349
300.2,15.12443011
300.3,15.22338797
300.40000000000003,15.32324916
300.5,15.42353579
300.6,15.52376996
300.7,15.62347376
300.8,15.7221693
300.90000000000003,15.81937868
301.0,15.914624
301.1,16.00753744
301.2,16.09819152
301.3,16.18676885
301.40000000000003,16.27345204
301.5,16.35842368
301.6,16.44186639
301.7,16.52396278
301.8,16.60489543
301.90000000000003,16.68484697
302.0,16.764
302.1,16.8424646
302.2,16.92006077
302.3,16.99653598
302.40000000000003,17.07163773
302.5,17.14511347
302.6,17.2167107
302.7,17.28617689
302.8,17.35325952
302.90000000000003,17.41770606
303.0,17.479264
303.1,17.5377714
303.2,17.59342871
303.3,17.64652696
303.40000000000003,17.69735718
303.5,17.74621042
303.6,17.7933777
303.7,17.83915007
303.8,17.88381855
303.90000000000003,17.92767418
304.0,17.971008
304.1,18.01404471
304.2,18.0567437
304.3,18.09899802
304.40000000000003,18.14070072
304.5,18.18174486
304.6,18.22202349
304.7,18.26142966
304.8,18.29985644
304.90000000000003,18.33719686
305.0,18.373344
305.1,18.40823151
305.2,18.44195554
305.3,18.47465282
305.40000000000003,18.50646011
305.5,18.53751416
305.6,18.56795172
305.7,18.59790953
305.8,18.62752435
305.90000000000003,18.65693292
306.0,18.686272
306.1,18.7156269
306.2,18.74487723
306.3,18.77385115
306.40000000000003,18.80237685
306.5,18.8302825
306.6,18.85739627
306.7,18.88354633
306.8,18.90856085
306.90000000000003,18.93226802
307.0,18.954496
307.1,18.97514866
307.20000000000005,18.99443264
307.3,19.01263028
307.40000000000003,19.0300239
307.5,19.04689584
307.6,19.06352844
307.70000000000005,19.08020402
307.8,19.09720491
307.90000000000003,19.11481347
308.0,19.133312
308.1,19.15291033
308.20000000000005,19.17352813
308.3,19.19501259
308.40000000000003,19.21721087
308.5,19.23997013
308.6,19.26313754
308.70000000000005,19.28656027
308.8,19.31008547
308.90000000000003,19.33356033
309.0,19.356832
309.1,19.37978325
309.20000000000005,19.40243927
309.3,19.42486082
309.40000000000003,19.44710868
309.5,19.46924363
309.6,19.49132646
309.70000000000005,19.51341793
309.8,19.53557883
309.90000000000003,19.55786992
310.0,19.580352
310.1,19.60306066
310.20000000000005,19.6259308
310.3,19.64887214
310.40000000000003,19.67179441
310.5,19.69460733
310.6,19.71722062
310.70000000000005,19.73954402
310.8,19.76148723
310.90000000000003,19.78295998
311.0,19.803872
311.1,19.82415341
311.20000000000005,19.84381591
311.3,19.86289161
311.40000000000003,19.88141262
311.5,19.89941104
311.6,19.91691898
311.70000000000005,19.93396854
311.8,19.95059182
311.90000000000003,19.96682094
312.0,19.982688
312.1,19.99821339
312.20000000000005,20.01337068
312.3,20.02812173
312.40000000000003,20.04242839
312.5,20.0562525
312.6,20.06955594
312.70000000000005,20.08230056
312.8,20.0944482
312.90000000000003,20.10596073
313.0,20.1168
313.1,20.1269543
313.20000000000005,20.13651767
313.3,20.14561059
313.40000000000003,20.15435352
313.5,20.16286694
313.6,20.17127133
313.70000000000005,20.17968715
313.8,20.18823489
313.90000000000003,20.19703502
314.0,20.206208
314.1,20.21582498
314.20000000000005,20.22575978
314.3,20.23583685
314.40000000000003,20.24588068
314.5,20.25571573
314.6,20.26516649
314.70000000000005,20.27405742
314.8,20.282213
314.90000000000003,20.2894577
315.0,20.295616
315.1,20.30059386
315.20000000000005,20.30462319
315.3,20.30801741
315.40000000000003,20.31108992
315.5,20.31415414
315.6,20.31752346
315.70000000000005,20.3215113
315.8,20.32643107
315.90000000000003,20.33259616
316.0,20.34032
316.1,20.34981818
316.20000000000005,20.36091507
316.3,20.37333725
316.40000000000003,20.38681128
316.5,20.40106372
316.6,20.41582114
316.70000000000005,20.43081011
316.8,20.4457572
316.90000000000003,20.46038898
317.0,20.474432
317.1,20.48765435
317.20000000000005,20.49999018
317.3,20.51141512
317.40000000000003,20.52190484
317.5,20.53143499
317.6,20.53998122
317.70000000000005,20.54751919
317.8,20.55402453
317.90000000000003,20.55947292
318.0,20.56384
318.1,20.56716728
318.20000000000005,20.56975974
318.3,20.57198817
318.40000000000003,20.57422342
318.5,20.57683631
318.6,20.58019765
318.70000000000005,20.58467826
318.8,20.59064898
318.90000000000003,20.59848062
319.0,20.608544
319.1,20.6210838
319.20000000000005,20.63584013
319.3,20.65242693
319.40000000000003,20.67045816
319.5,20.68954777
319.6,20.70930973
319.70000000000005,20.72935797
319.8,20.74930646
319.90000000000003,20.76876915
320.0,20.78736
320.1,20.80477404
320.20000000000005,20.82103066
320.3,20.83623031
320.40000000000003,20.85047347
320.5,20.8638606
320.6,20.87649216
320.70000000000005,20.88846861
320.8,20.89989043
320.90000000000003,20.91085807
321.0,20.921472
321.1,20.93185801
321.20000000000005,20.94224319
321.3,20.95287994
321.40000000000003,20.96402069
321.5,20.97591783
321.6,20.98882379
321.70000000000005,21.00299098
321.8,21.0186718
321.90000000000003,21.03611867
322.0,21.055584
322.1,21.07722723
322.20000000000005,21.10083589
322.3,21.12610454
322.40000000000003,21.15272775
322.5,21.18040007
322.6,21.20881606
322.70000000000005,21.23767029
322.8,21.26665732
322.90000000000003,21.2954717
323.0,21.323808
323.1,21.35143913
323.20000000000005,21.37845141
323.3,21.40500951
323.40000000000003,21.43127812
323.5,21.45742189
323.6,21.48360552
323.70000000000005,21.50999367
323.8,21.53675102
323.90000000000003,21.56404224
324.0,21.592032
324.1,21.62084337
324.20000000000005,21.65043292
324.3,21.68071562
324.40000000000003,21.71160645
324.5,21.74302036
324.6,21.77487232
324.70000000000005,21.8070773
324.8,21.83955026
324.90000000000003,21.87220617
325.0,21.90496
325.1,21.93772542
325.20000000000005,21.97041097
325.3,22.00292387
325.40000000000003,22.03517136
325.5,22.06706068
325.6,22.09849906
325.70000000000005,22.12939375
325.8,22.15965198
325.90000000000003,22.18918098
326.0,22.217888
326.1,22.24572704
326.20000000000005,22.27283918
326.3,22.29941231
326.40000000000003,22.32563427
326.5,22.35169293
326.6,22.37777616
326.70000000000005,22.40407182
326.8,22.43076777
326.90000000000003,22.45805188
327.0,22.486112
327.1,22.51508432
327.20000000000005,22.54489828
327.3,22.57543164
327.40000000000003,22.60656216
327.5,22.63816759
327.6,22.67012569
327.70000000000005,22.70231423
327.8,22.73461095
327.90000000000003,22.76689362
328.0,22.79904
328.1,22.83095369
328.20000000000005,22.86264173
328.3,22.89413699
328.40000000000003,22.92547236
328.5,22.95668071
328.6,22.98779492
328.70000000000005,23.01884787
328.8,23.04987245
328.90000000000003,23.08090154
329.0,23.111968
329.1,23.1430977
329.20000000000005,23.17428839
329.3,23.20553078
329.40000000000003,23.23681561
329.5,23.26813358
329.6,23.29947543
329.70000000000005,23.33083187
329.8,23.36219363
329.90000000000003,23.39355144
330.0,23.424896
330.1,23.4562203
330.20000000000005,23.48752631
330.3,23.51881828
330.40000000000003,23.55010042
330.5,23.58137697
330.6,23.61265216
330.70000000000005,23.64393023
330.8,23.67521541
330.90000000000003,23.70651192
331.0,23.737824
331.1,23.7691539
331.20000000000005,23.80049595
331.3,23.83184251
331.40000000000003,23.86318592
331.5,23.89451854
331.6,23.92583271
331.70000000000005,23.95712079
331.8,23.98837513
331.90000000000003,24.01958809
332.0,24.050752
332.1,24.0818649
332.20000000000005,24.11294747
332.3,24.14402608
332.40000000000003,24.1751271
332.5,24.20627688
332.6,24.23750179
332.70000000000005,24.26882819
332.8,24.30028246
332.90000000000003,24.33189094
333.0,24.36368
333.1,24.39565532
333.20000000000005,24.42773977
333.3,24.45983557
333.40000000000003,24.49184489
333.5,24.52366995
333.6,24.55521293
333.70000000000005,24.58637603
333.8,24.61706144
333.90000000000003,24.64717137
334.0,24.676608
334.1,24.70530594
334.20000000000005,24.73332941
334.3,24.76077505
334.40000000000003,24.78773947
334.5,24.81431932
334.6,24.84061123
334.70000000000005,24.86671182
334.8,24.89271772
334.90000000000003,24.91872557
335.0,24.944832
335.1,24.97111411
335.20000000000005,24.99757094
335.3,25.02418198
335.40000000000003,25.05092675
335.5,25.07778475
335.6,25.1047355
335.70000000000005,25.13175849
335.8,25.15883323
335.90000000000003,25.18593923
336.0,25.213056
336.1,25.24011931
336.20000000000005,25.26689001
336.3,25.29308523
336.40000000000003,25.31842207
336.5,25.34261766
336.6,25.36538912
336.70000000000005,25.38645356
336.8,25.40552811
336.90000000000003,25.42232988
337.0,25.436576
337.1,25.44808861
337.20000000000005,25.45711004
337.3,25.46398761
337.40000000000003,25.46906869
337.5,25.47270061
337.6,25.47523072
337.70000000000005,25.47700637
337.8,25.4783749
337.90000000000003,25.47968366
338.0,25.48128
338.1,25.48344777
338.20000000000005,25.48621685
338.3,25.48955364
338.40000000000003,25.49342453
338.5,25.49779591
338.6,25.50263419
338.70000000000005,25.50790574
338.8,25.51357696
338.90000000000003,25.51961425
339.0,25.525984
339.1,25.53266742
339.20000000000005,25.539705
339.3,25.54715204
339.40000000000003,25.55506385
339.5,25.56349573
339.6,25.572503
339.70000000000005,25.58214096
339.8,25.5924649
339.90000000000003,25.60353015
340.0,25.615392
340.1,25.62806527
340.20000000000005,25.64140284
340.3,25.65521709
340.40000000000003,25.6693204
340.5,25.68352515
340.6,25.69764373
340.70000000000005,25.71148852
340.8,25.72487191
340.90000000000003,25.73760627
341.0,25.749504
341.1,25.76043519
341.20000000000005,25.77050085
341.3,25.77985967
341.40000000000003,25.78867037
341.5,25.79709167
341.6,25.80528228
341.70000000000005,25.8134009
341.8,25.82160625
341.90000000000003,25.83005705
342.0,25.838912
342.1,25.84827353
342.20000000000005,25.85801892
342.3,25.86796916
342.40000000000003,25.87794524
342.5,25.88776816
342.6,25.89725891
342.70000000000005,25.90623847
342.8,25.91452785
342.90000000000003,25.92194803
343.0,25.92832
343.1,25.93354278
343.20000000000005,25.93782744
343.3,25.94146308
343.40000000000003,25.94473879
343.5,25.94794368
343.6,25.95136683
343.70000000000005,25.95529734
343.8,25.96002431
343.90000000000003,25.96583683
344.0,25.973024
344.1,25.98179795
344.20000000000005,25.99206294
344.3,26.00364627
344.40000000000003,26.01637524
344.5,26.03007713
344.6,26.04457926
344.70000000000005,26.05970891
344.8,26.07529339
344.90000000000003,26.09115999
345.0,26.107136
345.1,26.12305506
345.20000000000005,26.13877609
345.3,26.15416438
345.40000000000003,26.16908519
345.5,26.18340379
345.6,26.19698544
345.70000000000005,26.20969542
345.8,26.221399
345.90000000000003,26.23196143
346.0,26.241248
346.1,26.24917562
346.20000000000005,26.25586782
346.3,26.26149978
346.40000000000003,26.26624668
346.5,26.2702837
346.6,26.27378603
346.70000000000005,26.27692885
346.8,26.27988732
346.90000000000003,26.28283665
347.0,26.285952
347.1,26.28937444
347.20000000000005,26.29310854
347.3,26.29712476
347.40000000000003,26.30139356
347.5,26.30588539
347.6,26.31057071
347.70000000000005,26.31541997
347.8,26.32040364
347.90000000000003,26.32549216
348.0,26.330656
348.1,26.33586103
348.20000000000005,26.34105482
348.3,26.34618038
348.40000000000003,26.35118068
348.5,26.35599874
348.6,26.36057753
348.70000000000005,26.36486006
348.8,26.36878932
348.90000000000003,26.3723083
349.0,26.37536
349.1,26.37789514
349.20000000000005,26.37989533
349.3,26.38134992
349.40000000000003,26.38224825
349.5,26.38257967
349.6,26.38233351
349.70000000000005,26.38149912
349.8,26.38006584
349.90000000000003,26.37802302
350.0,26.37536
350.1,26.3720845
350.20000000000005,26.36827778
350.3,26.36403946
350.40000000000003,26.35946919
350.5,26.3546666
350.6,26.34973132
350.70000000000005,26.34476299
350.8,26.33986123
350.90000000000003,26.33512569
351.0,26.330656
351.1,26.32651524
351.20000000000005,26.32262031
351.3,26.31885155
351.40000000000003,26.31508931
351.5,26.31121392
351.6,26.30710575
351.70000000000005,26.30264512
351.8,26.29771239
351.90000000000003,26.2921879
352.0,26.285952
352.1,26.27892343
352.20000000000005,26.27117455
352.3,26.26281613
352.40000000000003,26.25395893
352.5,26.2447137
352.6,26.23519122
352.70000000000005,26.22550225
352.8,26.21575755
352.90000000000003,26.20606788
353.0,26.196544
353.1,26.18726903
353.20000000000005,26.17821544
353.3,26.16932806
353.40000000000003,26.16055173
353.5,26.15183127
353.6,26.1431115
353.70000000000005,26.13433726
353.8,26.12545338
353.90000000000003,26.11640469
354.0,26.107136
354.1,26.09761967
354.20000000000005,26.0879381
354.3,26.07820123
354.40000000000003,26.06851896
354.5,26.05900124
354.6,26.04975797
354.70000000000005,26.04089909
354.8,26.03253452
354.90000000000003,26.02477418
355.0,26.017728
355.1,26.0114682
355.20000000000005,26.00591618
355.3,26.00095564
355.40000000000003,25.99647027
355.5,25.99234379
355.6,25.98845988
355.70000000000005,25.98470225
355.8,25.98095459
355.90000000000003,25.97710061
356.0,25.973024
356.1,25.96864235
356.20000000000005,25.96400884
356.3,25.9592105
356.40000000000003,25.95433441
356.5,25.94946761
356.6,25.94469716
356.70000000000005,25.94011012
356.8,25.93579354
356.90000000000003,25.93183448
357.0,25.92832
357.1,25.92528399
357.20000000000005,25.92254768
357.3,25.91987916
357.40000000000003,25.9170465
357.5,25.91381779
357.6,25.90996109
357.70000000000005,25.90524448
357.8,25.89943605
357.90000000000003,25.89230386
358.0,25.883616
358.1,25.87322989
358.20000000000005,25.86136038
358.3,25.84831164
358.40000000000003,25.83438787
358.5,25.81989325
358.6,25.80513197
358.70000000000005,25.79040822
358.8,25.77602618
358.90000000000003,25.76229004
359.0,25.749504
359.1,25.73789151
359.20000000000005,25.72735314
359.3,25.71770874
359.40000000000003,25.70877815
359.5,25.70038122
359.6,25.69233779
359.70000000000005,25.68446771
359.8,25.67659082
359.90000000000003,25.66852697
360.0,25.660096
360.1,25.65117248
360.20000000000005,25.6418499
360.3,25.63227647
360.40000000000003,25.62260039
360.5,25.61296987
360.6,25.60353312
360.70000000000005,25.59443835
360.8,25.58583376
360.90000000000003,25.57786758
361.0,25.570688
361.1,25.56439446
361.20000000000005,25.55889127
361.3,25.55403399
361.40000000000003,25.54967816
361.5,25.54567931
361.6,25.541893
361.70000000000005,25.53817477
361.8,25.53438017
361.90000000000003,25.53036473
362.0,25.525984
362.1,25.5211445
362.20000000000005,25.51595665
362.3,25.51058183
362.40000000000003,25.50518145
362.5,25.49991688
362.6,25.49494952
362.70000000000005,25.49044076
362.8,25.486552
362.90000000000003,25.48344461
363.0,25.48128
363.1,25.48015384
363.20000000000005,25.47989896
363.3,25.48028248
363.40000000000003,25.48107151
363.5,25.48203317
363.6,25.48293458
363.70000000000005,25.48354285
363.8,25.4836251
363.90000000000003,25.48294844
364.0,25.48128
364.1,25.47846465
364.20000000000005,25.47465832
364.3,25.47009471
364.40000000000003,25.46500752
364.5,25.45963044
364.6,25.45419716
364.70000000000005,25.44894138
364.8,25.4440968
364.90000000000003,25.43989711
365.0,25.436576
365.1,25.43430065
365.20000000000005,25.43297213
365.3,25.432425
365.40000000000003,25.43249379
365.5,25.43301308
365.6,25.43381739
365.70000000000005,25.43474129
365.8,25.43561932
365.90000000000003,25.43628604
366.0,25.436576
366.1,25.43637796
366.20000000000005,25.43579759
366.3,25.43499477
366.40000000000003,25.43412936
366.5,25.43336126
366.6,25.43285034
366.70000000000005,25.43275647
366.8,25.43323954
366.90000000000003,25.43445942
367.0,25.436576
367.1,25.4396882
367.20000000000005,25.44365112
367.3,25.44825894
367.40000000000003,25.45330581
367.5,25.45858589
367.6,25.46389333
367.70000000000005,25.46902231
367.8,25.47376697
367.90000000000003,25.47792148
368.0,25.48128
368.1,25.48369216
368.20000000000005,25.48522953
368.3,25.48601913
368.40000000000003,25.48618801
368.5,25.4858632
368.6,25.48517173
368.70000000000005,25.48424064
368.8,25.48319696
368.90000000000003,25.48216774
369.0,25.48128
369.1,25.48063393
369.20000000000005,25.48022231
369.3,25.48001105
369.40000000000003,25.47996608
369.5,25.48005332
369.6,25.4802387
369.70000000000005,25.48048814
369.8,25.48076755
369.90000000000003,25.48104286
370.0,25.48128
370.1,25.48145211
370.20000000000005,25.48156124
370.3,25.48161667
370.40000000000003,25.48162766
370.5,25.4816035
370.6,25.48155346
370.70000000000005,25.48148682
370.8,25.48141284
370.90000000000003,25.48134081
371.0,25.48128
371.1,25.48123763
371.20000000000005,25.48121273
371.3,25.48120229
371.40000000000003,25.48120327
371.5,25.48121266
371.6,25.48122744
371.70000000000005,25.48124458
371.8,25.48126107
371.90000000000003,25.48127389
372.0,25.48128
372.1,25.48127737
372.20000000000005,25.48126782
372.3,25.48125418
372.40000000000003,25.48123925
372.5,25.48122585
372.6,25.48121677
372.70000000000005,25.48121484
372.8,25.48122286
372.90000000000003,25.48124364
373.0,25.48128
373.1,25.4813329
373.20000000000005,25.48139597
373.3,25.48146098
373.40000000000003,25.48151971
373.5,25.48156395
373.6,25.48158547
373.70000000000005,25.48157605
373.8,25.48152748
373.90000000000003,25.48143154
374.0,25.48128
374.1,25.48107103
374.20000000000005,25.48082831
374.3,25.48058191
374.40000000000003,25.48036191
374.5,25.48019837
374.6,25.48012135
374.70000000000005,25.48016094
374.8,25.4803472
374.90000000000003,25.4807102
375.0,25.48128
375.1,25.48206299
375.20000000000005,25.4829708
375.3,25.48389138
375.40000000000003,25.48471266
375.5,25.48532259
375.6,25.48560912
375.70000000000005,25.48546017
375.8,25.48476371
375.90000000000003,25.48340767
376.0,25.48128
376.1,25.4783123
376.20000000000005,25.47461084
376.3,25.47032556
376.40000000000003,25.46560639
376.5,25.46060327
376.6,25.45546612
376.70000000000005,25.45034489
376.8,25.4453895
376.90000000000003,25.44074989
377.0,25.436576
377.1,25.43295619
377.20000000000005,25.42973257
377.3,25.4266857
377.40000000000003,25.4235961
377.5,25.42024434
377.6,25.41641094
377.70000000000005,25.41187647
377.8,25.40642146
377.90000000000003,25.39982645
378.0,25.391872
378.1,25.38240713
378.20000000000005,25.37155479
378.3,25.35950643
378.40000000000003,25.34645348
378.5,25.33258739
378.6,25.31809958
378.70000000000005,25.3031815
378.8,25.28802458
378.90000000000003,25.27282027
379.0,25.25776
379.1,25.24300166
379.20000000000005,25.22856895
379.3,25.21445203
379.40000000000003,25.20064103
379.5,25.18712611
379.6,25.17389743
379.70000000000005,25.16094512
379.8,25.14825935
379.90000000000003,25.13583026
380.0,25.123648
380.1,25.11172373
380.20000000000005,25.10015262
380.3,25.08905087
380.40000000000003,25.07853465
380.5,25.06872016
380.6,25.05972357
380.70000000000005,25.05166108
380.8,25.04464886
380.90000000000003,25.03880311
381.0,25.03424
381.1,25.03102525
381.20000000000005,25.02902267
381.3,25.02804559
381.40000000000003,25.02790734
381.5,25.02842126
381.6,25.02940067
381.70000000000005,25.03065892
381.8,25.03200934
381.90000000000003,25.03326525
382.0,25.03424
382.1,25.0347937
382.20000000000005,25.03497359
382.3,25.03487372
382.40000000000003,25.03458812
382.5,25.03421082
382.6,25.03383585
382.70000000000005,25.03355725
382.8,25.03346905
382.90000000000003,25.03366529
383.0,25.03424
383.1,25.03528466
383.20000000000005,25.03688059
383.3,25.03910653
383.40000000000003,25.04204123
383.5,25.04576347
383.6,25.05035199
383.70000000000005,25.05588554
383.8,25.06244289
383.90000000000003,25.07010279
384.0,25.078944
384.1,25.08900867
384.20000000000005,25.10019257
384.3,25.11235486
384.40000000000003,25.12535472
384.5,25.13905131
384.6,25.15330379
384.70000000000005,25.16797133
384.8,25.1829131
384.90000000000003,25.19798827
385.0,25.213056
385.1,25.22799029
385.20000000000005,25.24272443
385.3,25.25720656
385.40000000000003,25.27138481
385.5,25.28520731
385.6,25.29862218
385.70000000000005,25.31157755
385.8,25.32402156
385.90000000000003,25.33590233
386.0,25.347168
386.1,25.35778868
386.20000000000005,25.36782248
386.3,25.37734948
386.40000000000003,25.38644978
386.5,25.39520347
386.6,25.40369064
386.70000000000005,25.41199139
386.8,25.4201858
386.90000000000003,25.42835398
387.0,25.436576
387.1,25.44491857
387.20000000000005,25.45339481
387.3,25.46200445
387.40000000000003,25.47074721
387.5,25.47962281
387.6,25.488631
387.70000000000005,25.49777148
387.8,25.50704399
387.90000000000003,25.51644825
388.0,25.525984
388.1,25.53563783
388.20000000000005,25.54534387
388.3,25.55502312
388.40000000000003,25.56459659
388.5,25.57398527
388.6,25.58311017
388.70000000000005,25.59189229
388.8,25.60025264
388.90000000000003,25.6081122
389.0,25.615392
389.1,25.6220342
389.20000000000005,25.62806567
389.3,25.63353445
389.40000000000003,25.63848858
389.5,25.6429761
389.6,25.64704505
389.70000000000005,25.65074348
389.8,25.65411942
389.90000000000003,25.65722091
390.0,25.660096
390.1,25.66276585
390.20000000000005,25.66514418
390.3,25.66711781
390.40000000000003,25.66857358
390.5,25.66939833
390.6,25.66947889
390.70000000000005,25.6687021
390.8,25.6669548
390.90000000000003,25.66412382
391.0,25.660096
391.1,25.65479976
391.20000000000005,25.64832991
391.3,25.64082284
391.40000000000003,25.63241493
391.5,25.62324259
391.6,25.6134422
391.70000000000005,25.60315015
391.8,25.59250284
391.90000000000003,25.58163666
392.0,25.570688
392.1,25.55978786
392.20000000000005,25.54904568
392.3,25.5385655
392.40000000000003,25.52845136
392.5,25.51880731
392.6,25.5097374
392.70000000000005,25.50134567
392.8,25.49373617
392.90000000000003,25.48701293
393.0,25.48128
393.1,25.4765767
393.20000000000005,25.47268341
393.3,25.46931579
393.40000000000003,25.46618948
393.5,25.46302015
393.6,25.45952345
393.70000000000005,25.45541503
393.8,25.45041054
393.90000000000003,25.44422565
394.0,25.436576
394.1,25.42726275
394.20000000000005,25.41642907
394.3,25.40430361
394.40000000000003,25.39111506
394.5,25.37709208
394.6,25.36246333
394.70000000000005,25.34745748
394.8,25.33230319
394.90000000000003,25.31722915
395.0,25.302464
395.1,25.28818267
395.20000000000005,25.27434503
395.3,25.26085721
395.40000000000003,25.24762534
395.5,25.23455554
395.6,25.22155393
395.70000000000005,25.20852665
395.8,25.19537982
395.90000000000003,25.18201956
396.0,25.168352
396.1,25.15436809
396.20000000000005,25.14039805
396.3,25.12685695
396.40000000000003,25.11415984
396.5,25.10272177
396.6,25.0929578
396.70000000000005,25.08528299
396.8,25.08011238
396.90000000000003,25.07786103
397.0,25.078944
397.1,25.08362492
397.20000000000005,25.09156177
397.3,25.1022611
397.40000000000003,25.11522945
397.5,25.12997337
397.6,25.14599943
397.70000000000005,25.16281417
397.8,25.17992415
397.90000000000003,25.19683591
398.0,25.213056
398.1,25.22820949
398.20000000000005,25.2423955
398.3,25.25583162
398.40000000000003,25.26873549
398.5,25.28132473
398.6,25.29381694
398.70000000000005,25.30642976
398.8,25.3193808
398.90000000000003,25.33288767
399.0,25.347168
399.1,25.362385
399.20000000000005,25.37848428
399.3,25.39535702
399.40000000000003,25.41289443
399.5,25.43098771
399.6,25.44952805
399.70000000000005,25.46840665
399.8,25.48751471
399.90000000000003,25.50674343
400.0,25.525984
400.1,25.54513732
400.20000000000005,25.56414305
400.3,25.58295057
400.40000000000003,25.60150924
400.5,25.61976843
400.6,25.6376775
400.70000000000005,25.65518583
400.8,25.67224278
400.90000000000003,25.68879771
401.0,25.7048
401.1,25.72021463
401.20000000000005,25.7350691
401.3,25.7494065
401.40000000000003,25.76326996
401.5,25.77670258
401.6,25.78974747
401.70000000000005,25.80244775
401.8,25.81484653
401.90000000000003,25.8269869
402.0,25.838912
402.1,25.85063744
402.20000000000005,25.86206889
402.3,25.87308455
402.40000000000003,25.88356261
402.5,25.89338126
402.6,25.90241868
402.70000000000005,25.91055308
402.8,25.91766264
402.90000000000003,25.92362555
403.0,25.92832
403.1,25.9316738
403.20000000000005,25.93381324
403.3,25.93491422
403.40000000000003,25.93515263
403.5,25.9347044
403.6,25.93374541
403.70000000000005,25.93245157
403.8,25.93099879
403.90000000000003,25.92956296
404.0,25.92832
404.1,25.92740892
404.20000000000005,25.92682126
404.3,25.92651164
404.40000000000003,25.92643473
404.5,25.92654516
404.6,25.92679757
404.70000000000005,25.92714662
404.8,25.92754694
404.90000000000003,25.92795319
405.0,25.92832
405.1,25.9286105
405.20000000000005,25.92882173
405.3,25.92895921
405.40000000000003,25.92902845
405.5,25.92903497
405.6,25.9289843
405.70000000000005,25.92888195
405.8,25.92873344
405.90000000000003,25.92854428
406.0,25.92832
406.1,25.92806907
406.20000000000005,25.92781182
406.3,25.92757153
406.40000000000003,25.92737148
406.5,25.92723495
406.6,25.92718522
406.70000000000005,25.92724558
406.8,25.92743931
406.90000000000003,25.92778969
407.0,25.92832
407.1,25.92903321
407.20000000000005,25.92985098
407.3,25.93067467
407.40000000000003,25.93140564
407.5,25.93194524
407.6,25.93219482
407.70000000000005,25.93205573
407.8,25.93142933
407.90000000000003,25.93021697
408.0,25.92832
408.1,25.9256734
408.20000000000005,25.92234663
408.3,25.91844277
408.40000000000003,25.9140649
408.5,25.90931609
408.6,25.90429945
408.70000000000005,25.89911803
408.8,25.89387493
408.90000000000003,25.88867323
409.0,25.883616
409.1,25.87878157
409.20000000000005,25.87414925
409.3,25.86967358
409.40000000000003,25.86530911
409.5,25.86101038
409.6,25.85673194
409.70000000000005,25.85242834
409.8,25.84805411
409.90000000000003,25.84356382
410.0,25.838912
410.1,25.8340739
410.20000000000005,25.82910755
410.3,25.8240917
410.40000000000003,25.81910506
410.5,25.81422638
410.6,25.80953439
410.70000000000005,25.80510782
410.8,25.80102541
410.90000000000003,25.79736589
411.0,25.794208
411.1,25.79161713
411.20000000000005,25.78960537
411.3,25.78817144
411.40000000000003,25.78731411
411.5,25.7870321
411.6,25.78732416
411.70000000000005,25.78818904
411.8,25.78962548
411.90000000000003,25.79163222
412.0,25.794208
412.1,25.79733949
412.20000000000005,25.80096506
412.3,25.80501101
412.40000000000003,25.80940363
412.5,25.81406922
412.6,25.81893407
412.70000000000005,25.82392448
412.8,25.82896674
412.90000000000003,25.83398715
413.0,25.838912
413.1,25.84368452
413.20000000000005,25.84831562
413.3,25.85283317
413.40000000000003,25.85726502
413.5,25.86163901
413.6,25.865983
413.70000000000005,25.87032485
413.8,25.87469239
413.90000000000003,25.87911349
414.0,25.883616
414.1,25.88821684
414.20000000000005,25.89288924
414.3,25.89759549
414.40000000000003,25.90229789
414.5,25.90695873
414.6,25.91154032
414.70000000000005,25.91600494
414.8,25.9203149
414.90000000000003,25.92443248
415.0,25.92832
415.1,25.93196652
415.20000000000005,25.93546822
415.3,25.93894807
415.40000000000003,25.94252903
415.5,25.94633406
415.6,25.95048613
415.70000000000005,25.9551082
415.8,25.96032322
415.90000000000003,25.96625417
416.0,25.973024
416.1,25.9807489
416.20000000000005,25.98951795
416.3,25.99941345
416.40000000000003,26.01051771
416.5,26.02291302
416.6,26.03668169
416.70000000000005,26.05190602
416.8,26.06866832
416.90000000000003,26.08705087
417.0,26.107136
417.1,26.12891692
417.20000000000005,26.15203053
417.3,26.17602467
417.40000000000003,26.20044717
417.5,26.22484585
417.6,26.24876855
417.70000000000005,26.27176308
417.8,26.29337728
417.90000000000003,26.31315898
418.0,26.330656
418.1,26.34555575
418.20000000000005,26.35810392
418.3,26.36868577
418.40000000000003,26.37768656
418.5,26.38549157
418.6,26.39248605
418.70000000000005,26.39905527
418.8,26.40558449
418.90000000000003,26.41245898
419.0,26.420064
419.1,26.42871794
419.20000000000005,26.43847169
419.3,26.44930925
419.40000000000003,26.46121465
419.5,26.47417188
419.6,26.48816496
419.70000000000005,26.5031779
419.8,26.51919472
419.90000000000003,26.53619941
420.0,26.554176
420.1,26.57305761
420.20000000000005,26.59257381
420.3,26.6124033
420.40000000000003,26.63222477
420.5,26.65171692
420.6,26.67055844
420.70000000000005,26.68842801
420.8,26.70500433
420.90000000000003,26.7199661
421.0,26.732992
421.1,26.74385234
421.20000000000005,26.75268382
421.3,26.75971479
421.40000000000003,26.76517355
421.5,26.76928843
421.6,26.77228776
421.70000000000005,26.77439986
421.8,26.77585305
421.90000000000003,26.77687566
422.0,26.777696
422.1,26.7784951
422.20000000000005,26.77926472
422.3,26.77994932
422.40000000000003,26.78049338
422.5,26.78084134
422.6,26.78093768
422.70000000000005,26.78072685
422.8,26.78015332
422.90000000000003,26.77916155
423.0,26.777696
423.1,26.77570936
423.20000000000005,26.77318723
423.3,26.77012345
423.40000000000003,26.76651183
423.5,26.7623462
423.6,26.7576204
423.70000000000005,26.75232825
423.8,26.74646359
423.90000000000003,26.74002022
424.0,26.732992
424.1,26.72538714
424.20000000000005,26.71727147
424.3,26.70872521
424.40000000000003,26.6998286
424.5,26.69066185
424.6,26.68130519
424.70000000000005,26.67183885
424.8,26.66234306
424.90000000000003,26.65289803
425.0,26.643584
425.1,26.63446007
425.20000000000005,26.62550085
425.3,26.61665984
425.40000000000003,26.60789053
425.5,26.59914641
425.6,26.59038098
425.70000000000005,26.58154773
425.8,26.57260015
425.90000000000003,26.56349175
426.0,26.554176
426.1,26.54463179
426.20000000000005,26.53493954
426.3,26.52520504
426.40000000000003,26.5155341
426.5,26.50603252
426.6,26.4968061
426.70000000000005,26.48796063
426.8,26.47960193
426.90000000000003,26.47183578
427.0,26.464768
427.1,26.45846867
427.20000000000005,26.45286503
427.3,26.4478486
427.40000000000003,26.44331092
427.5,26.43914351
427.6,26.4352379
427.70000000000005,26.43148562
427.8,26.42777819
427.90000000000003,26.42400714
428.0,26.420064
428.1,26.41586835
428.20000000000005,26.41145201
428.3,26.40687483
428.40000000000003,26.40219668
428.5,26.39747743
428.6,26.39277695
428.70000000000005,26.3881551
428.8,26.38367175
428.90000000000003,26.37938676
429.0,26.37536
429.1,26.37161952
429.20000000000005,26.36806615
429.3,26.36456889
429.40000000000003,26.36099676
429.5,26.35721875
429.6,26.35310388
429.70000000000005,26.34852117
429.8,26.34333961
429.90000000000003,26.33742822
430.0,26.330656
430.1,26.32294645
430.20000000000005,26.31444095
430.3,26.30533539
430.40000000000003,26.29582564
430.5,26.28610757
430.6,26.27637705
430.70000000000005,26.26682996
430.8,26.25766217
430.90000000000003,26.24906956
431.0,26.241248
431.1,26.23434137
431.20000000000005,26.22828562
431.3,26.22296467
431.40000000000003,26.21826247
431.5,26.21406298
431.6,26.21025012
431.70000000000005,26.20670786
431.8,26.20332012
431.90000000000003,26.19997085
432.0,26.196544
432.1,26.19294287
432.20000000000005,26.18914823
432.3,26.18516021
432.40000000000003,26.18097893
432.5,26.17660452
432.6,26.17203711
432.70000000000005,26.16727682
432.8,26.16232379
432.90000000000003,26.15717814
433.0,26.15184
433.1,26.14632873
433.20000000000005,26.14074065
433.3,26.13519129
433.40000000000003,26.12979621
433.5,26.12467095
433.6,26.11993105
433.70000000000005,26.11569206
433.8,26.11206952
433.90000000000003,26.10917899
434.0,26.107136
434.1,26.1060045
434.20000000000005,26.105642
434.3,26.10585442
434.40000000000003,26.10644768
434.5,26.10722769
434.6,26.10800036
434.70000000000005,26.10857161
434.8,26.10874736
434.90000000000003,26.10833352
435.0,26.107136
435.1,26.10501379
435.20000000000005,26.10203817
435.3,26.09833349
435.40000000000003,26.09402408
435.5,26.0892343
435.6,26.0840885
435.70000000000005,26.07871102
435.8,26.07322622
435.90000000000003,26.06775843
436.0,26.062432
436.1,26.05734472
436.20000000000005,26.05248806
436.3,26.04782696
436.40000000000003,26.04332634
436.5,26.0389511
436.6,26.03466618
436.70000000000005,26.03043648
436.8,26.02622694
436.90000000000003,26.02200248
437.0,26.017728
437.1,26.01337694
437.20000000000005,26.00895677
437.3,26.00448346
437.40000000000003,25.99997298
437.5,25.9954413
437.6,25.9909044
437.70000000000005,25.98637824
437.8,25.98187881
437.90000000000003,25.97742207
438.0,25.973024
438.1,25.96869311
438.20000000000005,25.96440804
438.3,25.96013999
438.40000000000003,25.95586015
438.5,25.9515397
438.6,25.94714984
438.70000000000005,25.94266175
438.8,25.93804662
438.90000000000003,25.93327564
439.0,25.92832
439.1,25.92317223
439.20000000000005,25.91791027
439.3,25.91263337
439.40000000000003,25.90744082
439.5,25.90243189
439.6,25.89770584
439.70000000000005,25.89336196
439.8,25.88949951
439.90000000000003,25.88621776
440.0,25.883616
440.1,25.88176027
440.20000000000005,25.88058373
440.3,25.87998633
440.40000000000003,25.87986802
440.5,25.88012875
440.6,25.88066846
440.70000000000005,25.88138709
440.8,25.8821846
440.90000000000003,25.88296092
441.0,25.883616
441.1,25.88407192
441.20000000000005,25.88433927
441.3,25.88445077
441.40000000000003,25.88443914
441.5,25.88433711
441.6,25.88417738
441.70000000000005,25.88399269
441.8,25.88381574
441.90000000000003,25.88367927
442.0,25.883616
442.1,25.88364805
442.20000000000005,25.88375518
442.3,25.88390657
442.40000000000003,25.8840714
442.5,25.88421882
442.6,25.88431802
442.70000000000005,25.88433817
442.8,25.88424843
442.90000000000003,25.88401798
443.0,25.883616
443.1,25.88303189
443.20000000000005,25.882336
443.3,25.88161893
443.40000000000003,25.88097127
443.5,25.8804836
443.6,25.88024653
443.70000000000005,25.88035065
443.8,25.88088653
443.90000000000003,25.88194479
444.0,25.883616
444.1,25.88596511
444.20000000000005,25.88895445
444.3,25.89252072
444.40000000000003,25.89660059
444.5,25.90113076
444.6,25.90604791
444.70000000000005,25.91128872
444.8,25.91678988
444.90000000000003,25.92248808
445.0,25.92832
445.1,25.93421529
445.20000000000005,25.94007543
445.3,25.94579486
445.40000000000003,25.95126802
445.5,25.95638935
445.6,25.96105329
445.70000000000005,25.96515429
445.8,25.96858678
445.90000000000003,25.9712452
446.0,25.973024
446.1,25.97387143
446.20000000000005,25.973951
446.3,25.97348003
446.40000000000003,25.97267587
446.5,25.97175583
446.6,25.97093725
446.70000000000005,25.97043745
446.8,25.97047375
446.90000000000003,25.97126349
447.0,25.973024
447.1,25.97589849
447.20000000000005,25.97973377
447.3,25.98430254
447.40000000000003,25.98937749
447.5,25.99473131
447.6,26.00013671
447.70000000000005,26.00536639
447.8,26.01019303
447.90000000000003,26.01438933
448.0,26.017728
448.1,26.02004551
448.20000000000005,26.02143353
448.3,26.02204747
448.40000000000003,26.02204279
448.5,26.02157491
448.6,26.02079928
448.70000000000005,26.01987134
448.8,26.01894652
448.90000000000003,26.01818026
449.0,26.017728
449.1,26.01769823
449.20000000000005,26.01801168
449.3,26.01854211
449.40000000000003,26.0191633
449.5,26.01974904
449.6,26.02017309
449.70000000000005,26.02030924
449.8,26.02003126
449.90000000000003,26.01921292
450.0,26.017728
450.1,26.01548486
450.20000000000005,26.01253014
450.3,26.00894509
450.40000000000003,26.00481094
450.5,26.00020892
450.6,25.99522027
450.70000000000005,25.98992622
450.8,25.984408
450.90000000000003,25.97874685
451.0,25.973024
451.1,25.96731873
451.20000000000005,25.96170251
451.3,25.95624485
451.40000000000003,25.95101526
451.5,25.94608326
451.6,25.94151836
451.70000000000005,25.93739007
451.8,25.9337679
451.90000000000003,25.93072138
452.0,25.92832
452.1,25.92660652
452.20000000000005,25.92551665
452.3,25.92495932
452.40000000000003,25.92484347
452.5,25.92507803
452.6,25.92557196
452.70000000000005,25.92623418
452.8,25.92697363
452.90000000000003,25.92769926
453.0,25.92832
453.1,25.92876439
453.20000000000005,25.92903933
453.3,25.92917135
453.40000000000003,25.92918694
453.5,25.92911261
453.6,25.92897487
453.70000000000005,25.92880023
453.8,25.9286152
453.90000000000003,25.92844629
454.0,25.92832
454.1,25.92825593
454.20000000000005,25.92824602
454.3,25.9282753
454.40000000000003,25.92832879
454.5,25.92839154
454.6,25.92844856
454.70000000000005,25.92848489
454.8,25.92848555
454.90000000000003,25.92843558
455.0,25.92832
455.1,25.9281319
455.20000000000005,25.9278966
455.3,25.92764747
455.40000000000003,25.92741789
455.5,25.92724124
455.6,25.92715089
455.70000000000005,25.92718021
455.8,25.92736259
455.90000000000003,25.92773139
456.0,25.92832
456.1,25.92913647
456.20000000000005,25.93008759
456.3,25.93105482
456.40000000000003,25.93191964
456.5,25.9325635
456.6,25.93286789
456.70000000000005,25.93271427
456.8,25.9319841
456.90000000000003,25.93055885
457.0,25.92832
457.1,25.92519752
457.20000000000005,25.92131542
457.3,25.91684624
457.40000000000003,25.91196251
457.5,25.90683675
457.6,25.90164149
457.70000000000005,25.89654925
457.8,25.89173257
457.90000000000003,25.88736398
458.0,25.883616
458.1,25.88062655
458.20000000000005,25.87839511
458.3,25.87688654
458.40000000000003,25.87606572
458.5,25.87589751
458.6,25.87634678
458.70000000000005,25.87737839
458.8,25.87895722
458.90000000000003,25.88104814
459.0,25.883616
459.1,25.8866262
459.20000000000005,25.89004623
459.3,25.89384407
459.40000000000003,25.89798774
459.5,25.90244522
459.6,25.90718453
459.70000000000005,25.91217366
459.8,25.91738062
459.90000000000003,25.9227734
460.0,25.92832
460.1,25.93397625
460.20000000000005,25.93964922
460.3,25.94523384
460.40000000000003,25.95062499
460.5,25.9557176
460.6,25.96040655
460.70000000000005,25.96458676
460.8,25.96815314
460.90000000000003,25.97100058
461.0,25.973024
461.1,25.9741665
461.20000000000005,25.97456404
461.3,25.97440077
461.40000000000003,25.97386083
461.5,25.97312839
461.6,25.9723876
461.70000000000005,25.97182261
461.8,25.97161758
461.90000000000003,25.97195666
462.0,25.973024
462.1,25.97495722
462.20000000000005,25.97770779
462.3,25.98118063
462.40000000000003,25.98528067
462.5,25.98991283
462.6,25.99498205
462.70000000000005,26.00039325
462.8,26.00605136
462.90000000000003,26.0118613
463.0,26.017728
463.1,26.02356022
463.20000000000005,26.02928204
463.3,26.03482138
463.40000000000003,26.04010615
463.5,26.04506427
463.6,26.04962364
463.70000000000005,26.05371219
463.8,26.05725782
463.90000000000003,26.06018845
464.0,26.062432
464.1,26.06394759
464.20000000000005,26.0648192
464.3,26.06516202
464.40000000000003,26.06509126
464.5,26.06472209
464.6,26.06416971
464.70000000000005,26.06354932
464.8,26.06297611
464.90000000000003,26.06256527
465.0,26.062432
465.1,26.06265221
465.20000000000005,26.06314471
465.3,26.06378905
465.40000000000003,26.06446476
465.5,26.06505138
465.6,26.06542845
465.70000000000005,26.06547551
465.8,26.06507209
465.90000000000003,26.06409774
466.0,26.062432
466.1,26.05999088
466.20000000000005,26.05683633
466.3,26.05306678
466.40000000000003,26.04878066
466.5,26.0440764
466.6,26.03905243
466.70000000000005,26.03380717
466.8,26.02843907
466.90000000000003,26.02304653
467.0,26.017728
467.1,26.01256466
467.20000000000005,26.00756872
467.3,26.00273515
467.40000000000003,25.99805893
467.5,25.99353501
467.6,25.98915837
467.70000000000005,25.98492398
467.8,25.98082681
467.90000000000003,25.97686183
468.0,25.973024
468.1,25.96929608
468.20000000000005,25.96561199
468.3,25.9618934
468.40000000000003,25.95806203
468.5,25.95403955
468.6,25.94974767
468.70000000000005,25.94510809
468.8,25.94004248
468.90000000000003,25.93447255
469.0,25.92832
469.1,25.9215279
469.20000000000005,25.9141249
469.3,25.90616102
469.40000000000003,25.89768631
469.5,25.88875078
469.6,25.87940446
469.70000000000005,25.8696974
469.8,25.85967961
469.90000000000003,25.84940114
470.0,25.838912
470.1,25.82823359
470.20000000000005,25.81727273
470.3,25.80590762
470.40000000000003,25.79401642
470.5,25.78147734
470.6,25.76816855
470.70000000000005,25.75396823
470.8,25.73875458
470.90000000000003,25.72240577
471.0,25.7048
471.1,25.68590862
471.20000000000005,25.66607568
471.3,25.64573842
471.40000000000003,25.62533407
471.5,25.60529986
471.6,25.58607303
471.70000000000005,25.56809079
471.8,25.55179039
471.90000000000003,25.53760905
472.0,25.525984
472.1,25.51718724
472.20000000000005,25.51082979
472.3,25.50635744
472.40000000000003,25.50321598
472.5,25.5008512
472.6,25.49870888
472.70000000000005,25.49623482
472.8,25.49287479
472.90000000000003,25.48807459
473.0,25.48128
473.1,25.47205756
473.20000000000005,25.4604568
473.3,25.44664799
473.40000000000003,25.43080141
473.5,25.41308733
473.6,25.39367602
473.70000000000005,25.37273775
473.8,25.35044281
473.90000000000003,25.32696147
474.0,25.302464
474.1,25.27716056
474.20000000000005,25.25142082
474.3,25.22565435
474.40000000000003,25.20027072
474.5,25.17567949
474.6,25.15229022
474.70000000000005,25.13051247
474.8,25.11075581
474.90000000000003,25.0934298
475.0,25.078944
475.1,25.06756182
475.20000000000005,25.058962
475.3,25.05267715
475.40000000000003,25.04823986
475.5,25.04518271
475.6,25.04303831
475.70000000000005,25.04133924
475.8,25.03961811
475.90000000000003,25.0374075
476.0,25.03424
476.1,25.02974594
476.20000000000005,25.02394653
476.3,25.01696072
476.40000000000003,25.00890745
476.5,24.99990566
476.6,24.9900743
476.70000000000005,24.97953231
476.8,24.96839864
476.90000000000003,24.95679222
477.0,24.944832
477.1,24.93261571
477.20000000000005,24.92015619
477.3,24.90744508
477.40000000000003,24.89447402
477.5,24.88123463
477.6,24.86771855
477.70000000000005,24.85391742
477.8,24.83982286
477.90000000000003,24.82542651
478.0,24.81072
478.1,24.79572682
478.20000000000005,24.78059786
478.3,24.76551588
478.40000000000003,24.75066361
478.5,24.73622381
478.6,24.72237923
478.70000000000005,24.70931261
478.8,24.6972067
478.90000000000003,24.68624425
479.0,24.676608
479.1,24.66841922
479.20000000000005,24.66155322
479.3,24.65582382
479.40000000000003,24.65104484
479.5,24.64703012
479.6,24.64359346
479.70000000000005,24.64054869
479.8,24.63770965
479.90000000000003,24.63489014
480.0,24.631904
480.1,24.62860033
480.20000000000005,24.62496935
480.3,24.62103658
480.40000000000003,24.61682754
480.5,24.61236772
480.6,24.60768265
480.70000000000005,24.60279783
480.8,24.59773877
480.90000000000003,24.59253099
481.0,24.5872
481.1,24.58178107
481.20000000000005,24.57634858
481.3,24.57098664
481.40000000000003,24.5657794
481.5,24.56081099
481.6,24.55616554
481.70000000000005,24.55192718
481.8,24.54818005
481.90000000000003,24.54500828
482.0,24.542496
482.1,24.54069769
482.20000000000005,24.53954918
482.3,24.53895666
482.40000000000003,24.53882631
482.5,24.53906431
482.6,24.53957685
482.70000000000005,24.54027011
482.8,24.54105026
482.90000000000003,24.5418235
483.0,24.542496
483.1,24.5429934
483.20000000000005,24.54331916
483.3,24.5434962
483.40000000000003,24.54354743
483.5,24.54349576
483.6,24.54336411
483.70000000000005,24.54317539
483.8,24.54295253
483.90000000000003,24.54271842
484.0,24.542496
484.1,24.54230471
484.20000000000005,24.54215017
484.3,24.54203455
484.40000000000003,24.54195999
484.5,24.54192866
484.6,24.54194272
484.70000000000005,24.54200432
484.8,24.54211563
484.90000000000003,24.54227881
485.0,24.542496
485.1,24.54276376
485.20000000000005,24.54305614
485.3,24.54334161
485.40000000000003,24.54358861
485.5,24.5437656
485.6,24.54384101
485.70000000000005,24.54378331
485.8,24.54356094
485.90000000000003,24.54314235
486.0,24.542496
486.1,24.54161626
486.20000000000005,24.54060125
486.3,24.539575
486.40000000000003,24.53866155
486.5,24.53798495
486.6,24.53766923
486.70000000000005,24.53783844
486.8,24.53861661
486.90000000000003,24.54012778
487.0,24.542496
487.1,24.5457919
487.20000000000005,24.54987249
487.3,24.55454139
487.40000000000003,24.55960222
487.5,24.56485859
487.6,24.57011411
487.70000000000005,24.5751724
487.8,24.57983707
487.90000000000003,24.58391173
488.0,24.5872
488.1,24.58955906
488.20000000000005,24.59106041
488.3,24.59182909
488.40000000000003,24.59199016
488.5,24.59166868
488.6,24.5909897
488.70000000000005,24.59007829
488.8,24.5890595
488.90000000000003,24.58805838
489.0,24.5872
489.1,24.58658263
489.20000000000005,24.58619743
489.3,24.58600879
489.40000000000003,24.58598108
489.5,24.5860787
489.6,24.58626602
489.70000000000005,24.58650743
489.8,24.58676731
489.90000000000003,24.58701004
490.0,24.5872
490.1,24.58731042
490.20000000000005,24.58734987
490.3,24.58733576
490.40000000000003,24.5872855
490.5,24.58721652
490.6,24.58714621
490.70000000000005,24.58709199
490.8,24.58707127
490.90000000000003,24.58710147
491.0,24.5872
491.1,24.58737569
491.20000000000005,24.5876031
491.3,24.58784817
491.40000000000003,24.5880769
491.5,24.58825523
491.6,24.58834915
491.70000000000005,24.58832462
491.8,24.5881476
491.90000000000003,24.58778407
492.0,24.5872
492.1,24.58638681
492.20000000000005,24.58543775
492.3,24.58447155
492.40000000000003,24.58360691
492.5,24.58296255
492.6,24.58265719
492.70000000000005,24.58280954
492.8,24.58353832
492.90000000000003,24.58496223
493.0,24.5872
493.1,24.59032178
493.20000000000005,24.59420353
493.3,24.59867264
493.40000000000003,24.60355652
493.5,24.60868255
493.6,24.61387814
493.70000000000005,24.61897068
493.8,24.62378757
493.90000000000003,24.62815621
494.0,24.631904
494.1,24.63489297
494.20000000000005,24.63712374
494.3,24.63863154
494.40000000000003,24.63945163
494.5,24.63961925
494.6,24.63916965
494.70000000000005,24.63813808
494.8,24.63655978
494.90000000000003,24.63447001
495.0,24.631904
495.1,24.6288964
495.20000000000005,24.62547943
495.3,24.62168471
495.40000000000003,24.61754384
495.5,24.61308844
495.6,24.60835013
495.70000000000005,24.60336051
495.8,24.59815121
495.90000000000003,24.59275384
496.0,24.5872
496.1,24.5815338
496.20000000000005,24.57584928
496.3,24.57025296
496.40000000000003,24.56485135
496.5,24.55975099
496.6,24.55505838
496.70000000000005,24.55088006
496.8,24.54732254
496.90000000000003,24.54449235
497.0,24.542496
497.1,24.54139069
497.20000000000005,24.54103627
497.3,24.54124326
497.40000000000003,24.5418222
497.5,24.54258361
497.6,24.54333801
497.70000000000005,24.54389592
497.8,24.54406787
497.90000000000003,24.54366439
498.0,24.542496
498.1,24.54042396
498.20000000000005,24.53751246
498.3,24.53387645
498.40000000000003,24.52963084
498.5,24.52489058
498.6,24.51977059
498.70000000000005,24.5143858
498.8,24.50885116
498.90000000000003,24.50328158
499.0,24.497792
499.1,24.49247786
499.20000000000005,24.48735663
499.3,24.48242627
499.40000000000003,24.47768476
499.5,24.47313008
499.6,24.46876018
499.70000000000005,24.46457306
499.8,24.46056667
499.90000000000003,24.45673899
500.0,24.453088
500.1,24.4495942
500.20000000000005,24.44616823
500.3,24.44270327
500.40000000000003,24.43909251
500.5,24.43522912
500.6,24.43100628
500.70000000000005,24.42631717
500.8,24.42105496
500.90000000000003,24.41511285
501.0,24.408384
501.1,24.40080625
501.20000000000005,24.39249603
501.3,24.38361443
501.40000000000003,24.37432255
501.5,24.36478145
501.6,24.35515224
501.70000000000005,24.34559601
501.8,24.33627383
501.90000000000003,24.3273468
502.0,24.318976
502.1,24.3112955
502.20000000000005,24.30433123
502.3,24.29808213
502.40000000000003,24.2925471
502.5,24.28772507
502.6,24.28361495
502.70000000000005,24.28021567
502.8,24.27752614
502.90000000000003,24.27554527
503.0,24.274272
503.1,24.27367929
503.20000000000005,24.27363632
503.3,24.27398633
503.40000000000003,24.27457257
503.5,24.27523826
503.6,24.27582666
503.70000000000005,24.27618099
503.8,24.2761445
503.90000000000003,24.27556042
504.0,24.274272
504.1,24.27216387
504.20000000000005,24.26928632
504.3,24.26573102
504.40000000000003,24.26158964
504.5,24.25695388
504.6,24.25191541
504.70000000000005,24.2465659
504.8,24.24099705
504.90000000000003,24.23530052
505.0,24.229568
505.1,24.2238856
505.20000000000005,24.21831716
505.3,24.21292093
505.40000000000003,24.2077552
505.5,24.20287822
505.6,24.19834826
505.70000000000005,24.1942236
505.8,24.19056248
505.90000000000003,24.1874232
506.0,24.184864
506.1,24.18292403
506.20000000000005,24.18156589
506.3,24.18073306
506.40000000000003,24.18036902
506.5,24.18041724
506.6,24.18082121
506.70000000000005,24.18152439
506.8,24.18247026
506.90000000000003,24.18360231
507.0,24.184864
507.1,24.1861915
507.20000000000005,24.18749173
507.3,24.18866429
507.40000000000003,24.18960878
507.5,24.1902248
507.6,24.19041196
507.70000000000005,24.19006986
507.8,24.18909809
507.90000000000003,24.18739627
508.0,24.184864
508.1,24.18144926
508.20000000000005,24.17729355
508.3,24.17258677
508.40000000000003,24.1675188
508.5,24.16227955
508.6,24.15705889
508.70000000000005,24.15204671
508.8,24.14743291
508.90000000000003,24.14340738
509.0,24.14016
509.1,24.13782856
509.20000000000005,24.13634246
509.3,24.13557897
509.40000000000003,24.13541539
509.5,24.13572901
509.6,24.1363971
509.70000000000005,24.13729696
509.8,24.13830587
509.90000000000003,24.13930112
510.0,24.14016
510.1,24.1407857
510.20000000000005,24.14118506
510.3,24.14139081
510.40000000000003,24.14143568
510.5,24.14135243
510.6,24.14117378
510.70000000000005,24.14093247
510.8,24.14066125
510.90000000000003,24.14039285
511.0,24.14016
511.1,24.13998862
511.20000000000005,24.1398773
511.3,24.1398178
511.40000000000003,24.13980187
511.5,24.13982128
511.6,24.13986779
511.70000000000005,24.13993315
511.8,24.14000914
511.90000000000003,24.1400875
512.0,24.14016
512.1,24.14021981
512.2,24.14026574
512.3000000000001,24.14029801
512.4,24.14031684
512.5,24.14032245
512.6,24.14031507
512.7,24.14029491
512.8000000000001,24.1402622
512.9,24.14021715
513.0,24.14016
513.1,24.14009214
513.2,24.14001975
513.3000000000001,24.13995018
513.4,24.13989079
513.5,24.13984892
513.6,24.13983195
513.7,24.13984721
513.8000000000001,24.13990207
513.9,24.14000388
514.0,24.14016
514.1,24.14037162
514.2,24.14061525
514.3000000000001,24.14086126
514.4,24.14108001
514.5,24.14124186
514.6,24.14131715
514.7,24.14127625
514.8000000000001,24.14108953
514.9,24.14072732
515.0,24.14016
515.1,24.1393814
515.2,24.13847924
515.3000000000001,24.13756476
515.4,24.13674916
515.5,24.13614365
515.6,24.13585945
515.7,24.13600777
515.8000000000001,24.13669983
515.9,24.13804683
516.0,24.14016
516.1,24.14310751
516.2,24.1467854
516.3000000000001,24.1510467
516.4,24.15574441
516.5,24.16073154
516.6,24.16586111
516.7,24.17098613
516.8000000000001,24.17595961
516.9,24.18063456
517.0,24.184864
517.1,24.18856019
517.2,24.19187239
517.3000000000001,24.19500912
517.4,24.19817888
517.5,24.2015902
517.6,24.20545158
517.7,24.20997153
517.8000000000001,24.21535858
517.9,24.22182123
518.0,24.229568
518.1,24.23874754
518.2,24.2492691
518.3000000000001,24.26098205
518.4,24.27373578
518.5,24.28737968
518.6,24.30176312
518.7,24.31673549
518.8000000000001,24.33214617
518.9,24.34784454
519.0,24.36368
519.1,24.37950327
519.2,24.39517051
519.3000000000001,24.41053923
519.4,24.42546692
519.5,24.4398111
519.6,24.45342927
519.7,24.46617894
519.8000000000001,24.47791762
519.9,24.4885028
520.0,24.497792
520.1,24.50569716
520.2,24.51234799
520.3000000000001,24.51792863
520.4,24.52262323
520.5,24.52661592
520.6,24.53009087
520.7,24.5332322
520.8000000000001,24.53622407
520.9,24.53925062
521.0,24.542496
521.1,24.54610405
521.2,24.55005743
521.3000000000001,24.55429851
521.4,24.55876964
521.5,24.5634132
521.6,24.56817154
521.7,24.57298703
521.8000000000001,24.57780203
521.9,24.5825589
522.0,24.5872
522.1,24.59168504
522.2,24.59604309
522.3000000000001,24.60032054
522.4,24.6045638
522.5,24.60881927
522.6,24.61313337
522.7,24.61755248
522.8000000000001,24.62212302
522.9,24.62689139
523.0,24.631904
523.1,24.63717818
523.2,24.64261502
523.3000000000001,24.64808654
523.4,24.65346476
523.5,24.65862171
523.6,24.66342939
523.7,24.66775985
523.8000000000001,24.67148508
523.9,24.67447713
524.0,24.676608
524.1,24.67780393
524.2,24.678208
524.3000000000001,24.67801749
524.4,24.6774297
524.5,24.6766419
524.6,24.67585139
524.7,24.67525546
524.8000000000001,24.67505139
524.9,24.67543648
525.0,24.676608
525.1,24.67870958
525.2,24.68167017
525.3000000000001,24.68536503
525.4,24.68966944
525.5,24.69445869
525.6,24.69960804
525.7,24.70499277
525.8000000000001,24.71048816
525.9,24.71596948
526.0,24.721312
526.1,24.72641736
526.2,24.73129259
526.3000000000001,24.73597107
526.4,24.74048619
526.5,24.74487134
526.6,24.7491599
526.7,24.75338526
526.8000000000001,24.75758081
526.9,24.76177993
527.0,24.766016
527.1,24.77031538
527.2,24.77467629
527.3000000000001,24.7790899
527.4,24.78354739
527.5,24.78803995
527.6,24.79255875
527.7,24.79709498
527.8000000000001,24.80163981
527.9,24.80618442
528.0,24.81072
528.1,24.81523951
528.2,24.81974305
528.3000000000001,24.82423253
528.4,24.82870983
528.5,24.83317685
528.6,24.83763548
528.7,24.84208762
528.8000000000001,24.84653516
528.9,24.85097998
529.0,24.855424
529.1,24.85986899
529.2,24.8643163
529.3000000000001,24.86876718
529.4,24.87322288
529.5,24.87768465
529.6,24.88215372
529.7,24.88663134
529.8000000000001,24.89111877
529.9,24.89561724
530.0,24.900128
530.1,24.90465095
530.2,24.90918055
530.3000000000001,24.91370994
530.4,24.91823224
530.5,24.92274057
530.6,24.92722805
530.7,24.93168781
530.8000000000001,24.93611298
530.9,24.94049666
531.0,24.944832
531.1,24.94911763
531.2,24.9533743
531.3000000000001,24.95762825
531.4,24.96190576
531.5,24.96623308
531.6,24.97063648
531.7,24.97514221
531.8000000000001,24.97977653
531.9,24.98456571
532.0,24.989536
532.1,24.99469293
532.2,24.99995907
532.3000000000001,25.00523625
532.4,25.01042631
532.5,25.0154311
532.6,25.02015243
532.7,25.02449215
532.8000000000001,25.0283521
532.9,25.0316341
533.0,25.03424
533.1,25.03610435
533.2,25.03729261
533.3000000000001,25.03790294
533.4,25.03803352
533.5,25.03778253
533.6,25.03724814
533.7,25.03652851
533.8000000000001,25.03572183
533.9,25.03492627
534.0,25.03424
534.1,25.03374045
534.2,25.03342206
534.3000000000001,25.03325852
534.4,25.03322353
534.5,25.03329078
534.6,25.03343397
534.7,25.03362679
534.8000000000001,25.03384294
534.9,25.03405611
535.0,25.03424
535.1,25.03437386
535.2,25.03445917
535.3000000000001,25.03450299
535.4,25.03451237
535.5,25.03449435
535.6,25.03445598
535.7,25.03440432
535.8000000000001,25.0343464
535.9,25.03428928
536.0,25.03424
536.1,25.03420413
536.2,25.03418126
536.3000000000001,25.03416951
536.4,25.03416699
536.5,25.03417182
536.6,25.0341821
536.7,25.03419594
536.8000000000001,25.03421147
536.9,25.03422678
537.0,25.03424
537.1,25.03424963
537.2,25.03425578
537.3000000000001,25.03425896
537.4,25.03425965
537.5,25.03425838
537.6,25.03425563
537.7,25.03425192
537.8000000000001,25.03424774
537.9,25.0342436
538.0,25.03424
538.1,25.03423734
538.2,25.0342356
538.3000000000001,25.03423466
538.4,25.03423439
538.5,25.03423467
538.6,25.03423537
538.7,25.03423638
538.8000000000001,25.03423757
538.9,25.03423882
539.0,25.03424
539.1,25.03424101
539.2,25.03424182
539.3000000000001,25.03424242
539.4,25.0342428
539.5,25.03424296
539.6,25.03424287
539.7,25.03424255
539.8000000000001,25.03424197
539.9,25.03424112
540.0,25.03424
540.1,25.03423863
540.2,25.03423713
540.3000000000001,25.03423567
540.4,25.03423441
540.5,25.03423351
540.6,25.03423313
540.7,25.03423343
540.8000000000001,25.03423457
540.9,25.0342367
541.0,25.03424
541.1,25.03424449
541.2,25.03424966
541.3000000000001,25.03425489
541.4,25.03425955
541.5,25.03426299
541.6,25.0342646
541.7,25.03426374
541.8000000000001,25.03425977
541.9,25.03425207
542.0,25.03424
542.1,25.03422343
542.2,25.03420423
542.3000000000001,25.03418476
542.4,25.0341674
542.5,25.03415451
542.6,25.03414846
542.7,25.03415162
542.8000000000001,25.03416635
542.9,25.03419502
543.0,25.03424
543.1,25.03430179
543.2,25.03437342
543.3000000000001,25.03444605
543.4,25.03451084
543.5,25.03455895
543.6,25.03458155
543.7,25.03456979
543.8000000000001,25.03451484
543.9,25.03440786
544.0,25.03424
544.1,25.0340094
544.2,25.03374209
544.3000000000001,25.03347103
544.4,25.03322923
544.5,25.03304967
544.6,25.03296533
544.7,25.03300921
544.8000000000001,25.03321429
544.9,25.03361356
545.0,25.03424
545.1,25.03510059
545.2,25.03609823
545.3000000000001,25.03710982
545.4,25.03801224
545.5,25.03868238
545.6,25.03899712
545.7,25.03883337
545.8000000000001,25.03806801
545.9,25.03657792
546.0,25.03424
546.1,25.03098353
546.2,25.02694734
546.3000000000001,25.02232268
546.4,25.01730076
546.5,25.01207283
546.6,25.00683011
546.7,25.00176384
546.8000000000001,24.99706524
546.9,24.99292555
547.0,24.989536
547.1,24.98703839
547.2,24.98537678
547.3000000000001,24.98444581
547.4,24.98414011
547.5,24.98435431
547.6,24.98498305
547.7,24.98592095
547.8000000000001,24.98706266
547.9,24.98830279
548.0,24.989536
548.1,24.99066814
548.2,24.99164998
548.3000000000001,24.99244356
548.4,24.99301087
548.5,24.99331393
548.6,24.99331476
548.7,24.99297537
548.8000000000001,24.99225777
548.9,24.99112398
549.0,24.989536
549.1,24.98746037
549.2,24.98488166
549.3000000000001,24.98178896
549.4,24.97817136
549.5,24.97401796
549.6,24.96931784
549.7,24.96406009
549.8000000000001,24.95823381
549.9,24.95182808
550.0,24.944832
550.1,24.93725008
550.2,24.92914851
550.3000000000001,24.92060893
550.4,24.91171297
550.5,24.90254223
550.6,24.89317836
550.7,24.88370298
550.8000000000001,24.87419771
550.9,24.86474417
551.0,24.855424
551.1,24.84629732
551.2,24.83733825
551.3000000000001,24.82849944
551.4,24.81973351
551.5,24.8109931
551.6,24.80223085
551.7,24.79339938
551.8000000000001,24.78445132
551.9,24.77533932
552.0,24.766016
552.1,24.75645986
552.2,24.74675289
552.3000000000001,24.73700291
552.4,24.72731779
552.5,24.71780535
552.6,24.70857344
552.7,24.69972991
552.8000000000001,24.6913826
552.9,24.68363935
553.0,24.676608
553.1,24.67035913
553.2,24.66481423
553.3000000000001,24.65985751
553.4,24.6553732
553.5,24.6512455
553.6,24.64735865
553.7,24.64359686
553.8000000000001,24.63984434
553.9,24.63598531
554.0,24.631904
554.1,24.62751843
554.2,24.62288184
554.3000000000001,24.61808131
554.4,24.61320389
554.5,24.60833663
554.6,24.60356661
554.7,24.59898087
554.8000000000001,24.59466649
554.9,24.59071051
555.0,24.5872
555.1,24.58416877
555.2,24.5814376
555.3000000000001,24.57877405
555.4,24.57594566
555.5,24.57271996
555.6,24.56886451
555.7,24.56414685
555.8000000000001,24.55833451
555.9,24.55119505
556.0,24.542496
556.1,24.53209471
556.2,24.52020769
556.3000000000001,24.50714127
556.4,24.49320177
556.5,24.47869551
556.6,24.46392881
556.7,24.44920799
556.8000000000001,24.43483937
556.9,24.42112926
557.0,24.408384
557.1,24.39682749
557.2,24.38635398
557.3000000000001,24.37677533
557.4,24.36790338
557.5,24.35954999
557.6,24.351527
557.7,24.34364626
557.8000000000001,24.33571961
557.9,24.32755891
558.0,24.318976
558.1,24.30984377
558.2,24.30027924
558.3000000000001,24.29046049
558.4,24.28056556
558.5,24.27077253
558.6,24.26125945
558.7,24.2522044
558.8000000000001,24.24378543
558.9,24.23618061
559.0,24.229568
559.1,24.22405334
559.2,24.21945308
559.3000000000001,24.21551134
559.4,24.21197224
559.5,24.2085799
559.6,24.20507846
559.7,24.20121202
559.8000000000001,24.19672472
559.9,24.19136067
560.0,24.184864
560.1,24.17702827
560.2,24.16784482
560.3000000000001,24.15735442
560.4,24.14559785
560.5,24.13261586
560.6,24.11844925
560.7,24.10313879
560.8000000000001,24.08672524
560.9,24.06924939
561.0,24.050752
561.1,24.03132722
561.2,24.01128269
561.3000000000001,23.99097942
561.4,23.9707784
561.5,23.95104064
561.6,23.93212715
561.7,23.91439894
561.8000000000001,23.898217
561.9,23.88394236
562.0,23.871936
562.1,23.86243012
562.2,23.85514165
562.3000000000001,23.84965866
562.4,23.84556928
562.5,23.84246158
562.6,23.83992368
562.7,23.83754368
562.8000000000001,23.83490966
562.9,23.83160974
563.0,23.827232
563.1,23.82146882
563.2,23.81442963
563.3000000000001,23.80632814
563.4,23.79737804
563.5,23.78779303
563.6,23.77778682
563.7,23.76757311
563.8000000000001,23.75736561
563.9,23.747378
564.0,23.737824
564.1,23.72885257
564.2,23.72035377
564.3000000000001,23.71215292
564.4,23.70407532
564.5,23.6959463
564.6,23.68759117
564.7,23.67883526
564.8000000000001,23.66950389
564.9,23.65942236
565.0,23.648416
565.1,23.63637538
565.2,23.62345204
565.3000000000001,23.60986279
565.4,23.59582444
565.5,23.58155378
565.6,23.56726762
565.7,23.55318276
565.8000000000001,23.53951601
565.9,23.52648415
566.0,23.514304
566.1,23.50313021
566.2,23.49286885
566.3000000000001,23.48336384
566.4,23.47445911
566.5,23.46599856
566.6,23.45782614
566.7,23.44978574
566.8000000000001,23.44172131
566.9,23.43347676
567.0,23.424896
567.1,23.41587219
567.2,23.4064954
567.3000000000001,23.3969049
567.4,23.38723999
567.5,23.37763996
567.6,23.36824408
567.7,23.35919166
567.8000000000001,23.35062199
567.9,23.34267433
568.0,23.335488
568.1,23.32915691
568.2,23.32359358
568.3000000000001,23.31866516
568.4,23.31423878
568.5,23.31018161
568.6,23.30636079
568.7,23.30264347
568.8000000000001,23.2988968
568.9,23.29498792
569.0,23.290784
569.1,23.28619496
569.2,23.28130191
569.3000000000001,23.27622874
569.4,23.27109934
569.5,23.2660376
569.6,23.26116742
569.7,23.25661267
569.8000000000001,23.25249726
569.9,23.24894507
570.0,23.24608
570.1,23.24398954
570.2,23.24261559
570.3000000000001,23.24186368
570.4,23.2416393
570.5,23.24184798
570.6,23.24239521
570.7,23.24318652
570.8000000000001,23.24412742
570.9,23.2451234
571.0,23.24608
571.1,23.2469161
571.2,23.24760416
571.3000000000001,23.24813002
571.4,23.24847952
571.5,23.24863849
571.6,23.24859279
571.7,23.24832825
571.8000000000001,23.24783071
571.9,23.24708601
572.0,23.24608
572.1,23.24482606
572.2,23.24344776
572.3000000000001,23.24209625
572.4,23.24092263
572.5,23.24007805
572.6,23.23971362
572.7,23.23998048
572.8000000000001,23.24102974
572.9,23.24301254
573.0,23.24608
573.1,23.25030437
573.2,23.25544242
573.3000000000001,23.261172
573.4,23.267171
573.5,23.27311731
573.6,23.27868878
573.7,23.28356332
573.8000000000001,23.28741878
573.9,23.28993305
574.0,23.290784
574.1,23.28975865
574.2,23.28708056
574.3000000000001,23.28308241
574.4,23.2780969
574.5,23.27245672
574.6,23.26649457
574.7,23.26054313
574.8000000000001,23.25493509
574.9,23.25000315
575.0,23.24608
575.1,23.24340889
575.2,23.24187528
575.3000000000001,23.24127522
575.4,23.24140471
575.5,23.24205979
575.6,23.24303649
575.7,23.24413084
575.8000000000001,23.24513885
575.9,23.24585656
576.0,23.24608
576.1,23.24563031
576.2,23.24442912
576.3000000000001,23.24242319
576.4,23.23955926
576.5,23.2357841
576.6,23.23104444
576.7,23.22528706
576.8000000000001,23.21845868
576.9,23.21050608
577.0,23.201376
577.1,23.19104886
577.2,23.17963973
577.3000000000001,23.16729735
577.4,23.15417047
577.5,23.14040782
577.6,23.12615814
577.7,23.11157018
577.8000000000001,23.09679268
577.9,23.08197437
578.0,23.067264
578.1,23.05282934
578.2,23.03891431
578.3000000000001,23.02578188
578.4,23.013695
578.5,23.00291663
578.6,22.99370973
578.7,22.98633726
578.8000000000001,22.98106218
578.9,22.97814744
579.0,22.977856
579.1,22.98025161
579.2,22.98460113
579.3000000000001,22.98997221
579.4,22.9954325
579.5,23.00004965
579.6,23.00289131
579.7,23.00302512
579.8000000000001,22.99951875
579.9,22.99143982
580.0,22.977856
580.1,22.95816573
580.2,22.93309064
580.3000000000001,22.90368316
580.4,22.87099573
580.5,22.83608076
580.6,22.79999069
580.7,22.76377795
580.8000000000001,22.72849497
580.9,22.69519418
581.0,22.664928
581.1,22.63847428
581.2,22.61551247
581.3000000000001,22.59544746
581.4,22.57768411
581.5,22.56162731
581.6,22.54668192
581.7,22.53225282
581.8000000000001,22.51774489
581.9,22.50256299
582.0,22.486112
582.1,22.46793851
582.2,22.44815599
582.3000000000001,22.42701961
582.4,22.40478455
582.5,22.381706
582.6,22.35803912
582.7,22.3340391
582.8000000000001,22.30996112
582.9,22.28606036
583.0,22.262592
583.1,22.23974245
583.2,22.21742312
583.3000000000001,22.19547663
583.4,22.17374561
583.5,22.15207271
583.6,22.13030054
583.7,22.10827176
583.8000000000001,22.08582898
583.9,22.06281485
584.0,22.039072
584.1,22.01448696
584.2,21.9891219
584.3000000000001,21.96308287
584.4,21.93647595
584.5,21.90940718
584.6,21.88198264
584.7,21.85430839
584.8000000000001,21.82649049
584.9,21.79863501
585.0,21.770848
585.1,21.74326278
585.2,21.71612166
585.3000000000001,21.68969421
585.4,21.66424999
585.5,21.64005856
585.6,21.61738949
585.7,21.59651233
585.8000000000001,21.57769666
585.9,21.56121202
586.0,21.547328
586.1,21.53620595
586.2,21.52757442
586.3000000000001,21.52105378
586.4,21.51626437
586.5,21.51282657
586.6,21.51036072
586.7,21.50848718
586.8000000000001,21.50682631
586.9,21.50499846
587.0,21.502624
587.1,21.4994159
587.2,21.49545765
587.3000000000001,21.49092537
587.4,21.48599517
587.5,21.48084316
587.6,21.47564546
587.7,21.47057818
587.8000000000001,21.46581744
587.9,21.46153934
588.0,21.45792
588.1,21.45509675
588.2,21.4530518
588.3000000000001,21.45172854
588.4,21.45107039
588.5,21.45102077
588.6,21.45152309
588.7,21.45252076
588.8000000000001,21.45395719
588.9,21.4557758
589.0,21.45792
589.1,21.460351
589.2,21.46310124
589.3000000000001,21.46622095
589.4,21.46976037
589.5,21.47376974
589.6,21.47829928
589.7,21.48339925
589.8000000000001,21.48911986
589.9,21.49551137
590.0,21.502624
590.1,21.51052026
590.2,21.51931175
590.3000000000001,21.52912234
590.4,21.54007589
590.5,21.55229627
590.6,21.56590735
590.7,21.581033
590.8000000000001,21.59779708
590.9,21.61632345
591.0,21.636736
591.1,21.65904699
591.2,21.6828223
591.3000000000001,21.70751624
591.4,21.7325831
591.5,21.75747717
591.6,21.78165274
591.7,21.80456412
591.8000000000001,21.82566559
591.9,21.84441146
592.0,21.860256
592.1,21.87281941
592.2,21.88238541
592.3000000000001,21.88940361
592.4,21.89432362
592.5,21.89759505
592.6,21.89966752
592.7,21.90099064
592.8000000000001,21.90201402
592.9,21.90318727
593.0,21.90496
593.1,21.90767692
593.2,21.91126308
593.3000000000001,21.91553865
593.4,21.92032378
593.5,21.92543862
593.6,21.93070333
593.7,21.93593807
593.8000000000001,21.94096299
593.9,21.94559825
594.0,21.949664
594.1,21.95301063
594.2,21.95560944
594.3000000000001,21.95746199
594.4,21.95856982
594.5,21.95893447
594.6,21.95855748
594.7,21.95744039
594.8000000000001,21.95558475
594.9,21.95299211
595.0,21.949664
595.1,21.94563066
595.2,21.94103706
595.3000000000001,21.93605689
595.4,21.93086382
595.5,21.92563151
595.6,21.92053364
595.7,21.91574388
595.8000000000001,21.91143591
595.9,21.90778339
596.0,21.90496
596.1,21.90308383
596.2,21.90205069
596.3000000000001,21.90170077
596.4,21.9018743
596.5,21.9024115
596.6,21.90315257
596.7,21.90393775
596.8000000000001,21.90460723
596.9,21.90500124
597.0,21.90496
597.1,21.90433852
597.2,21.90305101
597.3000000000001,21.90102649
597.4,21.89819399
597.5,21.8944825
597.6,21.88982106
597.7,21.88413867
597.8000000000001,21.87736435
597.9,21.86942713
598.0,21.860256
598.1,21.84982107
598.2,21.83825676
598.3000000000001,21.82573857
598.4,21.81244198
598.5,21.79854249
598.6,21.78421561
598.7,21.76963682
598.8000000000001,21.75498163
598.9,21.74042552
599.0,21.726144
599.1,21.71226755
599.2,21.69874664
599.3000000000001,21.68548669
599.4,21.67239318
599.5,21.65937153
599.6,21.6463272
599.7,21.63316563
599.8000000000001,21.61979228
599.9,21.60611259
600.0,21.592032
600.1,21.57750551
600.2,21.56268629
600.3000000000001,21.54777706
600.4,21.53298052
600.5,21.51849939
600.6,21.5045364
600.7,21.49129425
600.8000000000001,21.47897565
600.9,21.46778333
601.0,21.45792
601.1,21.44952461
601.2,21.44248106
601.3000000000001,21.4366095
601.4,21.43173006
601.5,21.4276629
601.6,21.42422814
601.7,21.42124593
601.8000000000001,21.41853641
601.9,21.41591972
602.0,21.413216
602.1,21.41027209
602.2,21.40704156
602.3000000000001,21.40350469
602.4,21.39964175
602.5,21.39543302
602.6,21.39085877
602.7,21.38589927
602.8000000000001,21.38053479
602.9,21.37474561
603.0,21.368512
603.1,21.36186065
603.2,21.35500391
603.3000000000001,21.34820055
603.4,21.34170933
603.5,21.33578902
603.6,21.33069839
603.7,21.32669621
603.8000000000001,21.32404124
603.9,21.32299225
604.0,21.323808
604.1,21.32666903
604.2,21.3314429
604.3000000000001,21.33791895
604.4,21.3458865
604.5,21.3551349
604.6,21.36545346
604.7,21.37663152
604.8000000000001,21.38845841
604.9,21.40072346
605.0,21.413216
605.1,21.42581309
605.2,21.43874269
605.3000000000001,21.45232049
605.4,21.46686216
605.5,21.48268339
605.6,21.50009988
605.7,21.5194273
605.8000000000001,21.54098133
605.9,21.56507767
606.0,21.592032
606.1,21.62197675
606.2,21.65431132
606.3000000000001,21.68825187
606.4,21.72301456
606.5,21.75781553
606.6,21.79187094
606.7,21.82439693
606.8000000000001,21.85460968
606.9,21.88172531
607.0,21.90496
607.1,21.92372814
607.2,21.93823718
607.3000000000001,21.94889279
607.4,21.95610066
607.5,21.96026649
607.6,21.96179596
607.7,21.96109476
607.8000000000001,21.95856857
607.9,21.95462309
608.0,21.949664
608.1,21.94406837
608.2,21.93809882
608.3000000000001,21.93198933
608.4,21.92597389
608.5,21.9202865
608.6,21.91516115
608.7,21.91083184
608.8000000000001,21.90753254
608.9,21.90549727
609.0,21.90496
609.1,21.90598153
609.2,21.90792986
609.3000000000001,21.90999976
609.4,21.91138605
609.5,21.9112835
609.6,21.90888691
609.7,21.90339108
609.8000000000001,21.89399078
609.9,21.87988083
610.0,21.860256
610.1,21.83458547
610.2,21.8034359
610.3000000000001,21.76764835
610.4,21.72806387
610.5,21.6855235
610.6,21.64086828
610.7,21.59493928
610.8000000000001,21.54857753
610.9,21.50262409
611.0,21.45792
611.1,21.41509727
611.2,21.37395175
611.3000000000001,21.33407024
611.4,21.29503956
611.5,21.25644651
611.6,21.2178779
611.7,21.17892054
611.8000000000001,21.13916123
611.9,21.09818678
612.0,21.055584
612.1,21.01114385
612.2,20.9654739
612.3000000000001,20.91938587
612.4,20.87369148
612.5,20.82920245
612.6,20.78673051
612.7,20.74708737
612.8000000000001,20.71108476
612.9,20.67953439
613.0,20.653248
613.1,20.63278736
613.2,20.61771451
613.3000000000001,20.60734155
613.4,20.60098057
613.5,20.59794368
613.6,20.59754298
613.7,20.59909056
613.8000000000001,20.60189852
613.9,20.60527897
614.0,20.608544
614.1,20.61113074
614.2,20.61297648
614.3000000000001,20.61414353
614.4000000000001,20.61469421
614.5,20.61469082
614.6,20.61419569
614.7,20.61327113
614.8000000000001,20.61197945
614.9000000000001,20.61038297
615.0,20.608544
615.1,20.60658758
615.2,20.60488963
615.3000000000001,20.6038888
615.4000000000001,20.60402371
615.5,20.60573303
615.6,20.60945538
615.7,20.61562941
615.8000000000001,20.62469376
615.9000000000001,20.63708708
616.0,20.653248
616.1,20.67346277
616.2,20.69740802
616.3000000000001,20.724608
616.4000000000001,20.75458693
616.5,20.78686907
616.6,20.82097863
616.7,20.85643987
616.8000000000001,20.89277702
616.9000000000001,20.92951432
617.0,20.966176
617.1,21.00243085
617.2,21.03852583
617.3000000000001,21.07485246
617.4000000000001,21.11180225
617.5,21.1497667
617.6,21.18913735
617.7,21.23030568
617.8000000000001,21.27366323
617.9000000000001,21.3196015
618.0,21.368512
618.1,21.42058398
618.2,21.47519765
618.3000000000001,21.53153094
618.4000000000001,21.58876178
618.5,21.64606812
618.6,21.70262788
618.7,21.75761902
618.8000000000001,21.81021946
618.9000000000001,21.85960714
619.0,21.90496
619.1,21.94571814
619.2,21.98237035
619.3000000000001,22.01566757
619.4000000000001,22.04636075
619.5,22.07520083
619.6,22.10293877
619.7,22.1303255
619.8000000000001,22.15811199
619.9000000000001,22.18704917
620.0,22.217888
620.1,22.25120357
620.2,22.28686757
620.3000000000001,22.32457584
620.4000000000001,22.36402423
620.5,22.40490857
620.6,22.4469247
620.7,22.48976847
620.8000000000001,22.53313572
620.9000000000001,22.57672228
621.0,22.620224
621.1,22.66337562
621.2,22.70606747
621.3000000000001,22.74822881
621.4000000000001,22.78978887
621.5,22.8306769
621.6,22.87082213
621.7,22.91015382
621.8000000000001,22.9486012
621.9000000000001,22.98609351
622.0,23.02256
622.1,23.05795016
622.2,23.09229448
622.3000000000001,23.1256437
622.4000000000001,23.15804858
622.5,23.18955984
622.6,23.22022824
622.7,23.25010451
622.8000000000001,23.2792394
622.9000000000001,23.30768365
623.0,23.335488
623.1,23.36267271
623.2,23.38913605
623.3000000000001,23.41474581
623.4000000000001,23.43936978
623.5,23.46287574
623.6,23.48513149
623.7,23.5060048
623.8000000000001,23.52536346
623.9000000000001,23.54307527
624.0,23.559008
624.1,23.57313117
624.2,23.58582116
624.3000000000001,23.59755609
624.4000000000001,23.60881406
624.5,23.62007319
624.6,23.63181158
624.7,23.64450735
624.8000000000001,23.6586386
624.9000000000001,23.67468345
625.0,23.69312
625.1,23.7142735
625.2,23.7378577
625.3000000000001,23.76343351
625.4000000000001,23.79056181
625.5,23.8188035
625.6,23.84771947
625.7,23.87687061
625.8000000000001,23.90581782
625.9000000000001,23.93412198
626.0,23.961344
626.1,23.98710748
626.2,24.0112869
626.3000000000001,24.03381947
626.4000000000001,24.05464237
626.5,24.07369281
626.6,24.09090799
626.7,24.1062251
626.8000000000001,24.11958134
626.9000000000001,24.1309139
627.0,24.14016
627.1,24.14733764
627.2,24.15278809
627.3000000000001,24.15693345
627.4000000000001,24.16019581
627.5,24.16299725
627.6,24.16575988
627.7,24.16890577
627.8000000000001,24.17285703
627.9000000000001,24.17803574
628.0,24.184864
628.1,24.19364613
628.2,24.20421546
628.3000000000001,24.21628754
628.4000000000001,24.22957793
628.5,24.24380218
628.6,24.25867586
628.7,24.27391453
628.8000000000001,24.28923373
628.9000000000001,24.30434904
629.0,24.318976
629.1,24.33290746
629.2,24.34624536
629.3000000000001,24.35916894
629.4000000000001,24.37185741
629.5,24.38449002
629.6,24.39724599
629.7,24.41030454
629.8000000000001,24.42384491
629.9000000000001,24.43804632
630.0,24.453088
630.1,24.46909194
630.2,24.48595113
630.3000000000001,24.50350132
630.4000000000001,24.52157828
630.5,24.54001774
630.6,24.55865546
630.7,24.5773272
630.8000000000001,24.5958687
630.9000000000001,24.61411571
631.0,24.631904
631.1,24.6490869
631.2,24.66558814
631.3000000000001,24.68134903
631.4000000000001,24.69631089
631.5,24.71041502
631.6,24.72360276
631.7,24.73581541
631.8000000000001,24.74699429
631.9000000000001,24.75708072
632.0,24.766016
632.1,24.77372833
632.2,24.78009337
632.3000000000001,24.78497366
632.4000000000001,24.78823175
632.5,24.78973016
632.6,24.78933144
632.7,24.78689813
632.8000000000001,24.78229276
632.9000000000001,24.77537787
633.0,24.766016
633.1,24.75414932
633.2,24.74003851
633.3000000000001,24.72402386
633.4000000000001,24.7064457
633.5,24.68764433
633.6,24.66796005
633.7,24.64773317
633.8000000000001,24.627304
633.9000000000001,24.60701284
634.0,24.5872
634.1,24.56807922
634.2,24.54935798
634.3000000000001,24.53061718
634.4000000000001,24.51143772
634.5,24.49140052
634.6,24.47008648
634.7,24.4470765
634.8000000000001,24.42195148
634.9000000000001,24.39429235
635.0,24.36368
635.1,24.32985375
635.2,24.29318659
635.3000000000001,24.25420991
635.4000000000001,24.21345511
635.5,24.17145359
635.6,24.12873674
635.7,24.08583596
635.8000000000001,24.04328264
635.9000000000001,24.00160819
636.0,23.961344
636.1,23.92273789
636.2,23.8849034
636.3000000000001,23.84667047
636.4000000000001,23.80686906
636.5,23.76432913
636.6,23.71788063
636.7,23.66635351
636.8000000000001,23.60857773
636.9000000000001,23.54338324
637.0,23.4696
637.1,23.38649739
637.2,23.29510253
637.3000000000001,23.19688197
637.4000000000001,23.09330224
637.5,22.98582989
637.6,22.87593148
637.7,22.76507353
637.8000000000001,22.65472261
637.9000000000001,22.54634525
638.0,22.441408
638.1,22.34102085
638.2,22.24486758
638.3000000000001,22.15227542
638.4000000000001,22.06257158
638.5,21.9750833
638.6,21.88913779
638.7,21.80406228
638.8000000000001,21.719184
638.9000000000001,21.63383016
639.0,21.547328
639.1,21.45932096
639.2,21.37071737
639.3000000000001,21.28274179
639.4000000000001,21.19661878
639.5,21.11357291
639.6,21.03482872
639.7,20.96161078
639.8000000000001,20.89514364
639.9000000000001,20.83665186
640.0,20.78736
640.1,20.74807603
640.2,20.71794154
640.3000000000001,20.69568155
640.4000000000001,20.68002106
640.5,20.66968507
640.6,20.6633986
640.7,20.65988665
640.8000000000001,20.65787423
640.9000000000001,20.65608634
641.0,20.653248
641.1,20.64836146
641.2,20.64153797
641.3000000000001,20.63316603
641.4000000000001,20.62363414
641.5,20.61333081
641.6,20.60264454
641.7,20.59196382
641.8000000000001,20.58167715
641.9000000000001,20.57217305
642.0,20.56384
642.1,20.55699996
642.2,20.5517087
642.3000000000001,20.54795542
642.4000000000001,20.54572934
642.5,20.54501967
642.6,20.54581563
642.7,20.54810643
642.8000000000001,20.55188128
642.9000000000001,20.5571294
643.0,20.56384
643.1,20.57199123
643.2,20.58151703
643.3000000000001,20.59234026
643.4000000000001,20.60438379
643.5,20.61757049
643.6,20.63182323
643.7,20.64706488
643.8000000000001,20.66321831
643.9000000000001,20.6802064
644.0,20.697952
644.1,20.71639936
644.2,20.7355782
644.3000000000001,20.75553959
644.4000000000001,20.77633462
644.5,20.79801438
644.6,20.82062995
644.7,20.84423241
644.8000000000001,20.86887285
644.9000000000001,20.89460235
645.0,20.921472
645.1,20.94950316
645.2,20.97859835
645.3000000000001,21.00863035
645.4000000000001,21.03947197
645.5,21.070996
645.6,21.10307522
645.7,21.13558244
645.8000000000001,21.16839044
645.9000000000001,21.20137203
646.0,21.2344
646.1,21.26735522
646.2,21.3001509
646.3000000000001,21.33270834
646.4000000000001,21.36494882
646.5,21.39679364
646.6,21.42816409
646.7,21.45898145
646.8000000000001,21.48916704
646.9000000000001,21.51864212
647.0,21.547328
647.1,21.57518805
647.2,21.60235401
647.3000000000001,21.62899969
647.4000000000001,21.65529889
647.5,21.68142545
647.6,21.70755317
647.7,21.73385587
647.8000000000001,21.76050737
647.9000000000001,21.78768147
648.0,21.815552
648.1,21.84425045
648.2,21.87373904
648.3000000000001,21.90393766
648.4000000000001,21.9347662
648.5,21.96614456
648.6,21.99799264
648.7,22.03023033
648.8000000000001,22.06277752
648.9000000000001,22.09555411
649.0,22.12848
649.1,22.16146816
649.2,22.19440389
649.3000000000001,22.22716557
649.4000000000001,22.25963158
649.5,22.29168031
649.6,22.32319013
649.7,22.35403943
649.8000000000001,22.38410659
649.9000000000001,22.41326998
650.0,22.441408
650.1,22.46842431
650.2,22.49432376
650.3000000000001,22.51913647
650.4000000000001,22.54289257
650.5,22.56562221
650.6,22.58735552
650.7,22.60812261
650.8000000000001,22.62795364
650.9000000000001,22.64687872
651.0,22.664928
651.1,22.68217146
651.2,22.69883857
651.3000000000001,22.71519862
651.4000000000001,22.73152094
651.5,22.74807484
651.6,22.76512963
651.7,22.78295463
651.8000000000001,22.80181914
651.9000000000001,22.8219925
652.0,22.843744
652.1,22.86724763
652.2,22.892296
652.3000000000001,22.9185864
652.4000000000001,22.94581612
652.5,22.97368244
652.6,23.00188265
652.7,23.03011402
652.8000000000001,23.05807385
652.9000000000001,23.08545941
653.0,23.111968
653.1,23.13737016
653.2,23.1617295
653.3000000000001,23.1851829
653.4000000000001,23.20786724
653.5,23.22991939
653.6,23.25147623
653.7,23.27267463
653.8000000000001,23.29365148
653.9000000000001,23.31454364
654.0,23.335488
654.1,23.35651311
654.2,23.37721428
654.3000000000001,23.39707849
654.4000000000001,23.41559273
654.5,23.43224399
654.6,23.44651924
654.7,23.45790549
654.8000000000001,23.4658897
654.9000000000001,23.46995888
655.0,23.4696
655.1,23.46448123
655.2,23.45499545
655.3000000000001,23.44171672
655.4000000000001,23.4252191
655.5,23.40607665
655.6,23.38486343
655.7,23.36215349
655.8000000000001,23.3385209
655.9000000000001,23.31453972
656.0,23.290784
656.1,23.26770315
656.2,23.24524794
656.3000000000001,23.2232445
656.4000000000001,23.20151895
656.5,23.1798974
656.6,23.15820598
656.7,23.13627081
656.8000000000001,23.11391801
656.9000000000001,23.0909737
657.0,23.067264
657.1,23.04270896
657.2,23.01760433
657.3000000000001,22.9923398
657.4000000000001,22.96730505
657.5,22.94288975
657.6,22.91948359
657.7,22.89747626
657.8000000000001,22.87725743
657.9000000000001,22.85921678
658.0,22.843744
658.1,22.83111183
658.2,22.82112526
658.3000000000001,22.81347233
658.4000000000001,22.80784109
658.5,22.8039196
658.6,22.80139591
658.7,22.79995805
658.8000000000001,22.79929408
658.9000000000001,22.79909205
659.0,22.79904
659.1,22.79888689
659.2,22.79862527
659.3000000000001,22.79830858
659.4000000000001,22.79799029
659.5,22.79772383
659.6,22.79756267
659.7,22.79756026
659.8000000000001,22.79777004
659.9000000000001,22.79824547
660.0,22.79904
660.1,22.80021453
660.2,22.80185976
660.3000000000001,22.80407383
660.4000000000001,22.80695488
660.5,22.81060106
660.6,22.81511052
660.7,22.8205814
660.8000000000001,22.82711184
660.9000000000001,22.83479999
661.0,22.843744
661.1,22.85399601
661.2,22.86542422
661.3000000000001,22.8778508
661.4000000000001,22.89109797
661.5,22.90498792
661.6,22.91934282
661.7,22.93398489
661.8000000000001,22.94873632
661.9000000000001,22.96341929
662.0,22.977856
662.1,22.99191105
662.2,23.00561868
662.3000000000001,23.0190555
662.4000000000001,23.03229815
662.5,23.04542328
662.6,23.05850749
662.7,23.07162744
662.8000000000001,23.08485976
662.9000000000001,23.09828106
663.0,23.111968
663.1,23.12596297
663.2,23.14017148
663.3000000000001,23.1544648
663.4000000000001,23.16871421
663.5,23.18279098
663.6,23.1965664
663.7,23.20991173
663.8000000000001,23.22269826
663.9000000000001,23.23479726
664.0,23.24608
664.1,23.25646756
664.2,23.26608018
664.3000000000001,23.2750879
664.4000000000001,23.28366076
664.5,23.29196879
664.6,23.30018204
664.7,23.30847055
664.8000000000001,23.31700436
664.9000000000001,23.32595349
665.0,23.335488
665.1,23.34574708
665.2,23.35674659
665.3000000000001,23.36847155
665.4000000000001,23.38090696
665.5,23.39403785
665.6,23.40784923
665.7,23.42232612
665.8000000000001,23.43745353
665.9000000000001,23.45321649
666.0,23.4696
666.1,23.48652853
666.2,23.5036843
666.3000000000001,23.52068899
666.4000000000001,23.53716427
666.5,23.55273182
666.6,23.5670133
666.7,23.57963038
666.8000000000001,23.59020474
666.9000000000001,23.59835806
667.0,23.603712
667.1,23.60602719
667.2,23.60562007
667.3000000000001,23.60294605
667.4000000000001,23.59846052
667.5,23.59261888
667.6,23.58587653
667.7,23.57868887
667.8000000000001,23.5715113
667.9000000000001,23.56479921
668.0,23.559008
668.1,23.55445545
668.2,23.55090881
668.3000000000001,23.54799771
668.4000000000001,23.54535178
668.5,23.54260065
668.6,23.53937395
668.7,23.53530131
668.8000000000001,23.53001235
668.9000000000001,23.5231367
669.0,23.514304
669.1,23.50328721
669.2,23.49043262
669.3000000000001,23.47622989
669.4000000000001,23.46116864
669.5,23.44573851
669.6,23.43042914
669.7,23.41573016
669.8000000000001,23.40213123
669.9000000000001,23.39012196
670.0,23.380192
670.1,23.3727082
670.2,23.3675463
670.3000000000001,23.36445922
670.4000000000001,23.36319991
670.5,23.36352132
670.6,23.36517638
670.7,23.36791804
670.8000000000001,23.37149923
670.9000000000001,23.3756729
671.0,23.380192
671.1,23.38484433
671.2,23.38955716
671.3000000000001,23.39429266
671.4000000000001,23.39901296
671.5,23.40368022
671.6,23.40825658
671.7,23.41270419
671.8000000000001,23.4169852
671.9000000000001,23.42106175
672.0,23.424896
672.1,23.42847811
672.2,23.4319103
672.3000000000001,23.43532281
672.4000000000001,23.4388459
672.5,23.4426098
672.6,23.44674476
672.7,23.45138102
672.8000000000001,23.45664881
672.9000000000001,23.46267839
673.0,23.4696
673.1,23.47748635
673.2,23.48618008
673.3000000000001,23.49546629
673.4000000000001,23.50513008
673.5,23.51495657
673.6,23.52473084
673.7,23.53423802
673.8000000000001,23.5432632
673.9000000000001,23.55159149
674.0,23.559008
674.1,23.56532109
674.2,23.57043216
674.3000000000001,23.57426588
674.4000000000001,23.57674691
674.5,23.57779993
674.6,23.57734959
674.7,23.57532056
674.8000000000001,23.57163751
674.9000000000001,23.5662251
675.0,23.559008
675.1,23.54996476
675.2,23.5392895
675.3000000000001,23.52723024
675.4000000000001,23.51403497
675.5,23.49995172
675.6,23.48522849
675.7,23.47011329
675.8000000000001,23.45485414
675.9000000000001,23.43969904
676.0,23.424896
676.1,23.41063303
676.2,23.39685809
676.3000000000001,23.38345916
676.4000000000001,23.37032421
676.5,23.35734119
676.6,23.34439808
676.7,23.33138284
676.8000000000001,23.31818343
676.9000000000001,23.30468783
677.0,23.290784
677.1,23.27636723
677.2,23.26136209
677.3000000000001,23.2457005
677.4000000000001,23.22931434
677.5,23.21213552
677.6,23.19409594
677.7,23.17512749
677.8000000000001,23.15516209
677.9000000000001,23.13413162
678.0,23.111968
678.1,23.08863383
678.2,23.06421462
678.3000000000001,23.03882655
678.4000000000001,23.01258586
678.5,22.98560873
678.6,22.95801139
678.7,22.92991004
678.8000000000001,22.90142088
678.9000000000001,22.87266014
679.0,22.843744
679.1,22.8147926
679.2,22.78594175
679.3000000000001,22.75733114
679.4000000000001,22.7291005
679.5,22.70138954
679.6,22.67433798
679.7,22.64808553
679.8000000000001,22.62277191
679.9000000000001,22.59853683
680.0,22.57552
680.1,22.55381475
680.2,22.53332886
680.3000000000001,22.5139237
680.4000000000001,22.49546065
680.5,22.47780109
680.6,22.46080641
680.7,22.44433797
680.8000000000001,22.42825717
680.9000000000001,22.41242539
681.0,22.396704
681.1,22.38100191
681.2,22.36541814
681.3000000000001,22.35009922
681.4000000000001,22.33519169
681.5,22.32084209
681.6,22.30719697
681.7,22.29440286
681.8000000000001,22.2826063
681.9000000000001,22.27195384
682.0,22.262592
682.1,22.25461302
682.2,22.2478919
682.3000000000001,22.24224932
682.4000000000001,22.23750597
682.5,22.23348253
682.6,22.22999969
682.7,22.22687813
682.8000000000001,22.22393854
682.9000000000001,22.2210016
683.0,22.217888
683.1,22.21445402
683.2,22.21069835
683.3000000000001,22.20665523
683.4000000000001,22.20235895
683.5,22.19784378
683.6,22.19314399
683.7,22.18829385
683.8000000000001,22.18332762
683.9000000000001,22.17827958
684.0,22.173184
684.1,22.16807648
684.2,22.16299791
684.3000000000001,22.15799055
684.4000000000001,22.15309661
684.5,22.14835833
684.6,22.14381795
684.7,22.13951769
684.8000000000001,22.13549979
684.9000000000001,22.13180648
685.0,22.12848
685.1,22.12556637
685.2,22.12312683
685.3000000000001,22.12122638
685.4000000000001,22.11993006
685.5,22.11930289
685.6,22.11940988
685.7,22.12031607
685.8000000000001,22.12208647
685.9000000000001,22.12478611
686.0,22.12848
686.1,22.13321665
686.2,22.13897849
686.3000000000001,22.14573141
686.4000000000001,22.15344132
686.5,22.16207411
686.6,22.1715957
686.7,22.18197198
686.8000000000001,22.19316885
686.9000000000001,22.20515223
687.0,22.217888
687.1,22.23131495
687.2,22.24526334
687.3000000000001,22.25953633
687.4000000000001,22.27393706
687.5,22.28826866
687.6,22.3023343
687.7,22.3159371
687.8000000000001,22.32888022
687.9000000000001,22.34096681
688.0,22.352
688.1,22.36186326
688.2,22.37076135
688.3000000000001,22.37897933
688.4000000000001,22.38680226
688.5,22.39451523
688.6,22.40240331
688.7,22.41075155
688.8000000000001,22.41984503
688.9000000000001,22.42996883
689.0,22.441408
689.1,22.45437699
689.2,22.46880767
689.3000000000001,22.48456131
689.4000000000001,22.50149913
689.5,22.5194824
689.6,22.53837235
689.7,22.55803024
689.8000000000001,22.57831731
689.9000000000001,22.59909482
690.0,22.620224
690.1,22.64158952
690.2,22.66316968
690.3000000000001,22.6849662
690.4000000000001,22.70698079
690.5,22.72921518
690.6,22.75167107
690.7,22.77435018
690.8000000000001,22.79725422
690.9000000000001,22.82038493
691.0,22.843744
691.1,22.86731015
691.2,22.89097005
691.3000000000001,22.91458737
691.4000000000001,22.93802576
691.5,22.9611489
691.6,22.98382044
691.7,23.00590406
691.8000000000001,23.02726342
691.9000000000001,23.04776218
692.0,23.067264
692.1,23.08565647
692.2,23.10292285
692.3000000000001,23.11907032
692.4000000000001,23.13410606
692.5,23.14803723
692.6,23.16087103
692.7,23.17261463
692.8000000000001,23.1832752
692.9000000000001,23.19285993
693.0,23.201376
693.1,23.20884732
693.2,23.21536477
693.3000000000001,23.22103598
693.4000000000001,23.22596858
693.5,23.23027017
693.6,23.23404839
693.7,23.23741086
693.8000000000001,23.24046521
693.9000000000001,23.24331904
694.0,23.24608
694.1,23.24885422
694.2,23.25174196
694.3000000000001,23.254842
694.4000000000001,23.25825311
694.5,23.26207408
694.6,23.26640369
694.7,23.2713407
694.8000000000001,23.2769839
694.9000000000001,23.28343208
695.0,23.290784
695.1,23.2991276
695.2,23.30850744
695.3000000000001,23.31895723
695.4000000000001,23.33051068
695.5,23.3432015
695.6,23.35706339
695.7,23.37213008
695.8000000000001,23.38843527
695.9000000000001,23.40601267
696.0,23.424896
696.1,23.4450744
696.2,23.46635882
696.3000000000001,23.48851563
696.4000000000001,23.5113112
696.5,23.53451193
696.6,23.55788418
696.7,23.58119433
696.8000000000001,23.60420877
696.9000000000001,23.62669386
697.0,23.648416
697.1,23.66919651
697.2,23.68907654
697.3000000000001,23.7081522
697.4000000000001,23.72651958
697.5,23.7442748
697.6,23.76151395
697.7,23.77833314
697.8000000000001,23.79482848
697.9000000000001,23.81109607
698.0,23.827232
698.1,23.84333594
698.2,23.85952177
698.3000000000001,23.87590692
698.4000000000001,23.89260881
698.5,23.90974488
698.6,23.92743256
698.7,23.94578928
698.8000000000001,23.96493248
698.9000000000001,23.98497957
699.0,24.006048
699.1,24.02818602
699.2,24.0511652
699.3000000000001,24.07468794
699.4000000000001,24.09845663
699.5,24.12217367
699.6,24.14554146
699.7,24.16826239
699.8000000000001,24.19003886
699.9000000000001,24.21057326
700.0,24.229568
700.1,24.24681979
700.2,24.26250261
700.3000000000001,24.27688479
700.4000000000001,24.29023463
700.5,24.30282044
700.6,24.31491054
700.7,24.32677323
700.8000000000001,24.33867683
700.9000000000001,24.35088965
701.0,24.36368
701.1,24.37723161
701.2,24.39138986
701.3000000000001,24.40591557
701.4000000000001,24.42056954
701.5,24.43511258
701.6,24.44930549
701.7,24.46290908
701.8000000000001,24.47568416
701.9000000000001,24.48739153
702.0,24.497792
702.1,24.50675628
702.2,24.51459471
702.3000000000001,24.52172752
702.4000000000001,24.52857495
702.5,24.53555725
702.6,24.54309464
702.7,24.55160737
702.8000000000001,24.56151569
702.9000000000001,24.57323982
703.0,24.5872
703.1,24.60368496
703.2,24.62245735
703.3000000000001,24.64314831
703.4000000000001,24.66538896
703.5,24.68881044
703.6,24.71304389
703.7,24.73772043
703.8000000000001,24.76247121
703.9000000000001,24.78692735
704.0,24.81072
704.1,24.83353881
704.2,24.85530759
704.3000000000001,24.87600866
704.4000000000001,24.89562435
704.5,24.914137
704.6,24.93152892
704.7,24.94778246
704.8000000000001,24.96287993
704.9000000000001,24.97680367
705.0,24.989536
705.1,25.00109076
705.2,25.01160777
705.3000000000001,25.02125836
705.4000000000001,25.03021385
705.5,25.03864557
705.6,25.04672484
705.7,25.05462299
705.8000000000001,25.06251135
705.9000000000001,25.07056125
706.0,25.078944
706.1,25.08778052
706.2,25.09699003
706.3000000000001,25.10644137
706.4000000000001,25.11600333
706.5,25.12554474
706.6,25.13493441
706.7,25.14404115
706.8000000000001,25.15273379
706.9000000000001,25.16088113
707.0,25.168352
707.1,25.17505127
707.2,25.18102806
707.3000000000001,25.18636757
707.4000000000001,25.19115498
707.5,25.19547548
707.6,25.19941427
707.7,25.20305652
707.8000000000001,25.20648744
707.9000000000001,25.2097922
708.0,25.213056
708.1,25.2163596
708.2,25.21976608
708.3000000000001,25.22333409
708.4000000000001,25.22712229
708.5,25.23118933
708.6,25.23559386
708.7,25.24039454
708.8000000000001,25.24565002
708.9000000000001,25.25141896
709.0,25.25776
709.1,25.26471343
709.2,25.27224605
709.3000000000001,25.28030626
709.4000000000001,25.2888425
709.5,25.29780319
709.6,25.30713674
709.7,25.31679157
709.8000000000001,25.32671612
709.9000000000001,25.33685878
710.0,25.347168
710.1,25.35758069
710.2,25.36798778
710.3000000000001,25.37826872
710.4000000000001,25.38830295
710.5,25.39796991
710.6,25.40714904
710.7,25.41571977
710.8000000000001,25.42356155
710.9000000000001,25.43055381
711.0,25.436576
711.1,25.44157192
711.2,25.44574279
711.3000000000001,25.44935423
711.4000000000001,25.45267182
711.5,25.45596116
711.6,25.45948785
711.7,25.46351748
711.8000000000001,25.46831566
711.9000000000001,25.47414796
712.0,25.48128
712.1,25.48991024
712.2,25.49996866
712.3000000000001,25.5113181
712.4000000000001,25.5238214
712.5,25.53734143
712.6,25.55174102
712.7,25.56688303
712.8000000000001,25.5826303
712.9000000000001,25.59884567
713.0,25.615392
713.1,25.63215746
713.2,25.64913151
713.3000000000001,25.66632894
713.4000000000001,25.68376454
713.5,25.70145311
713.6,25.71940943
713.7,25.73764828
713.8000000000001,25.75618447
713.9000000000001,25.77503278
714.0,25.794208
714.1,25.81373545
714.2,25.8336826
714.3000000000001,25.85412743
714.4000000000001,25.87514795
714.5,25.89682214
714.6,25.91922799
714.7,25.94244352
714.8000000000001,25.9665467
714.9000000000001,25.99161553
715.0,26.017728
715.1,26.04489465
715.2,26.07285618
715.3000000000001,26.10128582
715.4000000000001,26.12985679
715.5,26.15824235
715.6,26.18611572
715.7,26.21315013
715.8000000000001,26.23901883
715.9000000000001,26.26339504
716.0,26.285952
716.1,26.30644344
716.2,26.32494503
716.3000000000001,26.34161295
716.4000000000001,26.35660337
716.5,26.37007246
716.6,26.3821764
716.7,26.39307135
716.8000000000001,26.40291348
716.9000000000001,26.41185898
717.0,26.420064
717.1,26.42765375
717.2,26.43462949
717.3000000000001,26.44096155
717.4000000000001,26.44662022
717.5,26.4515758
717.6,26.45579859
717.7,26.45925891
717.8000000000001,26.46192704
717.9000000000001,26.46377331
718.0,26.464768
718.1,26.46488014
718.2,26.46407363
718.3000000000001,26.46231109
718.4000000000001,26.45955512
718.5,26.45576835
718.6,26.4509134
718.7,26.44495287
718.8000000000001,26.43784938
718.9000000000001,26.42956555
719.0,26.420064
719.1,26.40934344
719.2,26.39754701
719.3000000000001,26.38485393
719.4000000000001,26.37144345
719.5,26.35749479
719.6,26.34318718
719.7,26.32869987
719.8000000000001,26.31421208
719.9000000000001,26.29990305
720.0,26.285952
720.1,26.27248446
720.2,26.25941103
720.3000000000001,26.24658863
720.4000000000001,26.23387415
720.5,26.22112449
720.6,26.20819656
720.7,26.19494724
720.8000000000001,26.18123344
720.9000000000001,26.16691206
721.0,26.15184
721.1,26.13591883
721.2,26.11922883
721.3000000000001,26.10189493
721.4000000000001,26.08404209
721.5,26.06579524
721.6,26.04727933
721.7,26.02861931
721.8000000000001,26.00994012
721.9000000000001,25.9913667
722.0,25.973024
722.1,25.9550014
722.2,25.93724601
722.3000000000001,25.91966937
722.4000000000001,25.90218304
722.5,25.88469855
722.6,25.86712746
722.7,25.84938132
722.8000000000001,25.83137166
722.9000000000001,25.81301004
723.0,25.794208
723.1,25.77492998
723.2,25.75535195
723.3000000000001,25.73570279
723.4000000000001,25.71621137
723.5,25.69710655
723.6,25.67861721
723.7,25.66097222
723.8000000000001,25.64440044
723.9000000000001,25.62913074
724.0,25.615392
724.1,25.60332651
724.2,25.59273026
724.3000000000001,25.58331269
724.4000000000001,25.57478321
724.5,25.56685124
724.6,25.55922622
724.7,25.55161756
724.8000000000001,25.54373469
724.9000000000001,25.53528703
725.0,25.525984
725.1,25.51560492
725.2,25.50420866
725.3000000000001,25.491924
725.4000000000001,25.47887968
725.5,25.46520448
725.6,25.45102716
725.7,25.43647649
725.8000000000001,25.42168123
725.9000000000001,25.40677014
726.0,25.391872
726.1,25.37710139
726.2,25.36251623
726.3000000000001,25.34816026
726.4000000000001,25.33407722
726.5,25.32031084
726.6,25.30690488
726.7,25.29390308
726.8000000000001,25.28134917
726.9000000000001,25.2692869
727.0,25.25776
727.1,25.24675431
727.2,25.23602401
727.3000000000001,25.22526537
727.4000000000001,25.21417466
727.5,25.20244815
727.6,25.1897821
727.7,25.1758728
727.8000000000001,25.1604165
727.9000000000001,25.14310947
728.0,25.123648
728.1,25.10179535
728.2,25.07758279
728.3000000000001,25.05110862
728.4000000000001,25.02247112
728.5,24.99176857
728.6,24.95909925
728.7,24.92456145
728.8000000000001,24.88825346
728.9000000000001,24.85027354
729.0,24.81072
729.1,24.76974924
729.2,24.72775017
729.3000000000001,24.68516984
729.4000000000001,24.6424553
729.5,24.60005358
729.6,24.55841174
729.7,24.51797682
729.8000000000001,24.47919586
729.9000000000001,24.4425159
730.0,24.408384
730.1,24.3771265
730.2,24.34858697
730.3000000000001,24.32248831
730.4000000000001,24.29855339
730.5,24.2765051
730.6,24.25606632
730.7,24.23695994
730.8000000000001,24.21890884
730.9000000000001,24.2016359
731.0,24.184864
731.1,24.16833834
731.2,24.15189337
731.3000000000001,24.13538582
731.4000000000001,24.11867245
731.5,24.10161002
731.6,24.08405526
731.7,24.06586492
731.8000000000001,24.04689577
731.9000000000001,24.02700455
732.0,24.006048
732.1,23.98395904
732.2,23.96097517
732.3000000000001,23.93741007
732.4000000000001,23.9135774
732.5,23.88979084
732.6,23.86636405
732.7,23.8436107
732.8000000000001,23.82184446
732.9000000000001,23.80137901
733.0,23.782528
733.1,23.76550171
733.2,23.75009678
733.3000000000001,23.73600646
733.4000000000001,23.722924
733.5,23.71054264
733.6,23.69855563
733.7,23.68665621
733.8000000000001,23.67453764
733.9000000000001,23.66189315
734.0,23.648416
734.1,23.63386867
734.2,23.61829059
734.3000000000001,23.60179044
734.4000000000001,23.58447689
734.5,23.56645862
734.6,23.5478443
734.7,23.5287426
734.8000000000001,23.5092622
734.9000000000001,23.48951178
735.0,23.4696
735.1,23.44959611
735.2,23.42941159
735.3000000000001,23.40891851
735.4000000000001,23.38798892
735.5,23.36649489
735.6,23.34430846
735.7,23.3213017
735.8000000000001,23.29734667
735.9000000000001,23.27231541
736.0,23.24608
736.1,23.21855629
736.2,23.18983534
736.3000000000001,23.16005203
736.4000000000001,23.12934124
736.5,23.09783783
736.6,23.06567667
736.7,23.03299264
736.8000000000001,22.9999206
736.9000000000001,22.96659543
737.0,22.933152
737.1,22.89967881
737.2,22.86607892
737.3000000000001,22.832209
737.4000000000001,22.79792573
737.5,22.7630858
737.6,22.72754588
737.7,22.69116266
737.8000000000001,22.65379282
737.9000000000001,22.61529304
738.0,22.57552
738.1,22.53438263
738.2,22.49199886
738.3000000000001,22.44853888
738.4000000000001,22.40417285
738.5,22.35907097
738.6,22.31340341
738.7,22.26734036
738.8000000000001,22.22105198
738.9000000000001,22.17470847
739.0,22.12848
739.1,22.08250823
739.2,22.03682073
739.3000000000001,21.99141655
739.4000000000001,21.94629473
739.5,21.90145431
739.6,21.85689436
739.7,21.8126139
739.8000000000001,21.76861199
739.9000000000001,21.72488767
740.0,21.68144
740.1,21.63828515
740.2,21.59550784
740.3000000000001,21.55320994
740.4000000000001,21.51149329
740.5,21.47045977
740.6,21.43021123
740.7,21.39084952
740.8000000000001,21.35247651
740.9000000000001,21.31519405
741.0,21.279104
741.1,21.2442235
741.2,21.21023079
741.3000000000001,21.17671938
741.4000000000001,21.14328281
741.5,21.1095146
741.6,21.07500825
741.7,21.0393573
741.8000000000001,21.00215526
741.9000000000001,20.96299565
742.0,20.921472
742.1,20.87727606
742.2,20.83049254
742.3000000000001,20.78130437
742.4000000000001,20.72989449
742.5,20.67644584
742.6,20.62114137
742.7,20.56416401
742.8000000000001,20.5056967
742.9000000000001,20.44592239
743.0,20.385024
743.1,20.32318919
743.2,20.26062441
743.3000000000001,20.19754085
743.4000000000001,20.13414966
743.5,20.07066203
743.6,20.00728911
743.7,19.94424208
743.8000000000001,19.8817321
743.9000000000001,19.81997035
744.0,19.759168
744.1,19.69928505
744.2,19.63927681
744.3000000000001,19.57784747
744.4000000000001,19.51370116
744.5,19.44554205
744.6,19.37207429
744.7,19.29200205
744.8000000000001,19.20402949
744.9000000000001,19.10686075
745.0,18.9992
745.1,18.88021492
745.2,18.75092727
745.3000000000001,18.61282234
745.4000000000001,18.46738542
745.5,18.31610179
745.6,18.16045673
745.7,18.00193554
745.8000000000001,17.8420235
745.9000000000001,17.68220589
746.0,17.523968
746.1,17.36848862
746.2,17.21572053
746.3000000000001,17.06531001
746.4000000000001,16.91690334
746.5,16.77014681
746.6,16.62468669
746.7,16.48016927
746.8000000000001,16.33624082
746.9000000000001,16.19254764
747.0,16.048736
747.1,15.9044994
747.2,15.75972021
747.3000000000001,15.61432802
747.4000000000001,15.46825242
747.5,15.32142299
747.6,15.17376932
747.7,15.025221
747.8000000000001,14.87570761
747.9000000000001,14.72515875
748.0,14.573504
748.1,14.42079058
748.2,14.26753622
748.3000000000001,14.1143763
748.4000000000001,13.96194618
748.5,13.81088123
748.6,13.66181683
748.7,13.51538834
748.8000000000001,13.37223112
748.9000000000001,13.23298055
749.0,13.098272
749.1,12.96858073
749.2,12.84374157
749.3000000000001,12.72342925
749.4000000000001,12.60731851
749.5,12.49508407
749.6,12.38640067
749.7,12.28094303
749.8000000000001,12.17838589
749.9000000000001,12.07840397
750.0,11.980672
750.1,11.88476166
750.2,11.78983236
750.3000000000001,11.69494049
750.4000000000001,11.5991424
750.5,11.50149447
750.6,11.40105306
750.7,11.29687454
750.8000000000001,11.18801528
750.9000000000001,11.07353164
751.0,10.95248
751.1,10.82435496
751.2,10.69040406
751.3000000000001,10.55231309
751.4000000000001,10.41176783
751.5,10.27045406
751.6,10.13005757
751.7,9.99226413
751.8000000000001,9.858759536
751.9000000000001,9.731229565
752.0,9.61136
752.1,9.500349045
752.2,9.397444588
752.3000000000001,9.301406938
752.4000000000001,9.210996406
752.5,9.1249733
752.6,9.04209793
752.7,8.961130606
752.8000000000001,8.880831636
752.9000000000001,8.799961331
753.0,8.71728
753.1,8.63180832
753.2,8.543608438
753.3000000000001,8.453002871
753.4000000000001,8.360314133
753.5,8.265864741
753.6,8.169977209
753.7,8.072974054
753.8000000000001,7.97517779
753.9000000000001,7.876910934
754.0,7.778496
754.1,7.680148653
754.2,7.581657148
754.3000000000001,7.482702891
754.4000000000001,7.382967285
754.5,7.282131736
754.6,7.179877649
754.7,7.075886427
754.8000000000001,6.969839475
754.9000000000001,6.861418198
755.0,6.750304
755.1,6.636300622
755.2,6.519701146
755.3000000000001,6.40092099
755.4000000000001,6.280375573
755.5,6.158480313
755.6,6.035650628
755.7,5.912301936
755.8000000000001,5.788849655
755.9000000000001,5.665709204
756.0,5.543296
756.1,5.421911196
756.2,5.301398876
756.3000000000001,5.18148886
756.4000000000001,5.061910965
756.5,4.942395011
756.6,4.822670816
756.7,4.702468199
756.8000000000001,4.581516978
756.9000000000001,4.459546972
757.0,4.336288
757.1,4.211625795
757.2,4.08606975
757.3000000000001,3.960285171
757.4000000000001,3.834937367
757.5,3.710691644
757.6,3.588213309
757.7,3.46816767
757.8000000000001,3.351220034
757.9000000000001,3.238035708
758.0,3.12928
758.1,3.025421752
758.2,2.926143949
758.3000000000001,2.830933111
758.4000000000001,2.739275759
758.5,2.650658414
758.6,2.564567596
758.7,2.480489825
758.8000000000001,2.397911622
758.9000000000001,2.316319506
759.0,2.2352
759.1,2.154177822
759.2,2.073430488
759.3000000000001,1.993273712
759.4000000000001,1.914023211
759.5,1.835994699
759.6,1.759503892
759.7,1.684866503
759.8000000000001,1.612398248
759.9000000000001,1.542414842
760.0,1.475232
760.1,1.411032625
760.2,1.349468373
760.3000000000001,1.290058087
760.4000000000001,1.232320611
760.5,1.175774788
760.6,1.119939462
760.7,1.064333477
760.8000000000001,1.008475676
760.9000000000001,0.951884902
761.0,0.89408
761.1,0.834749341
761.2,0.774259412
761.3000000000001,0.713146227
761.4000000000001,0.651945801
761.5,0.591194149
761.6,0.531427284
761.7,0.473181223
761.8000000000001,0.416991978
761.9000000000001,0.363395566
762.0,0.312928
762.1,0.266027033
762.2,0.22273737
762.3000000000001,0.183005451
762.4000000000001,0.14677772
762.5,0.114000617
762.6,0.084620585
762.7,0.058584065
762.8000000000001,0.0358375
762.9000000000001,0.016327331
763.0,0.0
763.1,0.0
763.2,0.0
763.3000000000001,0.0
763.4000000000001,0.0
763.5,0.0
763.6,0.0
763.7,0.0
763.8000000000001,0.0
763.9000000000001,0.0
764.0,0.0
