time_s,speed_mps
0.0,0.0
0.1,0.0
0.2,0.0
0.30000000000000004,0.0
0.4,0.0
0.5,0.0
0.6000000000000001,0.0
0.7000000000000001,0.0
0.8,0.0
0.9,0.0
1.0,0.0
1.1,0.0
1.2000000000000002,0.0
1.3,0.0
1.4000000000000001,0.0
1.5,0.0
1.6,0.0
1.7000000000000002,0.0
1.8,0.0
1.9000000000000001,0.0
2.0,0.0
2.1,0.0
2.2,0.0
2.3000000000000003,0.0
2.4000000000000004,0.0
2.5,0.0
2.6,0.0
2.7,0.0
2.8000000000000003,0.0
2.9000000000000004,0.0
3.0,0.0
3.1,0.0
3.2,0.0
3.3000000000000003,0.0
3.4000000000000004,0.0
3.5,0.0
3.6,0.0
3.7,0.0
3.8000000000000003,0.0
3.9000000000000004,0.0
4.0,0.0
4.1000000000000005,0.0
4.2,0.0
4.3,0.0
4.4,0.0
4.5,0.0
4.6000000000000005,0.0
4.7,0.0
4.800000000000001,0.0
4.9,0.0
5.0,0.0
5.1000000000000005,0.0
5.2,0.0
5.300000000000001,0.0
5.4,0.0
5.5,0.0
5.6000000000000005,0.0
5.7,0.0
5.800000000000001,0.0
5.9,0.0
6.0,0.0
6.1000000000000005,0.0
6.2,0.0
6.300000000000001,0.0
6.4,0.0
6.5,0.0
6.6000000000000005,0.0
6.7,0.0
6.800000000000001,0.0
6.9,0.0
7.0,0.0
7.1000000000000005,0.0
7.2,0.0
7.300000000000001,0.0
7.4,0.0
7.5,0.0
7.6000000000000005,0.0
7.7,0.0
7.800000000000001,0.0
7.9,0.0
8.0,0.0
8.1,0.0
8.200000000000001,0.0
8.3,0.0
8.4,0.0
8.5,0.0
8.6,0.0
8.700000000000001,0.0
8.8,0.0
8.9,0.0
9.0,0.0
9.1,0.0
9.200000000000001,0.0
9.3,0.0
9.4,0.0
9.5,0.0
9.600000000000001,0.0
9.700000000000001,0.0
9.8,0.0
9.9,0.0
10.0,0.0
10.100000000000001,0.0
10.200000000000001,0.0
10.3,0.0
10.4,0.0
10.5,0.0
10.600000000000001,0.0
10.700000000000001,0.0
10.8,0.0
10.9,0.0
11.0,0.0
11.100000000000001,0.0
11.200000000000001,0.0
11.3,0.0
11.4,0.0
11.5,0.0
11.600000000000001,0.0
11.700000000000001,0.0
11.8,0.0
11.9,0.0
12.0,0.0
12.100000000000001,0.0
12.200000000000001,0.0
12.3,0.0
12.4,0.0
12.5,0.0
12.600000000000001,0.0
12.700000000000001,0.0
12.8,0.0
12.9,0.0
13.0,0.0
13.100000000000001,0.0
13.200000000000001,0.0
13.3,0.0
13.4,0.0
13.5,0.0
13.600000000000001,0.0
13.700000000000001,0.0
13.8,0.0
13.9,0.0
14.0,0.0
14.100000000000001,0.0
14.200000000000001,0.0
14.3,0.0
14.4,0.0
14.5,0.0
14.600000000000001,0.0
14.700000000000001,0.0
14.8,0.0
14.9,0.0
15.0,0.0
15.100000000000001,0.0
15.200000000000001,0.0
15.3,0.0
15.4,0.0
15.5,0.0
15.600000000000001,0.0
15.700000000000001,0.0
15.8,0.0
15.9,0.0
16.0,0.0
16.1,0.0
16.2,0.0
16.3,0.0
16.400000000000002,0.0
16.5,0.0
16.6,0.0
16.7,0.0
16.8,0.0
16.900000000000002,0.0
17.0,0.0
17.1,0.0
17.2,0.0
17.3,0.0
17.400000000000002,0.0
17.5,0.0
17.6,0.0
17.7,0.0
17.8,0.0
17.900000000000002,0.0
18.0,0.0
18.1,0.0
18.2,0.0
18.3,0.0
18.400000000000002,0.0
18.5,0.0
18.6,0.0
18.7,0.0
18.8,0.0
18.900000000000002,0.0
19.0,0.0
19.1,0.0
19.200000000000003,0.0
19.3,0.0
19.400000000000002,0.0
19.5,0.0
19.6,0.0
19.700000000000003,0.0
19.8,0.0
19.900000000000002,0.0
20.0,0.0
20.1,0.078373029
20.200000000000003,0.177060446
20.3,0.293089269
20.400000000000002,0.423486517
20.5,0.565279209
20.6,0.715494365
20.700000000000003,0.871159003
20.8,1.029300142
20.900000000000002,1.186944801
21.0,1.34112
21.1,1.489452297
21.200000000000003,1.631966413
21.3,1.769286606
21.400000000000002,1.902037138
21.5,2.030842269
21.6,2.156326258
21.700000000000003,2.279113366
21.8,2.399827852
21.900000000000002,2.519093977
22.0,2.637536
22.1,2.755708758
22.200000000000003,2.873889392
22.3,2.992285619
22.400000000000002,3.111105154
22.5,3.230555715
22.6,3.35084502
22.700000000000003,3.472180783
22.8,3.594770723
22.900000000000002,3.718822557
23.0,3.844544
23.1,3.972044445
23.200000000000003,4.101039986
23.3,4.231148392
23.400000000000002,4.36198743
23.5,4.49317487
23.6,4.62432848
23.700000000000003,4.755066029
23.8,4.885005287
23.900000000000002,5.013764021
24.0,5.14096
24.1,5.266360788
24.200000000000003,5.390333126
24.3,5.513393551
24.400000000000002,5.636058599
24.5,5.758844806
24.6,5.882268709
24.700000000000003,6.006846843
24.8,6.133095746
24.900000000000002,6.261531952
25.0,6.392672
25.1,6.526620979
25.200000000000003,6.661838197
25.3,6.796371516
25.400000000000002,6.928268798
25.5,7.055577906
25.6,7.176346701
25.700000000000003,7.288623046
25.8,7.390454803
25.900000000000002,7.479889834
26.0,7.554976
26.1,7.614407777
26.200000000000003,7.659466087
26.3,7.692078465
26.400000000000002,7.714172448
26.5,7.72767557
26.6,7.734515366
26.700000000000003,7.736619372
26.8,7.735915122
26.900000000000002,7.734330153
27.0,7.733792
27.1,7.736109578
27.200000000000003,7.742617328
27.3,7.754531071
27.400000000000002,7.773066626
27.5,7.799439816
27.6,7.83486646
27.700000000000003,7.88056238
27.8,7.937743396
27.900000000000002,8.007625329
28.0,8.091424
28.1,8.189646646
28.200000000000003,8.299966168
28.3,8.419346884
28.400000000000002,8.544753112
28.5,8.673149168
28.6,8.801499371
28.700000000000003,8.926768038
28.8,9.045919487
28.900000000000002,9.155918035
29.0,9.253728
29.1,9.337120862
29.200000000000003,9.407096751
29.3,9.46546296
29.400000000000002,9.514026783
29.5,9.554595511
29.6,9.588976439
29.700000000000003,9.618976859
29.8,9.646404064
29.900000000000002,9.673065346
30.0,9.700768
30.1,9.730900339
30.200000000000003,9.763174765
30.3,9.7968847
30.400000000000002,9.831323566
30.5,9.865784787
30.6,9.899561785
30.700000000000003,9.931947983
30.8,9.962236803
30.900000000000002,9.989721667
31.0,10.013696
31.1,10.03360671
31.200000000000003,10.04951465
31.3,10.06163418
31.400000000000002,10.07017963
31.5,10.07536534
31.6,10.07740567
31.700000000000003,10.07651495
31.8,10.07290754
31.900000000000002,10.06679778
32.0,10.0584
32.1,10.04791241
32.2,10.03546857
32.300000000000004,10.02118592
32.4,10.00518187
32.5,9.987573849
32.6,9.968479282
32.7,9.94801559
32.800000000000004,9.926300197
32.9,9.903450526
33.0,9.879584
33.1,9.854818578
33.2,9.82927436
33.300000000000004,9.803071978
33.4,9.776332067
33.5,9.749175261
33.6,9.721722195
33.7,9.694093501
33.800000000000004,9.666409815
33.9,9.63879177
34.0,9.61136
34.1,9.584204449
34.2,9.557292295
34.300000000000004,9.530560027
34.4,9.503944134
34.5,9.477381105
34.6,9.450807427
34.7,9.424159589
34.800000000000004,9.397374079
34.9,9.370387387
35.0,9.343136
35.1,9.315633932
35.2,9.288205293
35.300000000000004,9.261251721
35.4,9.235174851
35.5,9.210376319
35.6,9.187257762
35.7,9.166220815
35.800000000000004,9.147667115
35.9,9.131998298
36.0,9.119616
36.1,9.110508337
36.2,9.103009348
36.300000000000004,9.095039553
36.4,9.08451947
36.5,9.069369618
36.6,9.047510517
36.7,9.016862685
36.800000000000004,8.975346643
36.9,8.920882908
37.0,8.851392
37.1,8.765521616
37.2,8.664828161
37.300000000000004,8.551595219
37.4,8.428106374
37.5,8.296645208
37.6,8.159495306
37.7,8.018940251
37.800000000000004,7.877263626
37.9,7.736749014
38.0,7.59968
38.1,7.468080176
38.2,7.342933176
38.300000000000004,7.224962643
38.400000000000006,7.114892219
38.5,7.013445549
38.6,6.921346274
38.7,6.839318039
38.800000000000004,6.768084486
38.900000000000006,6.708369259
39.0,6.660896
39.1,6.626030576
39.2,6.602707743
39.300000000000004,6.589504482
39.400000000000006,6.584997774
39.5,6.587764597
39.6,6.596381933
39.7,6.609426761
39.800000000000004,6.625476061
39.900000000000006,6.643106814
40.0,6.660896
40.1,6.677681169
40.2,6.693342156
40.300000000000004,6.708019364
40.400000000000006,6.721853198
40.5,6.734984063
40.6,6.747552363
40.7,6.759698502
40.800000000000004,6.771562885
40.900000000000006,6.783285916
41.0,6.795008
41.1,6.806855595
41.2,6.818899378
41.300000000000004,6.831196078
41.400000000000006,6.843802425
41.5,6.856775151
41.6,6.870170984
41.7,6.884046656
41.800000000000004,6.898458895
41.900000000000006,6.913464433
42.0,6.92912
42.1,6.945501058
42.2,6.962757997
42.300000000000004,6.981059941
42.400000000000006,7.000576012
42.5,7.021475334
42.6,7.043927029
42.7,7.06810022
42.800000000000004,7.09416403
42.900000000000006,7.122287583
43.0,7.15264
43.1,7.18541883
43.2,7.220935323
43.300000000000004,7.259529152
43.400000000000006,7.301539991
43.5,7.347307515
43.6,7.397171398
43.7,7.451471313
43.800000000000004,7.510546936
43.900000000000006,7.57473794
44.0,7.644384
44.1,7.719647652
44.2,7.799982887
44.300000000000004,7.884666556
44.400000000000006,7.972975512
44.5,8.064186607
44.6,8.157576693
44.7,8.252422623
44.800000000000004,8.348001249
44.900000000000006,8.443589424
45.0,8.538464
45.1,8.632045504
45.2,8.724329161
45.300000000000004,8.815453872
45.400000000000006,8.905558538
45.5,8.994782059
45.6,9.083263335
45.7,9.171141267
45.800000000000004,9.258554754
45.900000000000006,9.345642699
46.0,9.432544
46.1,9.519223517
46.2,9.604949941
46.300000000000004,9.688817923
46.400000000000006,9.769922112
46.5,9.847357158
46.6,9.920217712
46.7,9.987598423
46.800000000000004,10.04859394
46.900000000000006,10.10229892
47.0,10.147808
47.1,10.18450011
47.2,10.21289123
47.300000000000004,10.23378164
47.400000000000006,10.24797157
47.5,10.25626131
47.6,10.2594511
47.7,10.2583412
47.800000000000004,10.25373188
47.900000000000006,10.24642339
48.0,10.237216
48.1,10.22684101
48.2,10.21575392
48.300000000000004,10.20434129
48.400000000000006,10.19298967
48.5,10.18208561
48.6,10.17201566
48.7,10.16316637
48.800000000000004,10.1559243
48.900000000000006,10.15067599
49.0,10.147808
49.1,10.1474749
49.2,10.14890332
49.300000000000004,10.15108792
49.400000000000006,10.15302335
49.5,10.15370426
49.6,10.15212532
49.7,10.14728116
49.800000000000004,10.13816646
49.900000000000006,10.12377585
50.0,10.103104
50.1,10.07533777
50.2,10.04043287
50.300000000000004,9.998537213
50.400000000000006,9.949798731
50.5,9.894365341
50.6,9.832384964
50.7,9.764005521
50.800000000000004,9.689374931
50.900000000000006,9.608641118
51.0,9.521952
51.1,9.429589198
51.2,9.332369123
51.300000000000004,9.231241887
51.400000000000006,9.1271576
51.5,9.021066372
51.6,8.913918315
51.7,8.806663538
51.800000000000004,8.700252153
51.900000000000006,8.59563427
52.0,8.49376
52.1,8.395388897
52.2,8.30051829
52.300000000000004,8.208954951
52.400000000000006,8.120505654
52.5,8.03497717
52.6,7.952176273
52.7,7.871909735
52.800000000000004,7.793984328
52.900000000000006,7.718206826
53.0,7.644384
53.1,7.572414703
53.2,7.502566102
53.300000000000004,7.435197445
53.400000000000006,7.370667977
53.5,7.309336947
53.6,7.251563602
53.7,7.197707187
53.800000000000004,7.148126951
53.900000000000006,7.103182139
54.0,7.063232
54.1,7.02868154
54.2,7.000118806
54.300000000000004,6.978177607
54.400000000000006,6.963491749
54.5,6.95669504
54.6,6.958421288
54.7,6.969304301
54.800000000000004,6.989977885
54.900000000000006,7.021075849
55.0,7.063232
55.1,7.116760322
55.2,7.180695505
55.300000000000004,7.253752417
55.400000000000006,7.334645923
55.5,7.422090892
55.6,7.514802189
55.7,7.611494681
55.800000000000004,7.710883236
55.900000000000006,7.81168272
56.0,7.912608
56.1,8.012579284
56.2,8.111338148
56.300000000000004,8.20883151
56.400000000000006,8.305006285
56.5,8.399809392
56.6,8.493187748
56.7,8.585088269
56.800000000000004,8.675457874
56.900000000000006,8.764243478
57.0,8.851392
57.1,8.936885261
57.2,9.020844701
57.300000000000004,9.103426664
57.400000000000006,9.184787495
57.5,9.265083539
57.6,9.344471139
57.7,9.423106641
57.800000000000004,9.501146389
57.900000000000006,9.578746727
58.0,9.656064
58.1,9.733177816
58.2,9.809860841
58.300000000000004,9.885809002
58.400000000000006,9.96071823
58.5,10.03428445
58.6,10.1062036
58.7,10.1761716
58.800000000000004,10.24388438
58.900000000000006,10.30903787
59.0,10.371328
59.1,10.43049922
59.2,10.48649005
59.300000000000004,10.53928753
59.400000000000006,10.58887872
59.5,10.63525065
59.6,10.67839037
59.7,10.71828492
59.800000000000004,10.75492135
59.900000000000006,10.78828669
60.0,10.818368
60.1,10.84521379
60.2,10.86911849
60.300000000000004,10.89043798
60.400000000000006,10.90952816
60.5,10.92674494
60.6,10.9424442
60.7,10.95698184
60.800000000000004,10.97071376
60.900000000000006,10.98399585
61.0,10.997184
61.1,11.01056322
61.2,11.02413489
61.300000000000004,11.03782951
61.400000000000006,11.05157758
61.5,11.06530959
61.6,11.07895603
61.7,11.0924474
61.800000000000004,11.10571418
61.900000000000006,11.11868689
62.0,11.131296
62.1,11.14342592
62.2,11.15477664
62.300000000000004,11.16500208
62.400000000000006,11.17375613
62.5,11.1806927
62.6,11.1854657
62.7,11.18772902
62.800000000000004,11.18713658
62.900000000000006,11.18334227
63.0,11.176
63.1,11.16492956
63.2,11.15061428
63.300000000000004,11.13370338
63.400000000000006,11.11484608
63.5,11.09469159
63.6,11.07388914
63.7,11.05308793
63.800000000000004,11.0329372
63.900000000000006,11.01408615
64.0,10.997184
64.10000000000001,10.98275427
64.2,10.97081769
64.3,10.96126926
64.4,10.954004
64.5,10.94891693
64.60000000000001,10.94590306
64.7,10.94485742
64.8,10.94567502
64.9,10.94825087
65.0,10.95248
65.10000000000001,10.9582367
65.2,10.96531241
65.3,10.97347783
65.4,10.98250369
65.5,10.9921607
65.60000000000001,11.00221957
65.7,11.01245102
65.8,11.02262577
65.9,11.03251452
66.0,11.041888
66.10000000000001,11.05054667
66.2,11.05841
66.3,11.06542723
66.4,11.07154757
66.5,11.07672027
66.60000000000001,11.08089455
66.7,11.08401963
66.8,11.08604475
66.9,11.08691913
67.0,11.086592
67.10000000000001,11.08504841
67.2,11.08241669
67.3,11.07886098
67.4,11.07454544
67.5,11.06963421
67.60000000000001,11.06429145
67.7,11.0586813
67.8,11.0529679
67.9,11.04731542
68.0,11.041888
68.10000000000001,11.03681086
68.2,11.03205356
68.3,11.02754671
68.4,11.02322094
68.5,11.01900688
68.60000000000001,11.01483515
68.7,11.01063637
68.8,11.00634117
68.9,11.00188017
69.0,10.997184
69.10000000000001,10.99225844
69.2,10.98740991
69.3,10.98301998
69.4,10.97947024
69.5,10.97714226
69.60000000000001,10.97641762
69.7,10.9776779
69.8,10.98130467
69.9,10.98767951
70.0,10.997184
70.10000000000001,11.01007211
70.2,11.02608741
70.3,11.04484586
70.4,11.06596343
70.5,11.08905606
70.60000000000001,11.11373973
70.7,11.1396304
70.8,11.16634403
70.9,11.19349657
71.0,11.220704
71.10000000000001,11.24761519
71.2,11.27401068
71.3,11.29970392
71.4,11.32450837
71.5,11.34823749
71.60000000000001,11.37070473
71.7,11.39172354
71.8,11.41110739
71.9,11.42866972
72.0,11.444224
72.10000000000001,11.45762432
72.2,11.46888735
72.3,11.47807043
72.4,11.48523087
72.5,11.49042598
72.60000000000001,11.4937131
72.7,11.49514954
72.8,11.49479262
72.9,11.49269967
73.0,11.488928
73.10000000000001,11.48351826
73.2,11.47644438
73.3,11.46766364
73.4,11.45713328
73.5,11.44481058
73.60000000000001,11.43065279
73.7,11.41461717
73.8,11.396661
73.9,11.37674152
74.0,11.354816
74.10000000000001,11.33095717
74.2,11.30569965
74.3,11.27969351
74.4,11.25358883
74.5,11.2280357
74.60000000000001,11.20368419
74.7,11.18118439
74.8,11.16118637
74.9,11.14434021
75.0,11.131296
75.10000000000001,11.12252684
75.2,11.11779791
75.3,11.11669742
75.4,11.11881359
75.5,11.12373462
75.60000000000001,11.13104872
75.7,11.1403441
75.8,11.15120896
75.9,11.16323153
76.0,11.176
76.10000000000001,11.18920329
76.2,11.2029331
76.3,11.21738186
76.4,11.23274196
76.5,11.24920583
76.60000000000001,11.26696587
76.7,11.28621449
76.80000000000001,11.30714412
76.9,11.32994715
77.0,11.354816
77.10000000000001,11.38180667
77.2,11.41042949
77.30000000000001,11.44005838
77.4,11.47006727
77.5,11.49983007
77.60000000000001,11.5287207
77.7,11.55611309
77.80000000000001,11.58138116
77.9,11.60389882
78.0,11.62304
78.10000000000001,11.63831065
78.2,11.64974485
78.30000000000001,11.65750871
78.4,11.66176836
78.5,11.6626899
78.60000000000001,11.66043945
78.7,11.65518312
78.80000000000001,11.64708702
78.9,11.63631728
79.0,11.62304
79.10000000000001,11.60752133
79.2,11.59042754
79.30000000000001,11.57252491
79.4,11.55457975
79.5,11.53735834
79.60000000000001,11.52162699
79.7,11.50815198
79.80000000000001,11.49769962
79.9,11.49103619
80.0,11.488928
80.10000000000001,11.49192211
80.2,11.49968869
80.30000000000001,11.51167869
80.4,11.52734306
80.5,11.54613274
80.60000000000001,11.56749869
80.7,11.59089184
80.80000000000001,11.61576314
80.9,11.64156355
81.0,11.667744
81.10000000000001,11.69386176
81.2,11.71989931
81.30000000000001,11.74594544
81.4,11.77208897
81.5,11.79841869
81.60000000000001,11.82502339
81.7,11.85199187
81.80000000000001,11.87941294
81.9,11.90737538
82.0,11.935968
82.10000000000001,11.96529711
82.2,11.99553905
82.30000000000001,12.02688769
82.4,12.05953689
82.5,12.0936805
82.60000000000001,12.1295124
82.7,12.16722644
82.80000000000001,12.20701648
82.9,12.24907638
83.0,12.2936
83.10000000000001,12.34064956
83.2,12.38976069
83.30000000000001,12.44033736
83.4,12.49178357
83.5,12.54350329
83.60000000000001,12.59490051
83.7,12.64537921
83.80000000000001,12.69434337
83.9,12.74119697
84.0,12.785344
84.10000000000001,12.82633988
84.2,12.86434581
84.30000000000001,12.89967443
84.4,12.93263839
84.5,12.96355032
84.60000000000001,12.99272286
84.7,13.02046866
84.80000000000001,13.04710035
84.9,13.07293059
85.0,13.098272
85.10000000000001,13.12336544
85.2,13.14816461
85.30000000000001,13.17255139
85.4,13.1964077
85.5,13.21961543
85.60000000000001,13.24205649
85.7,13.26361278
85.80000000000001,13.28416619
85.9,13.30359863
86.0,13.321792
86.10000000000001,13.33867451
86.2,13.35435961
86.30000000000001,13.36900704
86.4,13.38277657
86.5,13.39582795
86.60000000000001,13.40832093
86.7,13.42041527
86.80000000000001,13.43227073
86.9,13.44404705
87.0,13.455904
87.10000000000001,13.46797729
87.2,13.48030648
87.30000000000001,13.4929071
87.4,13.50579469
87.5,13.51898477
87.60000000000001,13.53249287
87.7,13.54633451
87.80000000000001,13.56052523
87.9,13.57508055
88.0,13.590016
88.10000000000001,13.60530755
88.2,13.62077288
88.30000000000001,13.63619014
88.4,13.65133746
88.5,13.66599297
88.60000000000001,13.6799348
88.7,13.69294109
88.80000000000001,13.70478996
88.9,13.71525955
89.0,13.724128
89.10000000000001,13.73122162
89.2,13.7365595
89.30000000000001,13.7402089
89.4,13.74223709
89.5,13.74271134
89.60000000000001,13.74169893
89.7,13.73926712
89.80000000000001,13.73548318
89.9,13.73041439
90.0,13.724128
90.10000000000001,13.71671692
90.2,13.70837653
90.30000000000001,13.69932784
90.4,13.68979188
90.5,13.67998965
90.60000000000001,13.67014217
90.7,13.66047045
90.80000000000001,13.65119551
90.9,13.64253835
91.0,13.63472
91.10000000000001,13.62790019
91.2,13.62199354
91.30000000000001,13.6168534
91.4,13.61233312
91.5,13.60828605
91.60000000000001,13.60456554
91.7,13.60102493
91.80000000000001,13.59751757
91.9,13.59389681
92.0,13.590016
92.10000000000001,13.58576916
92.2,13.58121298
92.30000000000001,13.57644483
92.4,13.5715621
92.5,13.56666214
92.60000000000001,13.56184233
92.7,13.55720005
92.80000000000001,13.55283265
92.9,13.54883751
93.0,13.545312
93.10000000000001,13.5423862
93.2,13.54032102
93.30000000000001,13.53941008
93.4,13.53994699
93.5,13.54222538
93.60000000000001,13.54653885
93.7,13.55318103
93.80000000000001,13.56244554
93.9,13.57462599
94.0,13.590016
94.10000000000001,13.60869298
94.2,13.62986953
94.30000000000001,13.65254201
94.4,13.67570683
94.5,13.69836035
94.60000000000001,13.71949896
94.7,13.73811905
94.80000000000001,13.753217
94.9,13.76378919
95.0,13.768832
95.10000000000001,13.76763749
95.2,13.76068036
95.30000000000001,13.74873102
95.4,13.73255985
95.5,13.71293723
95.60000000000001,13.69063355
95.7,13.6664192
95.80000000000001,13.64106457
95.9,13.61534004
96.0,13.590016
96.10000000000001,13.56570104
96.2,13.5423566
96.30000000000001,13.51978231
96.4,13.49777781
96.5,13.47614273
96.60000000000001,13.45467671
96.7,13.43317939
96.80000000000001,13.41145041
96.9,13.3892894
97.0,13.366496
97.10000000000001,13.34299782
97.2,13.31923441
97.30000000000001,13.29577326
97.4,13.27318191
97.5,13.25202785
97.60000000000001,13.2328786
97.7,13.21630168
97.80000000000001,13.2028646
97.9,13.19313487
98.0,13.18768
98.10000000000001,13.1868962
98.2,13.19049444
98.30000000000001,13.19801436
98.4,13.20899562
98.5,13.22297788
98.60000000000001,13.23950078
98.7,13.258104
98.80000000000001,13.27832717
98.9,13.29970995
99.0,13.321792
99.10000000000001,13.34417849
99.2,13.36673665
99.30000000000001,13.38939923
99.4,13.41209898
99.5,13.43476865
99.60000000000001,13.45734098
99.7,13.47974874
99.80000000000001,13.50192466
99.9,13.5238015
100.0,13.545312
100.10000000000001,13.56638757
100.2,13.58695424
100.30000000000001,13.60693667
100.4,13.62625954
100.5,13.64484754
100.60000000000001,13.66262533
100.7,13.6795176
100.80000000000001,13.69544901
100.9,13.71034425
101.0,13.724128
101.10000000000001,13.7367542
101.2,13.7482939
101.30000000000001,13.75884742
101.4,13.76851508
101.5,13.7773972
101.60000000000001,13.78559411
101.7,13.79320612
101.80000000000001,13.80033356
101.9,13.80707675
102.0,13.813536
102.10000000000001,13.8197853
102.2,13.82579325
102.30000000000001,13.83150211
102.4,13.83685416
102.5,13.84179165
102.60000000000001,13.84625685
102.7,13.85019202
102.80000000000001,13.85353942
102.9,13.85624133
103.0,13.85824
103.10000000000001,13.85946439
103.2,13.8597902
103.30000000000001,13.85907985
103.4,13.85719571
103.5,13.8540002
103.60000000000001,13.84935572
103.7,13.84312466
103.80000000000001,13.83516942
103.9,13.8253524
104.0,13.813536
104.10000000000001,13.7996175
104.2,13.78363371
104.30000000000001,13.76565633
104.4,13.74575704
104.5,13.72400753
104.60000000000001,13.70047951
104.7,13.67524465
104.80000000000001,13.64837465
104.9,13.6199412
105.0,13.590016
105.10000000000001,13.55876804
105.2,13.52675551
105.30000000000001,13.49463394
105.4,13.46305882
105.5,13.43268566
105.60000000000001,13.40416997
105.7,13.37816725
105.80000000000001,13.35533301
105.9,13.33632276
106.0,13.321792
106.10000000000001,13.31219567
106.2,13.30718641
106.30000000000001,13.3062163
106.4,13.30873741
106.5,13.31420182
106.60000000000001,13.32206161
106.7,13.33176884
106.80000000000001,13.3427756
106.9,13.35453396
107.0,13.366496
107.10000000000001,13.37823762
107.2,13.38983006
107.30000000000001,13.4014684
107.4,13.41334771
107.5,13.42566306
107.60000000000001,13.43860952
107.7,13.45238217
107.80000000000001,13.46717609
107.9,13.48318634
108.0,13.500608
108.10000000000001,13.5195649
108.2,13.53989591
108.30000000000001,13.56136867
108.4,13.58375081
108.5,13.60680996
108.60000000000001,13.63031375
108.7,13.65402982
108.80000000000001,13.67772579
108.9,13.70116931
109.0,13.724128
109.10000000000001,13.74644122
109.2,13.76823519
109.30000000000001,13.78970786
109.4,13.81105719
109.5,13.83248112
109.60000000000001,13.85417759
109.7,13.87634457
109.80000000000001,13.89918
109.9,13.92288183
110.0,13.947648
110.10000000000001,13.97359494
110.2,14.00051298
110.30000000000001,14.0281109
110.4,14.0560975
110.5,14.08418158
110.60000000000001,14.11207194
110.7,14.13947736
110.80000000000001,14.16610665
110.9,14.1916686
111.0,14.215872
111.10000000000001,14.23850122
111.2,14.25964289
111.30000000000001,14.27945921
111.4,14.29811236
111.5,14.31576456
111.60000000000001,14.33257799
111.7,14.34871485
111.80000000000001,14.36433734
111.9,14.37960766
112.0,14.394688
112.10000000000001,14.40965393
112.2,14.4242345
112.30000000000001,14.43807212
112.4,14.45080921
112.5,14.46208819
112.60000000000001,14.47155147
112.7,14.47884148
112.80000000000001,14.48360062
112.9,14.48547132
113.0,14.484096
113.10000000000001,14.47929861
113.2,14.4716293
113.30000000000001,14.46181975
113.4,14.45060165
113.5,14.4387067
113.60000000000001,14.42686656
113.7,14.41581294
113.80000000000001,14.40627751
113.9,14.39899197
114.0,14.394688
114.10000000000001,14.39359185
114.2,14.39390802
114.30000000000001,14.39333557
114.4,14.38957355
114.5,14.38032103
114.60000000000001,14.36327707
114.7,14.33614073
114.80000000000001,14.29661106
114.9,14.24238713
115.0,14.171168
115.10000000000001,14.08142003
115.2,13.97467885
115.30000000000001,13.85324736
115.4,13.7194285
115.5,13.57552517
115.60000000000001,13.42384032
115.7,13.26667685
115.80000000000001,13.1063377
115.9,12.94512577
116.0,12.785344
116.10000000000001,12.62883259
116.2,12.47558088
116.30000000000001,12.32511551
116.4,12.17696309
116.5,12.03065027
116.60000000000001,11.88570366
116.7,11.74164991
116.80000000000001,11.59801562
116.9,11.45432744
117.0,11.310112
117.10000000000001,11.16499598
117.2,11.01900633
117.30000000000001,10.87227007
117.4,10.72491421
117.5,10.57706575
117.60000000000001,10.42885171
117.7,10.28039911
117.80000000000001,10.13183495
117.9,9.983286241
118.0,9.83488
118.10000000000001,9.68671629
118.2,9.538787382
118.30000000000001,9.391058603
118.4,9.243495276
118.5,9.096062725
118.60000000000001,8.948726277
118.7,8.801451256
118.80000000000001,8.654202986
118.9,8.506946793
119.0,8.359648
119.10000000000001,8.212279661
119.2,8.064845736
119.30000000000001,7.917357916
119.4,7.76982789
119.5,7.622267347
119.60000000000001,7.474687975
119.7,7.327101466
119.80000000000001,7.179519507
119.9,7.031953789
120.0,6.884416
120.10000000000001,6.736913868
120.2,6.589439273
120.30000000000001,6.441980132
120.4,6.294524365
120.5,6.147059888
120.60000000000001,5.999574621
120.7,5.85205648
120.80000000000001,5.704493384
120.9,5.556873252
121.0,5.409184
121.10000000000001,5.261421667
121.2,5.113614773
121.30000000000001,4.965799954
121.4,4.81801385
121.5,4.6702931
121.60000000000001,4.522674341
121.7,4.375194213
121.80000000000001,4.227889355
121.9,4.080796404
122.0,3.933952
122.10000000000001,3.787364262
122.2,3.640927237
122.30000000000001,3.494506452
122.4,3.347967435
122.5,3.201175713
122.60000000000001,3.053996814
122.7,2.906296266
122.80000000000001,2.757939596
122.9,2.608792331
123.0,2.45872
123.10000000000001,2.307694084
123.2,2.156109879
123.30000000000001,2.004468638
123.4,1.85327161
123.5,1.703020048
123.60000000000001,1.554215202
123.7,1.407358323
123.80000000000001,1.262950662
123.9,1.121493471
124.0,0.983488
124.10000000000001,0.849531947
124.2,0.720608798
124.30000000000001,0.597798485
124.4,0.48218094
124.5,0.374836095
124.60000000000001,0.276843882
124.7,0.189284234
124.80000000000001,0.113237083
124.9,0.049782361
125.0,0.0
125.10000000000001,0.0
125.2,0.0
125.30000000000001,0.0
125.4,0.0
125.5,0.0
125.60000000000001,0.0
125.7,0.0
125.80000000000001,0.0
125.9,0.0
126.0,0.0
126.10000000000001,0.0
126.2,0.0
126.30000000000001,0.0
126.4,0.0
126.5,0.0
126.60000000000001,0.0
126.7,0.0
126.80000000000001,0.0
126.9,0.0
127.0,0.0
127.10000000000001,0.0
127.2,0.0
127.30000000000001,0.0
127.4,0.0
127.5,0.0
127.60000000000001,0.0
127.7,0.0
127.80000000000001,0.0
127.9,0.0
128.0,0.0
128.1,0.0
128.20000000000002,0.0
128.3,0.0
128.4,0.0
128.5,0.0
128.6,0.0
128.70000000000002,0.0
128.8,0.0
128.9,0.0
129.0,0.0
129.1,0.0
129.20000000000002,0.0
129.3,0.0
129.4,0.0
129.5,0.0
129.6,0.0
129.70000000000002,0.0
129.8,0.0
129.9,0.0
130.0,0.0
130.1,0.0
130.20000000000002,0.0
130.3,0.0
130.4,0.0
130.5,0.0
130.6,0.0
130.70000000000002,0.0
130.8,0.0
130.9,0.0
131.0,0.0
131.1,0.0
131.20000000000002,0.0
131.3,0.0
131.4,0.0
131.5,0.0
131.6,0.0
131.70000000000002,0.0
131.8,0.0
131.9,0.0
132.0,0.0
132.1,0.0
132.20000000000002,0.0
132.3,0.0
132.4,0.0
132.5,0.0
132.6,0.0
132.70000000000002,0.0
132.8,0.0
132.9,0.0
133.0,0.0
133.1,0.0
133.20000000000002,0.0
133.3,0.0
133.4,0.0
133.5,0.0
133.6,0.0
133.70000000000002,0.0
133.8,0.0
133.9,0.0
134.0,0.0
134.1,0.0
134.20000000000002,0.0
134.3,0.0
134.4,0.0
134.5,0.0
134.6,0.0
134.70000000000002,0.0
134.8,0.0
134.9,0.0
135.0,0.0
135.1,0.0
135.20000000000002,0.0
135.3,0.0
135.4,0.0
135.5,0.0
135.6,0.0
135.70000000000002,0.0
135.8,0.0
135.9,0.0
136.0,0.0
136.1,0.0
136.20000000000002,0.0
136.3,0.0
136.4,0.0
136.5,0.0
136.6,0.0
136.70000000000002,0.0
136.8,0.0
136.9,0.0
137.0,0.0
137.1,0.0
137.20000000000002,0.0
137.3,0.0
137.4,0.0
137.5,0.0
137.6,0.0
137.70000000000002,0.0
137.8,0.0
137.9,0.0
138.0,0.0
138.1,0.0
138.20000000000002,0.0
138.3,0.0
138.4,0.0
138.5,0.0
138.6,0.0
138.70000000000002,0.0
138.8,0.0
138.9,0.0
139.0,0.0
139.1,0.0
139.20000000000002,0.0
139.3,0.0
139.4,0.0
139.5,0.0
139.6,0.0
139.70000000000002,0.0
139.8,0.0
139.9,0.0
140.0,0.0
140.1,0.0
140.20000000000002,0.0
140.3,0.0
140.4,0.0
140.5,0.0
140.6,0.0
140.70000000000002,0.0
140.8,0.0
140.9,0.0
141.0,0.0
141.1,0.0
141.20000000000002,0.0
141.3,0.0
141.4,0.0
141.5,0.0
141.6,0.0
141.70000000000002,0.0
141.8,0.0
141.9,0.0
142.0,0.0
142.1,0.0
142.20000000000002,0.0
142.3,0.0
142.4,0.0
142.5,0.0
142.6,0.0
142.70000000000002,0.0
142.8,0.0
142.9,0.0
143.0,0.0
143.1,0.0
143.20000000000002,0.0
143.3,0.0
143.4,0.0
143.5,0.0
143.6,0.0
143.70000000000002,0.0
143.8,0.0
143.9,0.0
144.0,0.0
144.1,0.0
144.20000000000002,0.0
144.3,0.0
144.4,0.0
144.5,0.0
144.6,0.0
144.70000000000002,0.0
144.8,0.0
144.9,0.0
145.0,0.0
145.1,0.0
145.20000000000002,0.0
145.3,0.0
145.4,0.0
145.5,0.0
145.6,0.0
145.70000000000002,0.0
145.8,0.0
145.9,0.0
146.0,0.0
146.1,0.0
146.20000000000002,0.0
146.3,0.0
146.4,0.0
146.5,0.0
146.6,0.0
146.70000000000002,0.0
146.8,0.0
146.9,0.0
147.0,0.0
147.1,0.0
147.20000000000002,0.0
147.3,0.0
147.4,0.0
147.5,0.0
147.6,0.0
147.70000000000002,0.0
147.8,0.0
147.9,0.0
148.0,0.0
148.1,0.0
148.20000000000002,0.0
148.3,0.0
148.4,0.0
148.5,0.0
148.6,0.0
148.70000000000002,0.0
148.8,0.0
148.9,0.0
149.0,0.0
149.1,0.0
149.20000000000002,0.0
149.3,0.0
149.4,0.0
149.5,0.0
149.6,0.0
149.70000000000002,0.0
149.8,0.0
149.9,0.0
150.0,0.0
150.1,0.0
150.20000000000002,0.0
150.3,0.0
150.4,0.0
150.5,0.0
150.6,0.0
150.70000000000002,0.0
150.8,0.0
150.9,0.0
151.0,0.0
151.1,0.0
151.20000000000002,0.0
151.3,0.0
151.4,0.0
151.5,0.0
151.6,0.0
151.70000000000002,0.0
151.8,0.0
151.9,0.0
152.0,0.0
152.1,0.0
152.20000000000002,0.0
152.3,0.0
152.4,0.0
152.5,0.0
152.6,0.0
152.70000000000002,0.0
152.8,0.0
152.9,0.0
153.0,0.0
153.1,0.0
153.20000000000002,0.0
153.3,0.0
153.4,0.0
153.5,0.0
153.60000000000002,0.0
153.70000000000002,0.0
153.8,0.0
153.9,0.0
154.0,0.0
154.10000000000002,0.0
154.20000000000002,0.0
154.3,0.0
154.4,0.0
154.5,0.0
154.60000000000002,0.0
154.70000000000002,0.0
154.8,0.0
154.9,0.0
155.0,0.0
155.10000000000002,0.0
155.20000000000002,0.0
155.3,0.0
155.4,0.0
155.5,0.0
155.60000000000002,0.0
155.70000000000002,0.0
155.8,0.0
155.9,0.0
156.0,0.0
156.10000000000002,0.0
156.20000000000002,0.0
156.3,0.0
156.4,0.0
156.5,0.0
156.60000000000002,0.0
156.70000000000002,0.0
156.8,0.0
156.9,0.0
157.0,0.0
157.10000000000002,0.0
157.20000000000002,0.0
157.3,0.0
157.4,0.0
157.5,0.0
157.60000000000002,0.0
157.70000000000002,0.0
157.8,0.0
157.9,0.0
158.0,0.0
158.10000000000002,0.0
158.20000000000002,0.0
158.3,0.0
158.4,0.0
158.5,0.0
158.60000000000002,0.0
158.70000000000002,0.0
158.8,0.0
158.9,0.0
159.0,0.0
159.10000000000002,0.0
159.20000000000002,0.0
159.3,0.0
159.4,0.0
159.5,0.0
159.60000000000002,0.0
159.70000000000002,0.0
159.8,0.0
159.9,0.0
160.0,0.0
160.10000000000002,0.0
160.20000000000002,0.0
160.3,0.0
160.4,0.0
160.5,0.0
160.60000000000002,0.0
160.70000000000002,0.0
160.8,0.0
160.9,0.0
161.0,0.0
161.10000000000002,0.0
161.20000000000002,0.0
161.3,0.0
161.4,0.0
161.5,0.0
161.60000000000002,0.0
161.70000000000002,0.0
161.8,0.0
161.9,0.0
162.0,0.0
162.10000000000002,0.0
162.20000000000002,0.0
162.3,0.0
162.4,0.0
162.5,0.0
162.60000000000002,0.0
162.70000000000002,0.0
162.8,0.0
162.9,0.0
163.0,0.0
163.10000000000002,0.085989433
163.20000000000002,0.194289513
163.3,0.321661562
163.4,0.464866899
163.5,0.620666848
163.60000000000002,0.785822729
163.70000000000002,0.957095863
163.8,1.131247572
163.9,1.305039177
164.0,1.475232
164.10000000000002,1.639271107
164.20000000000002,1.797336551
164.3,1.95029213
164.4,2.099001642
164.5,2.244328885
164.60000000000002,2.387137658
164.70000000000002,2.528291757
164.8,2.668654982
164.9,2.80909113
165.0,2.950464
165.10000000000002,3.093457338
165.20000000000002,3.238034681
165.3,3.383979517
165.4,3.531075331
165.5,3.67910561
165.60000000000002,3.827853841
165.70000000000002,3.977103509
165.8,4.1266381
165.9,4.276241102
166.0,4.425696
166.10000000000002,4.574822742
166.20000000000002,4.723587124
166.3,4.871991402
166.4,5.020037833
166.5,5.167728673
166.60000000000002,5.315066179
166.70000000000002,5.462052609
166.8,5.608690217
166.9,5.754981262
167.0,5.900928
167.10000000000002,6.046566893
167.20000000000002,6.192071222
167.3,6.337648474
167.4,6.483506137
167.5,6.629851697
167.60000000000002,6.776892642
167.70000000000002,6.924836457
167.8,7.073890631
167.9,7.224262649
168.0,7.37616
168.10000000000002,7.529616887
168.20000000000002,7.683974389
168.3,7.838400301
168.4,7.992062419
168.5,8.144128538
168.60000000000002,8.293766454
168.70000000000002,8.440143962
168.8,8.582428859
168.9,8.71978894
169.0,8.851392
169.10000000000002,8.976662422
169.20000000000002,9.096050933
169.3,9.210264849
169.4,9.320011483
169.5,9.425998151
169.60000000000002,9.528932167
169.70000000000002,9.629520845
169.8,9.7284715
169.9,9.826491447
170.0,9.924288
170.10000000000002,10.02238597
170.20000000000002,10.12058015
170.3,10.21848283
170.4,10.3157063
170.5,10.41186286
170.60000000000002,10.50656478
170.70000000000002,10.59942437
170.8,10.69005391
170.9,10.77806569
171.0,10.863072
171.10000000000002,10.94475623
171.20000000000002,11.02308613
171.3,11.09810056
171.4,11.16983837
171.5,11.23833842
171.60000000000002,11.30363955
171.70000000000002,11.36578062
171.8,11.42480048
171.9,11.48073799
172.0,11.533632
172.10000000000002,11.58341949
172.20000000000002,11.62962995
172.3,11.67169102
172.4,11.70903032
172.5,11.74107548
172.60000000000002,11.76725411
172.70000000000002,11.78699386
172.8,11.79972234
172.9,11.80486718
173.0,11.801856
173.10000000000002,11.79040812
173.20000000000002,11.7714096
173.3,11.74603819
173.4,11.71547163
173.5,11.68088767
173.60000000000002,11.64346406
173.70000000000002,11.60437854
173.8,11.56480886
173.9,11.52593276
174.0,11.488928
174.10000000000002,11.45471212
174.20000000000002,11.42316183
174.3,11.39389368
174.4,11.36652417
174.5,11.34066983
174.60000000000002,11.31594719
174.70000000000002,11.29197276
174.8,11.26836307
174.9,11.24473465
175.0,11.220704
175.10000000000002,11.19605564
175.20000000000002,11.17124597
175.3,11.14689938
175.4,11.12364026
175.5,11.10209299
175.60000000000002,11.08288196
175.70000000000002,11.06663156
175.8,11.05396618
175.9,11.04551019
176.0,11.041888
176.10000000000002,11.04349109
176.20000000000002,11.04977941
176.3,11.05998
176.4,11.07331992
176.5,11.08902621
176.60000000000002,11.10632592
176.70000000000002,11.12444611
176.8,11.14261382
176.9,11.1600561
177.0,11.176
177.10000000000002,11.189855
177.20000000000002,11.2017603
177.3,11.21203751
177.4,11.22100827
177.5,11.22899418
177.60000000000002,11.23631688
177.70000000000002,11.24329799
177.8,11.25025913
177.9,11.25752193
178.0,11.265408
178.10000000000002,11.27414448
178.20000000000002,11.28358054
178.3,11.29347087
178.4,11.30357015
178.5,11.31363306
178.60000000000002,11.32341428
178.70000000000002,11.33266851
178.8,11.34115041
178.9,11.34861468
179.0,11.354816
179.10000000000002,11.35974928
179.20000000000002,11.36437039
179.3,11.36987541
179.4,11.37746045
179.5,11.38832158
179.60000000000002,11.40365491
179.70000000000002,11.42465652
179.8,11.45252251
179.9,11.48844897
180.0,11.533632
180.10000000000002,11.58866946
180.20000000000002,11.65176631
180.3,11.7205293
180.4,11.79256516
180.5,11.86548063
180.60000000000002,11.93688245
180.70000000000002,12.00437735
180.8,12.06557209
180.9,12.11807339
181.0,12.159488
181.10000000000002,12.18783186
181.20000000000002,12.20275778
181.3,12.20432775
181.4,12.1926038
181.5,12.16764792
181.60000000000002,12.12952213
181.70000000000002,12.07828843
181.8,12.01400884
181.9,11.93674536
182.0,11.84656
182.10000000000002,11.74399609
182.20000000000002,11.6315222
182.3,11.51208824
182.4,11.38864411
182.5,11.2641397
182.60000000000002,11.14152492
182.70000000000002,11.02374965
182.8,10.91376382
182.9,10.8145173
183.0,10.72896
183.10000000000002,10.65891436
183.20000000000002,10.60169295
183.3,10.55348089
183.4,10.5104633
183.5,10.46882529
183.60000000000002,10.42475197
183.70000000000002,10.37442847
183.8,10.3140399
183.9,10.23977137
184.0,10.147808
184.10000000000002,10.0355918
184.20000000000002,9.905592345
184.3,9.761536107
184.4,9.607149556
184.5,9.446159161
184.60000000000002,9.282291393
184.70000000000002,9.119272723
184.8,8.960829621
184.9,8.810688556
185.0,8.672576
185.10000000000002,8.549358189
185.20000000000002,8.440460423
185.3,8.34444777
185.4,8.259885297
185.5,8.185338071
185.60000000000002,8.11937116
185.70000000000002,8.06054963
185.8,8.007438549
185.9,7.958602983
186.0,7.912608
186.10000000000002,7.86841455
186.20000000000002,7.826567115
186.3,7.788006061
186.4,7.753671752
186.5,7.724504553
186.60000000000002,7.70144483
186.70000000000002,7.685432949
186.8,7.677409273
186.9,7.678314168
187.0,7.689088
187.10000000000002,7.710216059
187.20000000000002,7.74036334
187.3,7.777739763
187.4,7.820555248
187.5,7.867019716
187.60000000000002,7.915343086
187.70000000000002,7.96373528
187.8,8.010406216
187.9,8.053565816
188.0,8.091424
188.10000000000002,8.122721021
188.20000000000002,8.148318468
188.3,8.169608263
188.4,8.187982327
188.5,8.204832583
188.60000000000002,8.221550952
188.70000000000002,8.239529357
188.8,8.260159718
188.9,8.284833959
189.0,8.314944
189.10000000000002,8.351601328
189.20000000000002,8.394795683
189.3,8.444236369
189.4,8.49963269
189.5,8.560693951
189.60000000000002,8.627129456
189.70000000000002,8.69864851
189.8,8.774960415
189.9,8.855774477
190.0,8.9408
190.10000000000002,9.029711843
190.20000000000002,9.122047089
190.3,9.217308374
190.4,9.314998336
190.5,9.414619611
190.60000000000002,9.515674838
190.70000000000002,9.617666653
190.8,9.720097693
190.9,9.822470597
191.0,9.924288
191.10000000000002,10.02520253
191.20000000000002,10.12546678
191.3,10.22548332
191.4,10.32565474
191.5,10.4263836
191.60000000000002,10.5280725
191.70000000000002,10.63112402
191.8,10.73594072
191.9,10.84292518
192.0,10.95248
192.10000000000002,11.06493397
192.20000000000002,11.18032081
192.3,11.29860046
192.4,11.41973287
192.5,11.54367797
192.60000000000002,11.67039572
192.70000000000002,11.79984605
192.8,11.93198892
192.9,12.06678425
193.0,12.204192
193.10000000000002,12.34409369
193.20000000000002,12.48605716
193.3,12.62957183
193.4,12.77412714
193.5,12.9192125
193.60000000000002,13.06431735
193.70000000000002,13.20893109
193.8,13.35254317
193.9,13.494643
194.0,13.63472
194.10000000000002,13.77242754
194.20000000000002,13.90807469
194.3,14.04213448
194.4,14.17507991
194.5,14.30738401
194.60000000000002,14.43951978
194.70000000000002,14.57196026
194.8,14.70517844
194.9,14.83964735
195.0,14.97584
195.10000000000002,15.11387562
195.20000000000002,15.25245829
195.3,15.38993829
195.4,15.52466592
195.5,15.65499146
195.60000000000002,15.77926521
195.70000000000002,15.89583745
195.8,16.00305847
195.9,16.09927855
196.0,16.182848
196.10000000000002,16.25283187
196.20000000000002,16.3111543
196.3,16.36045421
196.4,16.40337051
196.5,16.44254213
196.60000000000002,16.48060798
196.70000000000002,16.52020698
196.8,16.56397803
196.9,16.61456007
197.0,16.674592
197.10000000000002,16.7459062
197.20000000000002,16.82710885
197.3,16.9159996
197.4,17.01037811
197.5,17.108044
197.60000000000002,17.20679694
197.70000000000002,17.30443656
197.8,17.39876252
197.9,17.48757445
198.0,17.568672
198.10000000000002,17.64048866
198.20000000000002,17.70399329
198.3,17.76078857
198.4,17.81247719
198.5,17.86066186
198.60000000000002,17.90694525
198.70000000000002,17.95293007
198.8,18.00021901
198.9,18.05041475
199.0,18.10512
199.10000000000002,18.16550504
199.20000000000002,18.23101054
199.3,18.30064478
199.4,18.37341603
199.5,18.44833257
199.60000000000002,18.52440265
199.70000000000002,18.60063457
199.8,18.67603658
199.9,18.74961697
200.0,18.820384
200.10000000000002,18.88763705
200.20000000000002,18.95183988
200.3,19.01374738
200.4,19.07411442
200.5,19.13369588
200.60000000000002,19.19324662
200.70000000000002,19.25352153
200.8,19.31527548
200.9,19.37926335
201.0,19.44624
201.10000000000002,19.51667536
201.20000000000002,19.58989951
201.3,19.66495757
201.4,19.74089466
201.5,19.81675592
201.60000000000002,19.89158647
201.70000000000002,19.96443142
201.8,20.03433591
201.9,20.10034507
202.0,20.161504
202.10000000000002,20.21712542
202.20000000000002,20.26759237
202.3,20.31355544
202.4,20.35566526
202.5,20.39457243
202.60000000000002,20.43092757
202.70000000000002,20.46538128
202.8,20.49858419
202.9,20.53118689
203.0,20.56384
203.10000000000002,20.59707933
203.20000000000002,20.63098145
203.3,20.66550815
203.4,20.70062119
203.5,20.73628235
203.60000000000002,20.7724534
203.70000000000002,20.80909612
203.8,20.84617227
203.9,20.88364364
204.0,20.921472
204.10000000000002,20.95954254
204.20000000000002,20.99743413
204.3,21.03464908
204.4,21.07068966
204.5,21.10505817
204.60000000000002,21.13725691
204.70000000000002,21.16678818
204.8,21.19315425
204.9,21.21585742
205.0,21.2344
205.10000000000002,21.24843717
205.20000000000002,21.25823574
205.3,21.26421542
205.4,21.26679592
205.5,21.26639696
205.60000000000002,21.26343824
205.70000000000002,21.25833947
205.8,21.25152037
205.9,21.24340064
206.0,21.2344
206.10000000000002,21.22489487
206.20000000000002,21.21508851
206.3,21.20514093
206.4,21.19521209
206.5,21.18546199
206.60000000000002,21.17605061
206.70000000000002,21.16713794
206.8,21.15888395
206.9,21.15144865
207.0,21.144992
207.10000000000002,21.13960484
207.20000000000002,21.13510134
207.3,21.13122654
207.4,21.12772544
207.5,21.12434308
207.60000000000002,21.12082447
207.70000000000002,21.11691464
207.8,21.1123586
207.9,21.10690138
208.0,21.100288
208.10000000000002,21.09235989
208.20000000000002,21.08334413
208.3,21.07356418
208.4,21.06334354
208.5,21.05300569
208.60000000000002,21.0428741
208.70000000000002,21.03327225
208.8,21.02452363
208.9,21.01695172
209.0,21.01088
209.10000000000002,21.00653899
209.20000000000002,21.00378737
209.3,21.00239088
209.4,21.00211524
209.5,21.00272617
209.60000000000002,21.00398942
209.70000000000002,21.00567069
209.8,21.00753573
209.9,21.00935026
210.0,21.01088
210.10000000000002,21.01194259
210.20000000000002,21.01256329
210.3,21.01281925
210.4,21.01278764
210.5,21.01254562
210.60000000000002,21.01217035
210.70000000000002,21.01173899
210.8,21.01132871
210.9,21.01101666
211.0,21.01088
211.10000000000002,21.01097065
211.20000000000002,21.01123948
211.3,21.01161212
211.4,21.0120142
211.5,21.01237134
211.60000000000002,21.01260918
211.70000000000002,21.01265334
211.8,21.01242944
211.9,21.01186312
212.0,21.01088
212.10000000000002,21.00945482
212.20000000000002,21.00775881
212.3,21.00601228
212.4,21.00443557
212.5,21.00324901
212.60000000000002,21.00267292
212.70000000000002,21.00292765
212.8,21.00423352
212.9,21.00681086
213.0,21.01088
213.10000000000002,21.01657947
213.20000000000002,21.02372056
213.3,21.03203279
213.4,21.04124565
213.5,21.05108863
213.60000000000002,21.06129125
213.70000000000002,21.071583
213.8,21.08169337
213.9,21.09135187
214.0,21.100288
214.10000000000002,21.10833054
214.20000000000002,21.11570544
214.3,21.12273791
214.4,21.12975317
214.5,21.13707646
214.60000000000002,21.14503299
214.70000000000002,21.15394798
214.8,21.16414667
214.9,21.17595426
215.0,21.189696
215.10000000000002,21.20560527
215.20000000000002,21.22354818
215.3,21.24329901
215.4,21.26463204
215.5,21.28732154
215.60000000000002,21.3111418
215.70000000000002,21.3358671
215.8,21.36127171
215.9,21.38712992
216.0,21.413216
216.10000000000002,21.43934872
216.20000000000002,21.46552481
216.3,21.49178548
216.4,21.51817193
216.5,21.54472538
216.60000000000002,21.57148704
216.70000000000002,21.59849812
216.8,21.62579984
216.9,21.65343339
217.0,21.68144
217.10000000000002,21.70981945
217.20000000000002,21.73840581
217.3,21.76699174
217.4,21.7953699
217.5,21.82333292
217.60000000000002,21.85067348
217.70000000000002,21.87718421
217.8,21.90265777
217.9,21.92688682
218.0,21.949664
218.10000000000002,21.97085848
218.20000000000002,21.99064548
218.3,22.00927673
218.4,22.02700397
218.5,22.04407892
218.60000000000002,22.06075331
218.70000000000002,22.07727889
218.8,22.09390737
218.9,22.1108905
219.0,22.12848
219.10000000000002,22.1468865
219.20000000000002,22.1661562
219.3,22.18629419
219.4,22.20730556
219.5,22.2291954
219.60000000000002,22.25196882
219.70000000000002,22.27563089
219.8,22.30018672
219.9,22.32564139
220.0,22.352
220.10000000000002,22.37922144
220.20000000000002,22.40707981
220.3,22.435303
220.4,22.46361892
220.5,22.49175546
220.60000000000002,22.51944053
220.70000000000002,22.54640202
220.8,22.57236783
220.9,22.59706585
221.0,22.620224
221.10000000000002,22.64166195
221.20000000000002,22.66156656
221.3,22.68021647
221.4,22.69789031
221.5,22.71486674
221.60000000000002,22.73142439
221.70000000000002,22.74784189
221.8,22.76439791
221.9,22.78137106
222.0,22.79904
222.10000000000002,22.81763063
222.20000000000002,22.83715789
222.3,22.85758399
222.4,22.87887115
222.5,22.90098158
222.60000000000002,22.92387748
222.70000000000002,22.94752106
222.8,22.97187453
222.9,22.99690011
223.0,23.02256
223.10000000000002,23.04884617
223.20000000000002,23.0758696
223.3,23.10377105
223.4,23.13269125
223.5,23.16277095
223.60000000000002,23.19415089
223.70000000000002,23.22697182
223.8,23.26137449
223.9,23.29749963
224.0,23.335488
224.10000000000002,23.37541405
224.20000000000002,23.4170871
224.3,23.46025019
224.4,23.50464635
224.5,23.55001863
224.60000000000002,23.59611006
224.70000000000002,23.64266367
224.8,23.68942251
224.9,23.73612961
225.0,23.782528
225.10000000000002,23.82837259
225.20000000000002,23.87346572
225.3,23.91762161
225.4,23.96065447
225.5,24.00237852
225.60000000000002,24.04260797
225.70000000000002,24.08115703
225.8,24.11783991
225.9,24.15247083
226.0,24.184864
226.10000000000002,24.21489717
226.20000000000002,24.24270225
226.3,24.26847466
226.4,24.29240986
226.5,24.31470328
226.60000000000002,24.33555035
226.70000000000002,24.35514652
226.8,24.37368723
226.9,24.39136791
227.0,24.408384
227.10000000000002,24.42488845
227.20000000000002,24.44086424
227.3,24.45625183
227.4,24.47099172
227.5,24.48502438
227.60000000000002,24.49829028
227.70000000000002,24.51072992
227.8,24.52228376
227.9,24.5328923
228.0,24.542496
228.10000000000002,24.55105238
228.20000000000002,24.55858704
228.3,24.56514264
228.4,24.57076182
228.5,24.57548722
228.60000000000002,24.57936148
228.70000000000002,24.58242724
228.8,24.58472716
228.9,24.58630386
229.0,24.5872
229.10000000000002,24.5874326
229.20000000000002,24.58691623
229.3,24.58553983
229.4,24.58319235
229.5,24.57976275
229.60000000000002,24.57513997
229.70000000000002,24.56921295
229.8,24.56187065
229.9,24.55300202
230.0,24.542496
230.10000000000002,24.53032698
230.20000000000002,24.51681109
230.3,24.50234988
230.4,24.48734492
230.5,24.47219778
230.60000000000002,24.45731002
230.70000000000002,24.4430832
230.8,24.42991888
230.9,24.41821863
231.0,24.408384
231.10000000000002,24.40072396
231.20000000000002,24.39517703
231.3,24.39158913
231.4,24.38980619
231.5,24.38967411
231.60000000000002,24.39103883
231.70000000000002,24.39374626
231.8,24.39764231
231.9,24.40257292
232.0,24.408384
232.10000000000002,24.41493824
232.20000000000002,24.4221654
232.3,24.43001202
232.4,24.43842463
232.5,24.44734977
232.60000000000002,24.45673396
232.70000000000002,24.46652375
232.8,24.47666566
232.9,24.48710623
233.0,24.497792
233.10000000000002,24.50869502
233.20000000000002,24.5198895
233.3,24.53147514
233.4,24.54355167
233.5,24.55621882
233.60000000000002,24.5695763
233.70000000000002,24.58372384
233.8,24.59876115
233.9,24.61478797
234.0,24.631904
234.10000000000002,24.65013479
234.20000000000002,24.6692091
234.3,24.68878151
234.4,24.7085066
234.5,24.72803896
234.60000000000002,24.74703316
234.70000000000002,24.76514378
234.8,24.78202541
234.9,24.79733262
235.0,24.81072
235.10000000000002,24.82197924
235.20000000000002,24.83145051
235.3,24.83961109
235.4,24.84693828
235.5,24.85390935
235.60000000000002,24.86100159
235.70000000000002,24.86869229
235.8,24.87745874
235.9,24.88777821
236.0,24.900128
236.10000000000002,24.91482404
236.20000000000002,24.93153685
236.3,24.9497756
236.4,24.96904948
236.5,24.98886765
236.60000000000002,25.00873929
236.70000000000002,25.02817357
236.8,25.04667967
236.9,25.06376675
237.0,25.078944
237.10000000000002,25.09187124
237.20000000000002,25.10281094
237.3,25.11217623
237.4,25.12038022
237.5,25.12783605
237.60000000000002,25.13495683
237.70000000000002,25.14215569
237.8,25.14984576
237.9,25.15844015
238.0,25.168352
238.10000000000002,25.17986607
238.20000000000002,25.19275371
238.3,25.20665794
238.4,25.22122175
238.5,25.23608815
238.60000000000002,25.25090013
238.70000000000002,25.26530071
238.8,25.27893287
238.9,25.29143964
239.0,25.302464
239.10000000000002,25.31174349
239.20000000000002,25.31939378
239.3,25.32562506
239.4,25.33064752
239.5,25.33467136
239.60000000000002,25.33790677
239.70000000000002,25.34056394
239.8,25.34285308
239.9,25.34498436
240.0,25.347168
240.10000000000002,25.34954322
240.20000000000002,25.35196543
240.3,25.35421906
240.4,25.35608858
240.5,25.35735842
240.60000000000002,25.35781302
240.70000000000002,25.35723684
240.8,25.35541431
240.9,25.35212988
241.0,25.347168
241.10000000000002,25.340413
241.20000000000002,25.3321488
241.3,25.32275919
241.4,25.31262798
241.5,25.30213897
241.60000000000002,25.29167597
241.70000000000002,25.28162276
241.8,25.27236317
241.9,25.26428098
242.0,25.25776
242.10000000000002,25.25307894
242.20000000000002,25.25009614
242.3,25.24856483
242.4,25.24823827
242.5,25.24886969
242.60000000000002,25.25021233
242.70000000000002,25.25201944
242.8,25.25404426
242.9,25.25604003
243.0,25.25776
243.10000000000002,25.25900966
243.20000000000002,25.25980354
243.3,25.26020842
243.4,25.26029107
243.5,25.26011828
243.60000000000002,25.25975683
243.70000000000002,25.2592735
243.8,25.25873506
243.9,25.2582083
244.0,25.25776
244.10000000000002,25.25744241
244.20000000000002,25.2572497
244.3,25.2571615
244.4,25.25715745
244.5,25.25721719
244.60000000000002,25.25732035
244.70000000000002,25.25744658
244.8,25.2575755
244.9,25.25768676
245.0,25.25776
245.10000000000002,25.25778069
245.20000000000002,25.25775765
245.3,25.25770557
245.4,25.25763912
245.5,25.25757295
245.60000000000002,25.25752175
245.70000000000002,25.25750019
245.8,25.25752293
245.9,25.25760464
246.0,25.25776
246.10000000000002,25.25799484
246.20000000000002,25.25827968
246.3,25.2585762
246.4,25.25884608
246.5,25.259051
246.60000000000002,25.25915263
246.70000000000002,25.25911267
246.8,25.25889279
246.9,25.25845467
247.0,25.25776
247.10000000000002,25.25675523
247.20000000000002,25.25532598
247.3,25.25334261
247.4,25.25067551
247.5,25.24719506
247.60000000000002,25.24277165
247.70000000000002,25.23727566
247.8,25.23057746
247.9,25.22254745
248.0,25.213056
248.10000000000002,25.20204319
248.20000000000002,25.1897279
248.3,25.17639869
248.4,25.16234412
248.5,25.14785276
248.60000000000002,25.13321319
248.70000000000002,25.11871396
248.8,25.10464364
248.9,25.0912908
249.0,25.078944
249.10000000000002,25.06776235
249.20000000000002,25.05738712
249.3,25.0473301
249.4,25.03710309
249.5,25.02621788
249.60000000000002,25.01418629
249.70000000000002,25.0005201
249.8,24.98473113
249.9,24.96633116
250.0,24.944832
250.10000000000002,24.91992537
250.20000000000002,24.89202269
250.3,24.86171529
250.4,24.82959451
250.5,24.7962517
250.60000000000002,24.7622782
250.70000000000002,24.72826534
250.8,24.69480446
250.9,24.6624869
251.0,24.631904
251.10000000000002,24.60350391
251.20000000000002,24.57716201
251.3,24.55261048
251.4,24.52958152
251.5,24.5078073
251.60000000000002,24.48702002
251.70000000000002,24.46695186
251.8,24.44733502
251.9,24.42790167
252.0,24.408384
252.10000000000002,24.38859412
252.20000000000002,24.36866381
252.3,24.34880474
252.4,24.3292286
252.5,24.31014709
252.60000000000002,24.2917719
252.70000000000002,24.2743147
252.8,24.2579872
252.9,24.24300107
253.0,24.229568
253.10000000000002,24.21781262
253.20000000000002,24.20751128
253.3,24.19835326
253.4,24.19002784
253.5,24.18222432
253.60000000000002,24.17463197
253.70000000000002,24.16694008
253.8,24.15883793
253.9,24.15001481
254.0,24.14016
254.10000000000002,24.12905232
254.20000000000002,24.11682874
254.3,24.10371576
254.4,24.08993989
254.5,24.07572762
254.60000000000002,24.06130547
254.70000000000002,24.04689992
254.8,24.0327375
254.9,24.01904469
255.0,24.006048
255.10000000000002,23.99397108
255.20000000000002,23.98302617
255.3,23.97342263
255.4,23.96536984
255.5,23.95907718
255.60000000000002,23.95475403
255.70000000000002,23.95260976
255.8,23.95285375
255.9,23.95569537
256.0,23.961344
256.1,23.96988619
256.2,23.98091721
256.3,23.9939095
256.40000000000003,24.0083355
256.5,24.02366764
256.6,24.03937837
256.7,24.05494013
256.8,24.06982537
256.90000000000003,24.08350651
257.0,24.095456
257.1,24.1052828
257.2,24.1131419
257.3,24.11932484
257.40000000000003,24.12412312
257.5,24.12782826
257.6,24.13073178
257.7,24.13312519
257.8,24.13530002
257.90000000000003,24.13754779
258.0,24.14016
258.1,24.14336258
258.2,24.14711907
258.3,24.1513274
258.40000000000003,24.15588551
258.5,24.16069134
258.6,24.16564281
258.7,24.17063788
258.8,24.17557448
258.90000000000003,24.18035054
259.0,24.184864
259.1,24.18900456
259.2,24.19262897
259.3,24.19558574
259.40000000000003,24.19772338
259.5,24.1988904
259.6,24.1989353
259.7,24.19770661
259.8,24.19505282
259.90000000000003,24.19082244
260.0,24.184864
260.1,24.17707984
260.2,24.16758769
260.3,24.15655913
260.40000000000003,24.14416573
260.5,24.13057907
260.6,24.11597073
260.7,24.10051227
260.8,24.08437528
260.90000000000003,24.06773133
261.0,24.050752
261.1,24.03358054
261.2,24.0162469
261.3,23.99875273
261.40000000000003,23.98109966
261.5,23.96328932
261.6,23.94532336
261.7,23.92720342
261.8,23.90893111
261.90000000000003,23.8905081
262.0,23.871936
262.1,23.8532312
262.2,23.83446907
262.3,23.81573969
262.40000000000003,23.79713318
262.5,23.77873964
262.6,23.76064916
262.7,23.74295186
262.8,23.72573783
262.90000000000003,23.70909718
263.0,23.69312
263.1,23.67782105
263.2,23.66291363
263.3,23.6480357
263.40000000000003,23.63282522
263.5,23.61692013
263.6,23.59995839
263.7,23.58157795
263.8,23.56141677
263.90000000000003,23.5391128
264.0,23.514304
264.1,23.4868703
264.2,23.45765958
264.3,23.42776169
264.40000000000003,23.3982665
264.5,23.37026386
264.6,23.34484363
264.7,23.32309567
264.8,23.30610984
264.90000000000003,23.294976
265.0,23.290784
265.1,23.29417817
265.2,23.30402066
265.3,23.31872812
265.40000000000003,23.33671717
265.5,23.35640443
265.6,23.37620654
265.7,23.39454012
265.8,23.40982181
265.90000000000003,23.42046822
266.0,23.424896
266.1,23.42198904
266.2,23.41250033
266.3,23.39765014
266.40000000000003,23.37865875
266.5,23.35674642
266.6,23.33313341
266.7,23.30904
266.8,23.28568644
266.90000000000003,23.26429302
267.0,23.24608
267.1,23.23196169
267.2,23.22162858
267.3,23.21446522
267.40000000000003,23.20985615
267.5,23.2071859
267.6,23.20583902
267.7,23.20520005
267.8,23.20465353
267.90000000000003,23.203584
268.0,23.201376
268.1,23.19754476
268.2,23.19212826
268.3,23.18529518
268.40000000000003,23.17721419
268.5,23.16805398
268.6,23.1579832
268.7,23.14717054
268.8,23.13578467
268.90000000000003,23.12399427
269.0,23.111968
269.1,23.09988127
269.2,23.08793633
269.3,23.07634219
269.40000000000003,23.06530781
269.5,23.05504219
269.6,23.04575432
269.7,23.03765318
269.8,23.03094775
269.90000000000003,23.02584703
270.0,23.02256
270.1,23.02122749
270.2,23.0217177
270.3,23.0238307
270.40000000000003,23.02736653
270.5,23.03212525
270.6,23.03790691
270.7,23.04451156
270.8,23.05173926
270.90000000000003,23.05939005
271.0,23.067264
271.1,23.07520353
271.2,23.08322063
271.3,23.09136963
271.40000000000003,23.09970491
271.5,23.1082808
271.6,23.11715167
271.7,23.12637187
271.8,23.13599576
271.90000000000003,23.14607768
272.0,23.156672
272.1,23.16782109
272.2,23.17951946
272.3,23.19174964
272.40000000000003,23.20449416
272.5,23.21773554
272.6,23.23145632
272.7,23.24563902
272.8,23.26026619
272.90000000000003,23.27532034
273.0,23.290784
273.1,23.30664521
273.2,23.32291399
273.3,23.33960587
273.40000000000003,23.35673638
273.5,23.37432104
273.6,23.39237537
273.7,23.41091491
273.8,23.42995517
273.90000000000003,23.4495117
274.0,23.4696
274.1,23.49022558
274.2,23.51135384
274.3,23.53294014
274.40000000000003,23.55493984
274.5,23.57730831
274.6,23.60000092
274.7,23.62297302
274.8,23.64617999
274.90000000000003,23.6695772
275.0,23.69312
275.1,23.71675367
275.2,23.74038309
275.3,23.76390304
275.40000000000003,23.78720833
275.5,23.81019372
275.6,23.83275402
275.7,23.85478401
275.8,23.87617848
275.90000000000003,23.89683221
276.0,23.91664
276.1,23.93559174
276.2,23.95405781
276.3,23.97250369
276.40000000000003,23.99139485
276.5,24.01119679
276.6,24.03237499
276.7,24.05539492
276.8,24.08072208
276.90000000000003,24.10882195
277.0,24.14016
277.1,24.17501017
277.2,24.2128802
277.3,24.25308624
277.40000000000003,24.29494449
277.5,24.33777111
277.6,24.38088228
277.7,24.42359418
277.8,24.46522298
277.90000000000003,24.50508486
278.0,24.542496
278.1,24.57690721
278.2,24.60830787
278.3,24.63682201
278.40000000000003,24.66257364
278.5,24.68568678
278.6,24.70628547
278.7,24.72449371
278.8,24.74043553
278.90000000000003,24.75423495
279.0,24.766016
279.1,24.77595801
279.2,24.78446163
279.3,24.79198282
279.40000000000003,24.79897755
279.5,24.80590176
279.6,24.81321144
279.7,24.82136254
279.8,24.83081102
279.90000000000003,24.84201286
280.0,24.855424
280.1,24.8713233
280.2,24.88928112
280.3,24.9086907
280.40000000000003,24.9289453
280.5,24.94943816
280.6,24.96956253
280.7,24.98871165
280.8,25.00627877
280.90000000000003,25.02165714
281.0,25.03424
281.1,25.04358201
281.2,25.04988347
281.3,25.05350608
281.40000000000003,25.05481155
281.5,25.05416159
281.6,25.0519179
281.7,25.04844219
281.8,25.04409617
281.90000000000003,25.03924153
282.0,25.03424
282.1,25.02934238
282.2,25.02435594
282.3,25.01897706
282.40000000000003,25.01290211
282.5,25.00582747
282.6,24.99744951
282.7,24.98746461
282.8,24.97556914
282.90000000000003,24.96145948
283.0,24.944832
283.1,24.92548641
283.2,24.90363573
283.3,24.87959629
283.40000000000003,24.85368444
283.5,24.82621653
283.6,24.7975089
283.7,24.76787788
283.8,24.73763983
283.90000000000003,24.70711109
284.0,24.676608
284.1,24.646368
284.2,24.61631292
284.3,24.58628568
284.40000000000003,24.5561292
284.5,24.5256864
284.6,24.49480022
284.7,24.46331356
284.8,24.43106936
284.90000000000003,24.39791053
285.0,24.36368
285.1,24.32825416
285.2,24.29164329
285.3,24.25389112
285.40000000000003,24.21504139
285.5,24.17513786
285.6,24.13422426
285.7,24.09234433
285.8,24.04954181
285.90000000000003,24.00586046
286.0,23.961344
286.1,23.91602591
286.2,23.86989858
286.3,23.8229441
286.40000000000003,23.77514459
286.5,23.72648217
286.6,23.67693892
286.7,23.62649698
286.8,23.57513843
286.90000000000003,23.52284541
287.0,23.4696
287.1,23.41552606
287.2,23.36131434
287.3,23.30779734
287.40000000000003,23.25580756
287.5,23.20617748
287.6,23.15973961
287.7,23.11732643
287.8,23.07977044
287.90000000000003,23.04790413
288.0,23.02256
288.1,23.00428212
288.2,22.99246083
288.3,22.98619808
288.40000000000003,22.9845958
288.5,22.98675591
288.6,22.99178035
288.7,22.99877105
288.8,23.00682993
288.90000000000003,23.01505894
289.0,23.02256
289.1,23.02859764
289.2,23.03308681
289.3,23.03610504
289.40000000000003,23.03772988
289.5,23.03803887
289.6,23.03710955
289.7,23.03501946
289.8,23.03184615
289.90000000000003,23.02766714
290.0,23.02256
290.1,23.0165085
290.2,23.0091214
290.3,22.99991371
290.40000000000003,22.98840044
290.5,22.9740966
290.6,22.95651719
290.7,22.93517722
290.8,22.90959169
290.90000000000003,22.87927562
291.0,22.843744
291.1,22.80281368
291.2,22.75750881
291.3,22.70915537
291.40000000000003,22.65907935
291.5,22.60860672
291.6,22.55906348
291.7,22.51177561
291.8,22.46806908
291.90000000000003,22.42926988
292.0,22.396704
292.1,22.37134382
292.2,22.35274736
292.3,22.34011904
292.40000000000003,22.33266328
292.5,22.3295845
292.6,22.33008712
292.7,22.33337556
292.8,22.33865424
292.90000000000003,22.34512758
293.0,22.352
293.1,22.35860498
293.2,22.36479223
293.3,22.37054051
293.40000000000003,22.3758286
293.5,22.38063526
293.6,22.38493926
293.7,22.38871937
293.8,22.39195435
293.90000000000003,22.39462297
294.0,22.396704
294.1,22.39814768
294.2,22.39879015
294.3,22.39843903
294.40000000000003,22.39690192
294.5,22.39398644
294.6,22.38950021
294.7,22.38325083
294.8,22.37504593
294.90000000000003,22.36469312
295.0,22.352
295.1,22.33689335
295.2,22.31977657
295.3,22.30117221
295.40000000000003,22.28160283
295.5,22.26159097
295.6,22.2416592
295.7,22.22233006
295.8,22.20412611
295.90000000000003,22.18756991
296.0,22.173184
296.1,22.16135577
296.2,22.15193191
296.3,22.14462393
296.40000000000003,22.13914334
296.5,22.13520167
296.6,22.13251042
296.7,22.13078112
296.8,22.12972527
296.90000000000003,22.12905439
297.0,22.12848
297.1,22.12777751
297.2,22.12697797
297.3,22.1261763
297.40000000000003,22.12546744
297.5,22.12494634
297.6,22.12470794
297.7,22.12484716
297.8,22.12545895
297.90000000000003,22.12663825
298.0,22.12848
298.1,22.13100339
298.2,22.13392467
298.3,22.13688436
298.40000000000003,22.13952295
298.5,22.14148095
298.6,22.14239888
298.7,22.14191724
298.8,22.13967654
298.90000000000003,22.13531729
299.0,22.12848
299.1,22.11891011
299.2,22.10677281
299.3,22.09233825
299.40000000000003,22.07587655
299.5,22.05765785
299.6,22.03795228
299.7,22.01702998
299.8,21.99516107
299.90000000000003,21.9726157
300.0,21.949664
300.1,21.92654501
300.2,21.90337345
300.3,21.88023296
300.40000000000003,21.85720715
300.5,21.83437965
300.6,21.81183411
300.7,21.78965414
300.8,21.76792338
300.90000000000003,21.74672546
301.0,21.726144
301.1,21.70619263
301.2,21.68660492
301.3,21.66704446
301.40000000000003,21.6471748
301.5,21.62665953
301.6,21.60516222
301.7,21.58234644
301.8,21.55787576
301.90000000000003,21.53141376
302.0,21.502624
302.1,21.47125766
302.2,21.43741633
302.3,21.40128919
302.40000000000003,21.36306542
302.5,21.32293421
302.6,21.28108475
302.7,21.23770621
302.8,21.19298778
302.90000000000003,21.14711865
303.0,21.100288
303.1,21.05267284
303.2,21.00440149
303.3,20.95559008
303.40000000000003,20.90635474
303.5,20.85681162
303.6,20.80707684
303.7,20.75726656
303.8,20.7074969
303.90000000000003,20.657884
304.0,20.608544
304.1,20.55955413
304.2,20.51083601
304.3,20.46227236
304.40000000000003,20.41374589
304.5,20.36513932
304.6,20.31633537
304.7,20.26721674
304.8,20.21766616
304.90000000000003,20.16756634
305.0,20.1168
305.1,20.06528353
305.2,20.01306803
305.3,19.96023827
305.40000000000003,19.90687904
305.5,19.8530751
305.6,19.79891123
305.7,19.74447221
305.8,19.68984282
305.90000000000003,19.63510782
306.0,19.580352
306.1,19.52565373
306.2,19.47106583
306.3,19.41663468
306.40000000000003,19.3624067
306.5,19.30842829
306.6,19.25474585
306.7,19.2014058
306.8,19.14845454
306.90000000000003,19.09593847
307.0,19.043904
307.1,18.99238943
307.20000000000005,18.9414007
307.3,18.89093562
307.40000000000003,18.84099203
307.5,18.79156775
307.6,18.74266061
307.70000000000005,18.69426844
307.8,18.64638906
307.90000000000003,18.59902031
308.0,18.55216
308.1,18.50571064
308.20000000000005,18.45919339
308.3,18.41203409
308.40000000000003,18.36365858
308.5,18.3134927
308.6,18.26096228
308.70000000000005,18.20549316
308.8,18.14651119
308.90000000000003,18.08344219
309.0,18.015712
309.1,17.94300178
309.20000000000005,17.86601391
309.3,17.78570609
309.40000000000003,17.70303604
309.5,17.61896145
309.6,17.53444002
309.70000000000005,17.45042946
309.8,17.36788747
309.90000000000003,17.28777175
310.0,17.21104
310.1,17.13834987
310.20000000000005,17.06915879
310.3,17.00262413
310.40000000000003,16.93790324
310.5,16.87415351
310.6,16.81053229
310.70000000000005,16.74619696
310.8,16.68030489
310.90000000000003,16.61201345
311.0,16.54048
311.1,16.46513626
311.20000000000005,16.38651137
311.3,16.3054088
311.40000000000003,16.22263202
311.5,16.13898453
311.6,16.05526979
311.70000000000005,15.97229129
311.8,15.89085251
311.90000000000003,15.81175692
312.0,15.735808
312.1,15.66359304
312.20000000000005,15.59483451
312.3,15.5290387
312.40000000000003,15.4657119
312.5,15.40436038
312.6,15.34449043
312.70000000000005,15.28560834
312.8,15.22722038
312.90000000000003,15.16883284
313.0,15.109952
313.1,15.05022755
313.20000000000005,14.98988281
313.3,14.92928448
313.40000000000003,14.86879929
313.5,14.80879394
313.6,14.74963516
313.70000000000005,14.69168966
313.8,14.63532416
313.90000000000003,14.58090537
314.0,14.5288
314.1,14.47924088
314.20000000000005,14.4319252
314.3,14.38641626
314.40000000000003,14.34227738
314.5,14.29907184
314.6,14.25636296
314.70000000000005,14.21371404
314.8,14.17068837
314.90000000000003,14.12684925
315.0,14.08176
315.1,14.0351973
315.20000000000005,13.98779138
315.3,13.94038589
315.40000000000003,13.89382445
315.5,13.84895068
315.6,13.80660822
315.70000000000005,13.76764069
315.8,13.73289172
315.90000000000003,13.70320495
316.0,13.679424
316.1,13.66207519
316.20000000000005,13.65041557
316.3,13.64338491
316.40000000000003,13.63992295
316.5,13.63896944
316.6,13.63946414
316.70000000000005,13.6403468
316.8,13.64055716
316.90000000000003,13.63903497
317.0,13.63472
317.1,13.62675847
317.20000000000005,13.61512258
317.3,13.59999101
317.40000000000003,13.58154244
317.5,13.55995554
317.6,13.53540901
317.70000000000005,13.5080815
317.8,13.47815171
317.90000000000003,13.44579832
318.0,13.4112
318.1,13.37451854
318.20000000000005,13.33584814
318.3,13.29526611
318.40000000000003,13.25284975
318.5,13.20867638
318.6,13.16282329
318.70000000000005,13.1153678
318.8,13.06638722
318.90000000000003,13.01595885
319.0,12.96416
319.1,12.91097377
319.20000000000005,12.85600646
319.3,12.79877016
319.40000000000003,12.73877696
319.5,12.67553895
319.6,12.60856823
319.70000000000005,12.53737688
319.8,12.461477
319.90000000000003,12.38038067
320.0,12.2936
320.1,12.20072785
320.20000000000005,12.10168019
320.3,11.9964538
320.40000000000003,11.88504542
320.5,11.76745182
320.6,11.64366975
320.70000000000005,11.51369597
320.8,11.37752725
320.90000000000003,11.23516034
321.0,11.086592
321.1,10.93217123
321.20000000000005,10.77365601
321.3,10.61315654
321.40000000000003,10.45278307
321.5,10.29464579
321.6,10.14085492
321.70000000000005,9.993520695
321.8,9.85475332
321.90000000000003,9.726663016
322.0,9.61136
322.1,9.510314115
322.20000000000005,9.422433707
322.3,9.345986745
322.40000000000003,9.2792412
322.5,9.220465041
322.6,9.167926239
322.70000000000005,9.119892764
322.8,9.074632586
322.90000000000003,9.030413674
323.0,8.985504
323.1,8.938592628
323.20000000000005,8.890053006
323.3,8.840679674
323.40000000000003,8.791267174
323.5,8.742610049
323.6,8.69550284
323.70000000000005,8.650740089
323.8,8.609116337
323.90000000000003,8.571426127
324.0,8.538464
324.1,8.510651051
324.20000000000005,8.48691459
324.3,8.46580848
324.40000000000003,8.445886583
324.5,8.425702762
324.6,8.403810881
324.70000000000005,8.378764801
324.8,8.349118385
324.90000000000003,8.313425498
325.0,8.27024
325.1,8.218607294
325.20000000000005,8.159538936
325.3,8.094538022
325.40000000000003,8.025107645
325.5,7.952750901
325.6,7.878970885
325.70000000000005,7.805270692
325.8,7.733153417
325.90000000000003,7.664122155
326.0,7.59968
326.1,7.540720828
326.20000000000005,7.485701632
326.3,7.432470185
326.40000000000003,7.378874261
326.5,7.322761633
326.6,7.261980074
326.70000000000005,7.194377358
326.8,7.117801258
326.90000000000003,7.030099548
327.0,6.92912
327.1,6.813582835
327.20000000000005,6.685698057
327.3,6.548548119
327.40000000000003,6.405215471
327.5,6.258782567
327.6,6.112331858
327.70000000000005,5.968945794
327.8,5.831706829
327.90000000000003,5.703697414
328.0,5.588
328.1,5.486738746
328.20000000000005,5.398204637
328.3,5.319730365
328.40000000000003,5.248648621
328.5,5.182292098
328.6,5.117993487
328.70000000000005,5.05308548
328.8,4.984900768
328.90000000000003,4.910772045
329.0,4.828032
329.1,4.734649445
329.20000000000005,4.631137667
329.3,4.51864607
329.40000000000003,4.39832406
329.5,4.271321041
329.6,4.138786419
329.70000000000005,4.001869598
329.8,3.861719985
329.90000000000003,3.719486984
330.0,3.57632
330.1,3.433123376
330.20000000000005,3.289821207
330.3,3.146092523
330.40000000000003,3.001616356
330.5,2.856071739
330.6,2.709137703
330.70000000000005,2.560493279
330.8,2.409817499
330.90000000000003,2.256789396
331.0,2.101088
331.1,1.94269177
331.20000000000005,1.782776866
331.3,1.622818879
331.40000000000003,1.464293395
331.5,1.308676003
331.6,1.15744229
331.70000000000005,1.012067846
331.8,0.874028257
331.90000000000003,0.744799113
332.0,0.625856
332.1,0.518347722
332.20000000000005,0.422115936
332.3,0.336675513
332.40000000000003,0.261541328
332.5,0.19622825
332.6,0.140251152
332.70000000000005,0.093124906
332.8,0.054364384
332.90000000000003,0.023484458
333.0,0.0
333.1,0.0
333.20000000000005,0.0
333.3,0.0
333.40000000000003,0.0
333.5,0.0
333.6,0.0
333.70000000000005,0.0
333.8,0.0
333.90000000000003,0.0
334.0,0.0
334.1,0.0
334.20000000000005,0.0
334.3,0.0
334.40000000000003,0.0
334.5,0.0
334.6,0.0
334.70000000000005,0.0
334.8,0.0
334.90000000000003,0.0
335.0,0.0
335.1,0.0
335.20000000000005,0.0
335.3,0.0
335.40000000000003,0.0
335.5,0.0
335.6,0.0
335.70000000000005,0.0
335.8,0.0
335.90000000000003,0.0
336.0,0.0
336.1,0.0
336.20000000000005,0.0
336.3,0.0
336.40000000000003,0.0
336.5,0.0
336.6,0.0
336.70000000000005,0.0
336.8,0.0
336.90000000000003,0.0
337.0,0.0
337.1,0.0
337.20000000000005,0.0
337.3,0.0
337.40000000000003,0.0
337.5,0.0
337.6,0.0
337.70000000000005,0.0
337.8,0.0
337.90000000000003,0.0
338.0,0.0
338.1,0.0
338.20000000000005,0.0
338.3,0.0
338.40000000000003,0.0
338.5,0.0
338.6,0.0
338.70000000000005,0.0
338.8,0.0
338.90000000000003,0.0
339.0,0.0
339.1,0.0
339.20000000000005,0.0
339.3,0.0
339.40000000000003,0.0
339.5,0.0
339.6,0.0
339.70000000000005,0.0
339.8,0.0
339.90000000000003,0.0
340.0,0.0
340.1,0.0
340.20000000000005,0.0
340.3,0.0
340.40000000000003,0.0
340.5,0.0
340.6,0.0
340.70000000000005,0.0
340.8,0.0
340.90000000000003,0.0
341.0,0.0
341.1,0.0
341.20000000000005,0.0
341.3,0.0
341.40000000000003,0.0
341.5,0.0
341.6,0.0
341.70000000000005,0.0
341.8,0.0
341.90000000000003,0.0
342.0,0.0
342.1,0.0
342.20000000000005,0.0
342.3,0.0
342.40000000000003,0.0
342.5,0.0
342.6,0.0
342.70000000000005,0.0
342.8,0.0
342.90000000000003,0.0
343.0,0.0
343.1,0.0
343.20000000000005,0.0
343.3,0.0
343.40000000000003,0.0
343.5,0.0
343.6,0.0
343.70000000000005,0.0
343.8,0.0
343.90000000000003,0.0
344.0,0.0
344.1,0.0
344.20000000000005,0.0
344.3,0.0
344.40000000000003,0.0
344.5,0.0
344.6,0.0
344.70000000000005,0.0
344.8,0.0
344.90000000000003,0.0
345.0,0.0
345.1,0.0
345.20000000000005,0.0
345.3,0.0
345.40000000000003,0.0
345.5,0.0
345.6,0.0
345.70000000000005,0.0
345.8,0.0
345.90000000000003,0.0
346.0,0.0
346.1,0.010277957
346.20000000000005,0.02480377
346.3,0.044853329
346.40000000000003,0.071702527
346.5,0.106627254
346.6,0.1509034
346.70000000000005,0.205806857
346.8,0.272613515
346.90000000000003,0.352599266
347.0,0.44704
347.1,0.556666713
347.20000000000005,0.680030819
347.3,0.815138835
347.40000000000003,0.959997281
347.5,1.112612675
347.6,1.270991535
347.70000000000005,1.433140379
347.8,1.597065725
347.90000000000003,1.760774093
348.0,1.922272
348.1,2.079986359
348.20000000000005,2.234025659
348.3,2.384918785
348.40000000000003,2.533194619
348.5,2.679382046
348.6,2.824009949
348.70000000000005,2.967607213
348.8,3.11070272
348.90000000000003,3.253825354
349.0,3.397504
349.1,3.542159051
349.20000000000005,3.687776944
349.3,3.834235625
349.40000000000003,3.981413042
349.5,4.129187141
349.6,4.277435868
349.70000000000005,4.426037171
349.8,4.574868996
349.90000000000003,4.72380929
350.0,4.872736
350.1,5.021540636
350.20000000000005,5.170168964
350.3,5.318580314
350.40000000000003,5.466734013
350.5,5.614589392
350.6,5.762105779
350.70000000000005,5.909242505
350.8,6.055958897
350.90000000000003,6.202214286
351.0,6.347968
351.1,6.493144196
351.20000000000005,6.637526334
351.3,6.780862704
351.40000000000003,6.922901594
351.5,7.063391292
351.6,7.202080087
351.70000000000005,7.338716267
351.8,7.47304812
351.90000000000003,7.604823935
352.0,7.733792
352.1,7.859827734
352.20000000000005,7.983315075
352.3,8.104765094
352.40000000000003,8.224688858
352.5,8.343597439
352.6,8.462001904
352.70000000000005,8.580413324
352.8,8.699342767
352.90000000000003,8.819301302
353.0,8.9408
353.1,9.064055398
353.20000000000005,9.18810591
353.3,9.311695418
353.40000000000003,9.433567804
353.5,9.552466953
353.6,9.667136744
353.70000000000005,9.776321063
353.8,9.87876379
353.90000000000003,9.973208808
354.0,10.0584
354.1,10.13355109
354.20000000000005,10.19975517
354.3,10.25857519
354.40000000000003,10.31157407
354.5,10.36031475
354.6,10.40636017
354.70000000000005,10.45127327
354.8,10.49661699
354.90000000000003,10.54395425
355.0,10.594848
355.1,10.65048334
355.20000000000005,10.71053406
355.3,10.77429612
355.40000000000003,10.84106546
355.5,10.91013804
355.6,10.98080982
355.70000000000005,11.05237675
355.8,11.12413479
355.90000000000003,11.19537989
356.0,11.265408
356.1,11.33366248
356.20000000000005,11.40017628
356.3,11.46512974
356.40000000000003,11.52870323
356.5,11.59107707
356.6,11.65243164
356.70000000000005,11.71294726
356.8,11.7728043
356.90000000000003,11.83218309
357.0,11.891264
357.1,11.95028382
357.20000000000005,12.0097052
357.3,12.07004724
357.40000000000003,12.13182902
357.5,12.19556966
357.6,12.26178824
357.70000000000005,12.33100387
357.8,12.40373564
357.90000000000003,12.48050265
358.0,12.561824
358.1,12.64789026
358.20000000000005,12.73757788
358.3,12.82943481
358.40000000000003,12.92200897
358.5,13.01384829
358.6,13.10350071
358.70000000000005,13.18951416
358.8,13.27043657
358.90000000000003,13.34481587
359.0,13.4112
359.1,13.46858987
359.20000000000005,13.51779831
359.3,13.56009113
359.40000000000003,13.59673415
359.5,13.62899318
359.6,13.65813404
359.70000000000005,13.68542254
359.8,13.71212449
359.90000000000003,13.73950571
360.0,13.768832
360.1,13.8010481
360.20000000000005,13.83581437
360.3,13.87247008
360.40000000000003,13.91035453
360.5,13.94880697
360.6,13.9871667
360.70000000000005,14.02477299
360.8,14.06096512
360.90000000000003,14.09508236
361.0,14.126464
361.1,14.15465483
361.20000000000005,14.18002173
361.3,14.20313711
361.40000000000003,14.22457337
361.5,14.24490292
361.6,14.26469815
361.70000000000005,14.28453147
361.8,14.30497528
361.90000000000003,14.32660199
362.0,14.349984
362.1,14.37555035
362.20000000000005,14.40315663
362.3,14.43251507
362.40000000000003,14.4633379
362.5,14.49533736
362.6,14.52822566
362.70000000000005,14.56171505
362.8,14.59551775
362.90000000000003,14.62934599
363.0,14.662912
363.1,14.69602772
363.20000000000005,14.72890389
363.3,14.76185097
363.40000000000003,14.79517941
363.5,14.82919966
363.6,14.86422218
363.70000000000005,14.90055742
363.8,14.93851584
363.90000000000003,14.97840788
364.0,15.020544
364.1,15.06502391
364.20000000000005,15.1111043
364.3,15.15783114
364.40000000000003,15.20425039
364.5,15.249408
364.6,15.29234993
364.70000000000005,15.33212214
364.8,15.36777058
364.90000000000003,15.39834122
365.0,15.42288
365.1,15.44077385
365.20000000000005,15.4527735
365.3,15.45997067
365.40000000000003,15.46345704
365.5,15.46432433
365.6,15.46366423
365.70000000000005,15.46256845
365.8,15.46212868
365.90000000000003,15.46343663
366.0,15.467584
366.1,15.47535879
366.20000000000005,15.48633417
366.3,15.49977963
366.40000000000003,15.51496464
366.5,15.53115868
366.6,15.54763123
366.70000000000005,15.56365175
366.8,15.57848974
366.90000000000003,15.59141466
367.0,15.601696
367.1,15.60876182
367.20000000000005,15.61267458
367.3,15.61365532
367.40000000000003,15.6119251
367.5,15.60770495
367.6,15.60121592
367.70000000000005,15.59267907
367.8,15.58231543
367.90000000000003,15.57034606
368.0,15.556992
368.1,15.54250125
368.20000000000005,15.52722965
368.3,15.51155997
368.40000000000003,15.49587501
368.5,15.48055753
368.6,15.46599034
368.70000000000005,15.4525562
368.8,15.44063791
368.90000000000003,15.43061825
369.0,15.42288
369.1,15.41776305
369.20000000000005,15.41543568
369.3,15.41602328
369.40000000000003,15.41965123
369.5,15.42644493
369.6,15.43652974
369.70000000000005,15.45003108
369.8,15.46707431
369.90000000000003,15.48778482
370.0,15.512288
370.1,15.54058566
370.20000000000005,15.57218526
370.3,15.60647072
370.40000000000003,15.64282592
370.5,15.68063477
370.6,15.71928115
370.70000000000005,15.75814897
370.8,15.79662212
370.90000000000003,15.8340845
371.0,15.86992
371.1,15.90360271
371.20000000000005,15.93496746
371.3,15.96393925
371.40000000000003,15.99044309
371.5,16.01440401
371.6,16.035747
371.70000000000005,16.05439708
371.8,16.07027927
371.90000000000003,16.08331857
372.0,16.09344
372.1,16.10064433
372.20000000000005,16.10523541
372.3,16.10759284
372.40000000000003,16.10809624
372.5,16.10712521
372.6,16.10505937
372.70000000000005,16.10227831
372.8,16.09916166
372.90000000000003,16.09608902
373.0,16.09344
373.1,16.09151389
373.20000000000005,16.09028867
373.3,16.08966203
373.40000000000003,16.08953163
373.5,16.08979515
373.6,16.09035026
373.70000000000005,16.09109463
373.8,16.09192592
373.90000000000003,16.09274182
374.0,16.09344
374.1,16.09394013
374.20000000000005,16.0942499
374.3,16.09439904
374.40000000000003,16.09441723
374.5,16.09433418
374.6,16.09417959
374.70000000000005,16.09398318
374.8,16.09377464
374.90000000000003,16.09358368
375.0,16.09344
375.1,16.09336561
375.20000000000005,16.09335171
375.3,16.09338183
375.40000000000003,16.09343946
375.5,16.09350814
375.6,16.09357136
375.70000000000005,16.09361265
375.8,16.09361551
375.90000000000003,16.09356345
376.0,16.09344
376.1,16.09323745
376.20000000000005,16.09298325
376.3,16.09271366
376.40000000000003,16.09246492
376.5,16.09227327
376.6,16.09217495
376.70000000000005,16.09220623
376.8,16.09240333
376.90000000000003,16.0928025
377.0,16.09344
377.1,16.09436931
377.20000000000005,16.09571291
377.3,16.09761054
377.40000000000003,16.10020193
377.5,16.1036268
377.6,16.10802488
377.70000000000005,16.11353592
377.8,16.12029963
377.90000000000003,16.12845574
378.0,16.138144
378.1,16.14942634
378.20000000000005,16.16205361
378.3,16.17569887
378.40000000000003,16.19003516
378.5,16.20473555
378.6,16.2194731
378.70000000000005,16.23392086
378.8,16.24775189
378.90000000000003,16.26063925
379.0,16.272256
379.1,16.28234554
379.20000000000005,16.29093267
379.3,16.29811253
379.40000000000003,16.30398026
379.5,16.308631
379.6,16.31215991
379.70000000000005,16.31466212
379.8,16.31623278
379.90000000000003,16.31696702
380.0,16.31696
380.1,16.31628206
380.20000000000005,16.31490436
380.3,16.31277327
380.40000000000003,16.30983517
380.5,16.30603643
380.6,16.30132341
380.70000000000005,16.29564249
380.8,16.28894003
380.90000000000003,16.28116241
381.0,16.272256
381.1,16.26215129
381.20000000000005,16.25071531
381.3,16.23779922
381.40000000000003,16.22325415
381.5,16.20693127
381.6,16.18868173
381.70000000000005,16.16835668
381.8,16.14580728
381.90000000000003,16.12088466
382.0,16.09344
382.1,16.06336801
382.20000000000005,16.03073768
382.3,15.99566161
382.40000000000003,15.95825235
382.5,15.91862248
382.6,15.87688457
382.70000000000005,15.83315119
382.8,15.78753493
382.90000000000003,15.74014834
383.0,15.691104
383.1,15.6406243
383.20000000000005,15.58937088
383.3,15.53811519
383.40000000000003,15.48762868
383.5,15.43868282
383.6,15.39204905
383.70000000000005,15.34849883
383.8,15.30880361
383.90000000000003,15.27373485
384.0,15.244064
384.1,15.22012439
384.20000000000005,15.20049688
384.3,15.1833242
384.40000000000003,15.16674907
384.5,15.14891424
384.6,15.12796242
384.70000000000005,15.10203636
384.8,15.06927878
384.90000000000003,15.02783242
385.0,14.97584
385.1,14.91201403
385.20000000000005,14.8373461
385.3,14.75339758
385.40000000000003,14.66172984
385.5,14.56390422
385.6,14.46148212
385.70000000000005,14.35602487
385.8,14.24909386
385.90000000000003,14.14225045
386.0,14.037056
386.1,13.93461673
386.20000000000005,13.83421829
386.3,13.73469116
386.40000000000003,13.63486586
386.5,13.53357286
386.6,13.42964268
386.70000000000005,13.32190581
386.8,13.20919274
386.90000000000003,13.09033397
387.0,12.96416
387.1,12.82994746
387.20000000000005,12.68875752
387.3,12.54209748
387.40000000000003,12.39147465
387.5,12.23839632
387.6,12.08436982
387.70000000000005,11.93090242
387.8,11.77950146
387.90000000000003,11.63167421
388.0,11.488928
388.1,11.35237951
388.20000000000005,11.221583
388.3,11.09570212
388.40000000000003,10.97390052
388.5,10.85534184
388.6,10.73918974
388.70000000000005,10.62460785
388.8,10.51075984
388.90000000000003,10.39680934
389.0,10.28192
389.1,10.16543299
389.20000000000005,10.04739956
389.3,9.92804846
389.40000000000003,9.807608453
389.5,9.686308302
389.6,9.564376767
389.70000000000005,9.442042608
389.8,9.319534587
389.90000000000003,9.197081464
390.0,9.074912
390.1,8.95315901
390.20000000000005,8.831571526
390.3,8.70980263
390.40000000000003,8.58750541
390.5,8.464332949
390.6,8.339938331
390.70000000000005,8.213974643
390.8,8.086094969
390.90000000000003,7.955952393
391.0,7.8232
391.1,7.687697141
391.20000000000005,7.550128226
391.3,7.411383931
391.40000000000003,7.272354931
391.5,7.133931904
391.6,6.997005524
391.70000000000005,6.862466468
391.8,6.731205411
391.90000000000003,6.60411303
392.0,6.48208
392.1,6.365625515
392.20000000000005,6.253782836
392.3,6.145213743
392.40000000000003,6.038580017
392.5,5.932543436
392.6,5.82576578
392.70000000000005,5.716908829
392.8,5.604634363
392.90000000000003,5.48760416
393.0,5.36448
393.1,5.234309249
393.20000000000005,5.097681615
393.3,4.955572392
393.40000000000003,4.808956872
393.5,4.658810351
393.6,4.506108122
393.70000000000005,4.351825479
393.8,4.196937715
393.90000000000003,4.042420124
394.0,3.889248
394.1,3.738164561
394.20000000000005,3.58898472
394.3,3.441291314
394.40000000000003,3.294667182
394.5,3.148695159
394.6,3.002958083
394.70000000000005,2.857038792
394.8,2.710520123
394.90000000000003,2.562984913
395.0,2.414016
395.1,2.263381307
395.20000000000005,2.111589105
395.3,1.959332751
395.40000000000003,1.807305602
395.5,1.656201014
395.6,1.506712345
395.70000000000005,1.359532953
395.8,1.215356193
395.90000000000003,1.074875423
396.0,0.938784
396.1,0.807803459
396.20000000000005,0.682768044
396.3,0.564540178
396.40000000000003,0.453982284
396.5,0.351956785
396.6,0.259326103
396.70000000000005,0.176952661
396.8,0.105698881
396.90000000000003,0.046427187
397.0,0.0
397.1,0.0
397.20000000000005,0.0
397.3,0.0
397.40000000000003,0.0
397.5,0.0
397.6,0.0
397.70000000000005,0.0
397.8,0.0
397.90000000000003,0.0
398.0,0.0
398.1,0.0
398.20000000000005,0.0
398.3,0.0
398.40000000000003,0.0
398.5,0.0
398.6,0.0
398.70000000000005,0.0
398.8,0.0
398.90000000000003,0.0
399.0,0.0
399.1,0.0
399.20000000000005,0.0
399.3,0.0
399.40000000000003,0.0
399.5,0.0
399.6,0.0
399.70000000000005,0.0
399.8,0.0
399.90000000000003,0.0
400.0,0.0
400.1,0.0
400.20000000000005,0.0
400.3,0.0
400.40000000000003,0.0
400.5,0.0
400.6,0.0
400.70000000000005,0.0
400.8,0.0
400.90000000000003,0.0
401.0,0.0
401.1,0.0
401.20000000000005,0.0
401.3,0.0
401.40000000000003,0.0
401.5,0.0
401.6,0.0
401.70000000000005,0.0
401.8,0.0
401.90000000000003,0.0
402.0,0.0
402.1,0.062997399
402.20000000000005,0.142792293
402.3,0.237521707
402.40000000000003,0.345322661
402.5,0.464332178
402.6,0.592687281
402.70000000000005,0.728524992
402.8,0.869982334
402.90000000000003,1.015196329
403.0,1.162304
403.1,1.309752227
403.20000000000005,1.457227323
403.3,1.604725461
403.40000000000003,1.752242812
403.5,1.899775547
403.6,2.047319839
403.70000000000005,2.194871858
403.8,2.342427777
403.90000000000003,2.489983767
404.0,2.637536
404.1,2.785081406
404.20000000000005,2.932619949
404.3,3.080152352
404.40000000000003,3.227679339
404.5,3.375201632
404.6,3.522719955
404.70000000000005,3.67023503
404.8,3.817747581
404.90000000000003,3.96525833
405.0,4.112768
405.1,4.26027735
405.20000000000005,4.407787282
405.3,4.55529873
405.40000000000003,4.702812632
405.5,4.850329923
405.6,4.997851541
405.70000000000005,5.145378421
405.8,5.2929115
405.90000000000003,5.440451714
406.0,5.588
406.1,5.735556393
406.20000000000005,5.883117325
406.3,6.030678328
406.40000000000003,6.178234934
406.5,6.325782674
406.6,6.473317081
406.70000000000005,6.620833685
406.8,6.768328018
406.90000000000003,6.915795613
407.0,7.063232
407.1,7.210636279
407.20000000000005,7.358021819
407.3,7.505405558
407.40000000000003,7.652804433
407.5,7.80023538
407.6,7.947715336
407.70000000000005,8.095261239
407.8,8.242890026
407.90000000000003,8.390618634
408.0,8.538464
408.1,8.686429691
408.20000000000005,8.834465798
408.3,8.982509039
408.40000000000003,9.130496136
408.5,9.278363808
408.6,9.426048775
408.70000000000005,9.573487758
408.8,9.720617476
408.90000000000003,9.86737465
409.0,10.013696
409.1,10.15925523
409.20000000000005,10.30267397
409.3,10.44231083
409.40000000000003,10.57652443
409.5,10.70367339
409.6,10.82211632
409.70000000000005,10.93021183
409.8,11.02631853
409.90000000000003,11.10879505
410.0,11.176
410.1,11.2270892
410.20000000000005,11.26440736
410.3,11.29109638
410.40000000000003,11.31029817
410.5,11.32515463
410.6,11.33880769
410.70000000000005,11.35439924
410.8,11.37507121
410.90000000000003,11.40396549
411.0,11.444224
411.1,11.49811918
411.20000000000005,11.56444565
411.3,11.64112852
411.40000000000003,11.72609295
411.5,11.81726408
411.6,11.91256704
411.70000000000005,12.00992697
411.8,12.10726902
411.90000000000003,12.20251831
412.0,12.2936
412.1,12.37888465
412.20000000000005,12.45852455
412.3,12.53311744
412.40000000000003,12.60326103
412.5,12.66955305
412.6,12.73259123
412.70000000000005,12.79297328
412.8,12.85129695
412.90000000000003,12.90815995
413.0,12.96416
413.1,13.01969784
413.20000000000005,13.07438619
413.3,13.1276408
413.40000000000003,13.1788774
413.5,13.22751173
413.6,13.27295952
413.70000000000005,13.3146365
413.8,13.35195842
413.90000000000003,13.38434101
414.0,13.4112
414.1,13.43215958
414.20000000000005,13.44767775
414.3,13.45842092
414.40000000000003,13.46505554
414.5,13.46824804
414.6,13.46866486
414.70000000000005,13.46697243
414.8,13.46383718
414.90000000000003,13.45992556
415.0,13.455904
415.1,13.45229387
415.20000000000005,13.44903633
415.3,13.44592746
415.40000000000003,13.44276336
415.5,13.43934012
415.6,13.43545382
415.70000000000005,13.43090058
415.8,13.42547646
415.90000000000003,13.41897757
416.0,13.4112
416.1,13.40199869
416.20000000000005,13.39146398
416.3,13.37974509
416.40000000000003,13.36699119
416.5,13.3533515
416.6,13.3389752
416.70000000000005,13.32401151
416.8,13.30860961
416.90000000000003,13.29291871
417.0,13.277088
417.1,13.26122104
417.20000000000005,13.24523881
417.3,13.22901665
417.40000000000003,13.2124299
417.5,13.19535389
417.6,13.17766398
417.70000000000005,13.1592355
417.8,13.13994378
417.90000000000003,13.11966417
418.0,13.098272
418.1,13.07572164
418.20000000000005,13.0522835
418.3,13.02830704
418.40000000000003,13.0041417
418.5,12.98013692
418.6,12.95664215
418.70000000000005,12.93400683
418.8,12.9125804
418.90000000000003,12.89271231
419.0,12.874752
419.1,12.85868908
419.20000000000005,12.84307383
419.3,12.82609668
419.40000000000003,12.80594806
419.5,12.78081841
419.6,12.74889817
419.70000000000005,12.70837777
419.8,12.65744765
419.90000000000003,12.59429825
420.0,12.51712
420.1,12.42470369
420.20000000000005,12.31824152
420.3,12.19952605
420.40000000000003,12.07034984
420.5,11.93250544
420.6,11.7877854
420.70000000000005,11.63798228
420.8,11.48488863
420.90000000000003,11.33029702
421.0,11.176
421.1,11.02344729
421.20000000000005,10.87271733
421.3,10.7235457
421.40000000000003,10.57566801
421.5,10.42881985
421.6,10.28273682
421.70000000000005,10.13715453
421.8,9.99180856
421.90000000000003,9.846434518
422.0,9.700768
422.1,9.554600291
422.20000000000005,9.407945429
422.3,9.260873138
422.40000000000003,9.113453143
422.5,8.96575517
422.6,8.817848943
422.70000000000005,8.669804188
422.8,8.521690629
422.90000000000003,8.373577991
423.0,8.225536
423.1,8.077620343
423.20000000000005,7.929830559
423.3,7.782152152
423.40000000000003,7.634570622
423.5,7.487071472
423.6,7.339640204
423.70000000000005,7.192262321
423.8,7.044923324
423.90000000000003,6.897608717
424.0,6.750304
424.1,6.602995137
424.20000000000005,6.455669934
424.3,6.308316656
424.40000000000003,6.16092357
424.5,6.013478943
424.6,5.86597104
424.70000000000005,5.718388128
424.8,5.570718473
424.90000000000003,5.422950342
425.0,5.275072
425.1,5.127083909
425.20000000000005,4.979035306
425.3,4.830987624
425.40000000000003,4.683002297
425.5,4.535140756
425.6,4.387464435
425.70000000000005,4.240034766
425.8,4.092913182
425.90000000000003,3.946161116
426.0,3.79984
426.1,3.653962029
426.20000000000005,3.508342443
426.3,3.362747247
426.40000000000003,3.216942442
426.5,3.070694031
426.6,2.923768019
426.70000000000005,2.775930406
426.8,2.626947197
426.90000000000003,2.476584394
427.0,2.324608
427.1,2.170968777
427.20000000000005,2.016356521
427.3,1.861645789
427.40000000000003,1.707711136
427.5,1.555427118
427.6,1.405668291
427.70000000000005,1.259309209
427.8,1.11722443
427.90000000000003,0.980288508
428.0,0.849376
428.1,0.72529752
428.20000000000005,0.608607919
428.3,0.499798108
428.40000000000003,0.399358997
428.5,0.307781496
428.6,0.225556515
428.70000000000005,0.153174965
428.8,0.091127755
428.90000000000003,0.039905797
429.0,0.0
429.1,0.0
429.20000000000005,0.0
429.3,0.0
429.40000000000003,0.0
429.5,0.0
429.6,0.0
429.70000000000005,0.0
429.8,0.0
429.90000000000003,0.0
430.0,0.0
430.1,0.0
430.20000000000005,0.0
430.3,0.0
430.40000000000003,0.0
430.5,0.0
430.6,0.0
430.70000000000005,0.0
430.8,0.0
430.90000000000003,0.0
431.0,0.0
431.1,0.0
431.20000000000005,0.0
431.3,0.0
431.40000000000003,0.0
431.5,0.0
431.6,0.0
431.70000000000005,0.0
431.8,0.0
431.90000000000003,0.0
432.0,0.0
432.1,0.0
432.20000000000005,0.0
432.3,0.0
432.40000000000003,0.0
432.5,0.0
432.6,0.0
432.70000000000005,0.0
432.8,0.0
432.90000000000003,0.0
433.0,0.0
433.1,0.0
433.20000000000005,0.0
433.3,0.0
433.40000000000003,0.0
433.5,0.0
433.6,0.0
433.70000000000005,0.0
433.8,0.0
433.90000000000003,0.0
434.0,0.0
434.1,0.0
434.20000000000005,0.0
434.3,0.0
434.40000000000003,0.0
434.5,0.0
434.6,0.0
434.70000000000005,0.0
434.8,0.0
434.90000000000003,0.0
435.0,0.0
435.1,0.0
435.20000000000005,0.0
435.3,0.0
435.40000000000003,0.0
435.5,0.0
435.6,0.0
435.70000000000005,0.0
435.8,0.0
435.90000000000003,0.0
436.0,0.0
436.1,0.0
436.20000000000005,0.0
436.3,0.0
436.40000000000003,0.0
436.5,0.0
436.6,0.0
436.70000000000005,0.0
436.8,0.0
436.90000000000003,0.0
437.0,0.0
437.1,0.0
437.20000000000005,0.0
437.3,0.0
437.40000000000003,0.0
437.5,0.0
437.6,0.0
437.70000000000005,0.0
437.8,0.0
437.90000000000003,0.0
438.0,0.0
438.1,0.0
438.20000000000005,0.0
438.3,0.0
438.40000000000003,0.0
438.5,0.0
438.6,0.0
438.70000000000005,0.0
438.8,0.0
438.90000000000003,0.0
439.0,0.0
439.1,0.0
439.20000000000005,0.0
439.3,0.0
439.40000000000003,0.0
439.5,0.0
439.6,0.0
439.70000000000005,0.0
439.8,0.0
439.90000000000003,0.0
440.0,0.0
440.1,0.0
440.20000000000005,0.0
440.3,0.0
440.40000000000003,0.0
440.5,0.0
440.6,0.0
440.70000000000005,0.0
440.8,0.0
440.90000000000003,0.0
441.0,0.0
441.1,0.0
441.20000000000005,0.0
441.3,0.0
441.40000000000003,0.0
441.5,0.0
441.6,0.0
441.70000000000005,0.0
441.8,0.0
441.90000000000003,0.0
442.0,0.0
442.1,0.0
442.20000000000005,0.0
442.3,0.0
442.40000000000003,0.0
442.5,0.0
442.6,0.0
442.70000000000005,0.0
442.8,0.0
442.90000000000003,0.0
443.0,0.0
443.1,0.0
443.20000000000005,0.0
443.3,0.0
443.40000000000003,0.0
443.5,0.0
443.6,0.0
443.70000000000005,0.0
443.8,0.0
443.90000000000003,0.0
444.0,0.0
444.1,0.0
444.20000000000005,0.0
444.3,0.0
444.40000000000003,0.0
444.5,0.0
444.6,0.0
444.70000000000005,0.0
444.8,0.0
444.90000000000003,0.0
445.0,0.0
445.1,0.0
445.20000000000005,0.0
445.3,0.0
445.40000000000003,0.0
445.5,0.0
445.6,0.0
445.70000000000005,0.0
445.8,0.0
445.90000000000003,0.0
446.0,0.0
446.1,0.0
446.20000000000005,0.0
446.3,0.0
446.40000000000003,0.0
446.5,0.0
446.6,0.0
446.70000000000005,0.0
446.8,0.0
446.90000000000003,0.0
447.0,0.0
447.1,0.085996298
447.20000000000005,0.194304337
447.3,0.321684455
447.40000000000003,0.464896991
447.5,0.620702286
447.6,0.785860677
447.70000000000005,0.957132505
447.8,1.131278109
447.90000000000003,1.305057827
448.0,1.475232
448.1,1.639245487
448.20000000000005,1.79728123
448.3,1.950206693
448.40000000000003,2.098889339
448.5,2.244196631
448.6,2.386996033
448.70000000000005,2.528155007
448.8,2.668541018
448.90000000000003,2.809021528
449.0,2.950464
449.1,3.093552955
449.20000000000005,3.238241144
449.3,3.384298375
449.40000000000003,3.531494454
449.5,3.679599191
449.6,3.828382392
449.70000000000005,3.977613865
449.8,4.127063419
449.90000000000003,4.276500862
450.0,4.425696
450.1,4.574465892
450.20000000000005,4.722816593
450.3,4.870801409
450.40000000000003,5.018473645
450.5,5.165886607
450.6,5.3130936
450.70000000000005,5.460147931
450.8,5.607102904
450.90000000000003,5.754011825
451.0,5.900928
451.1,6.047898678
451.20000000000005,6.194946885
451.3,6.342089591
451.40000000000003,6.489343767
451.5,6.636726382
451.6,6.784254406
451.70000000000005,6.93194481
451.8,7.079814564
451.90000000000003,7.227880637
452.0,7.37616
452.1,7.524646597
452.20000000000005,7.673242267
452.3,7.821825826
452.40000000000003,7.970276088
452.5,8.118471865
452.6,8.266291974
452.70000000000005,8.413615228
452.8,8.56032044
452.90000000000003,8.706286426
453.0,8.851392
453.1,8.995614135
453.20000000000005,9.139322445
453.3,9.282984703
453.40000000000003,9.427068683
453.5,9.572042156
453.6,9.718372898
453.70000000000005,9.866528679
453.8,10.01697727
453.90000000000003,10.17018646
454.0,10.326624
454.1,10.48638806
454.20000000000005,10.64809835
454.3,10.81000496
454.40000000000003,10.97035798
454.5,11.12740751
454.6,11.27940364
454.70000000000005,11.42459646
454.8,11.56123606
454.90000000000003,11.68757254
455.0,11.801856
455.1,11.90286744
455.20000000000005,11.99151154
455.3,12.0692239
455.40000000000003,12.13744013
455.5,12.19759581
455.6,12.25112654
455.70000000000005,12.29946793
455.8,12.34405557
455.90000000000003,12.38632506
456.0,12.427712
456.1,12.46955197
456.20000000000005,12.51278054
456.3,12.55823325
456.40000000000003,12.60674564
456.5,12.65915326
456.6,12.71629166
456.70000000000005,12.77899639
456.8,12.84810299
456.90000000000003,12.92444701
457.0,13.008864
457.1,13.10179039
457.20000000000005,13.2020662
457.3,13.30813233
457.40000000000003,13.41842967
457.5,13.53139915
457.6,13.64548165
457.70000000000005,13.75911808
457.8,13.87074935
457.90000000000003,13.97881635
458.0,14.08176
458.1,14.1782871
458.20000000000005,14.2681681
458.3,14.35143937
458.40000000000003,14.42813727
458.5,14.49829815
458.6,14.56195838
458.70000000000005,14.61915432
458.8,14.66992233
458.90000000000003,14.71429877
459.0,14.75232
459.1,14.78425193
459.20000000000005,14.81127867
459.3,14.83481386
459.40000000000003,14.85627117
459.5,14.87706425
459.6,14.89860674
459.70000000000005,14.92231231
459.8,14.94959461
459.90000000000003,14.98186729
460.0,15.020544
460.1,15.06652486
460.20000000000005,15.11865579
460.3,15.17526918
460.40000000000003,15.23469741
460.5,15.29527287
460.6,15.35532794
460.70000000000005,15.413195
460.8,15.46720644
460.90000000000003,15.51569465
461.0,15.556992
461.1,15.5899144
461.20000000000005,15.61521177
461.3,15.63411758
461.40000000000003,15.64786527
461.5,15.65768828
461.6,15.66482008
461.70000000000005,15.67049409
461.8,15.67594379
461.90000000000003,15.68240261
462.0,15.691104
462.1,15.70302322
462.20000000000005,15.71810275
462.3,15.73602686
462.40000000000003,15.75647985
462.5,15.779146
462.6,15.80370958
462.70000000000005,15.82985489
462.8,15.85726621
462.90000000000003,15.88562782
463.0,15.914624
463.1,15.94390715
463.20000000000005,15.97300213
463.3,16.00140191
463.40000000000003,16.02859945
463.5,16.05408772
463.6,16.0773597
463.70000000000005,16.09790835
463.8,16.11522663
463.90000000000003,16.12880753
464.0,16.138144
464.1,16.14293594
464.20000000000005,16.14371092
464.3,16.14120345
464.40000000000003,16.13614801
464.5,16.1292791
464.6,16.12133123
464.70000000000005,16.11303889
464.8,16.10513657
464.90000000000003,16.09835877
465.0,16.09344
465.1,16.0909448
465.20000000000005,16.09075795
465.3,16.09259429
465.40000000000003,16.09616865
465.5,16.10119587
465.6,16.10739077
465.70000000000005,16.1144682
465.8,16.122143
465.90000000000003,16.13012998
466.0,16.138144
466.1,16.14592569
466.20000000000005,16.15331897
466.3,16.16019354
466.40000000000003,16.16641912
466.5,16.17186543
466.6,16.17640219
466.70000000000005,16.17989911
466.8,16.18222591
466.90000000000003,16.1832523
467.0,16.182848
467.1,16.18090471
467.20000000000005,16.17740208
467.3,16.17234173
467.40000000000003,16.1657253
467.5,16.1575544
467.6,16.14783067
467.70000000000005,16.13655574
467.8,16.12373123
467.90000000000003,16.10935877
468.0,16.09344
468.1,16.0760863
468.20000000000005,16.05784813
468.3,16.0393857
468.40000000000003,16.02135924
468.5,16.00442897
468.6,15.9892551
468.70000000000005,15.97649784
468.8,15.96681743
468.90000000000003,15.96087408
469.0,15.959328
469.1,15.96260189
469.20000000000005,15.97016835
469.3,15.98126243
469.40000000000003,15.9951192
469.5,16.01097372
469.6,16.02806107
469.70000000000005,16.04561631
469.8,16.0628745
469.90000000000003,16.07907071
470.0,16.09344
470.1,16.10534251
470.20000000000005,16.11463868
470.3,16.121314
470.40000000000003,16.12535398
470.5,16.12674413
470.6,16.12546995
470.70000000000005,16.12151694
470.8,16.11487061
470.90000000000003,16.10551646
471.0,16.09344
471.1,16.07872159
471.20000000000005,16.06182107
471.3,16.04329313
471.40000000000003,16.02369245
471.5,16.00357375
471.6,15.9834917
471.70000000000005,15.96400101
471.8,15.94565637
471.90000000000003,15.92901247
472.0,15.914624
472.1,15.90289876
472.20000000000005,15.89365694
472.3,15.88657183
472.40000000000003,15.88131671
472.5,15.87756487
472.6,15.87498961
472.70000000000005,15.8732642
472.8,15.87206194
472.90000000000003,15.87105611
473.0,15.86992
473.1,15.8683726
473.20000000000005,15.8663157
473.3,15.86369677
473.40000000000003,15.86046329
473.5,15.85656275
473.6,15.85194264
473.70000000000005,15.84655042
473.8,15.84033359
473.90000000000003,15.83323962
474.0,15.825216
474.1,15.81626372
474.20000000000005,15.80659783
474.3,15.7964869
474.40000000000003,15.78619947
474.5,15.77600411
474.6,15.76616939
474.70000000000005,15.75696385
474.8,15.74865607
474.90000000000003,15.7415146
475.0,15.735808
475.1,15.7317239
475.20000000000005,15.72912618
475.3,15.72779779
475.40000000000003,15.72752168
475.5,15.7280808
475.6,15.72925809
475.70000000000005,15.73083651
475.8,15.732599
475.90000000000003,15.73432852
476.0,15.735808
476.1,15.73686711
476.20000000000005,15.73752234
476.3,15.73783688
476.40000000000003,15.73787393
476.5,15.73769669
476.6,15.73736836
476.70000000000005,15.73695212
476.8,15.73651119
476.90000000000003,15.73610875
477.0,15.735808
477.1,15.73565565
477.20000000000005,15.73563246
477.3,15.73570269
477.40000000000003,15.73583059
477.5,15.73598043
477.6,15.73611648
477.70000000000005,15.736203
477.8,15.73620425
477.90000000000003,15.7360845
478.0,15.735808
478.1,15.73535827
478.20000000000005,15.73479581
478.3,15.73420038
478.40000000000003,15.73365172
478.5,15.73322958
478.6,15.73301371
478.70000000000005,15.73308387
478.8,15.7335198
478.90000000000003,15.73440126
479.0,15.735808
479.1,15.73775926
479.20000000000005,15.74003228
479.3,15.7423438
479.40000000000003,15.74441055
479.5,15.74594926
479.6,15.74667667
479.70000000000005,15.74630952
479.8,15.74456453
479.90000000000003,15.74115845
480.0,15.735808
480.1,15.72836328
480.20000000000005,15.71920779
480.3,15.7088584
480.40000000000003,15.69783198
480.5,15.68664538
480.6,15.67581547
480.70000000000005,15.66585911
480.8,15.65729317
480.90000000000003,15.65063451
481.0,15.6464
481.1,15.64494651
481.20000000000005,15.64599095
481.3,15.64909027
481.40000000000003,15.65380139
481.5,15.65968123
481.6,15.66628674
481.70000000000005,15.67317484
481.8,15.67990247
481.90000000000003,15.68602654
482.0,15.691104
482.1,15.69484074
482.20000000000005,15.69753854
482.3,15.69964813
482.40000000000003,15.70162027
482.5,15.70390569
482.6,15.70695513
482.70000000000005,15.71121934
482.8,15.71714906
482.90000000000003,15.72519503
483.0,15.735808
483.1,15.74922634
483.20000000000005,15.76483896
483.3,15.78182241
483.40000000000003,15.79935325
483.5,15.81660801
483.6,15.83276326
483.70000000000005,15.84699553
483.8,15.85848138
483.90000000000003,15.86639735
484.0,15.86992
484.1,15.86847932
484.20000000000005,15.86251914
484.3,15.85273672
484.40000000000003,15.83982934
484.5,15.82449426
484.6,15.80742877
484.70000000000005,15.78933012
484.8,15.7708956
484.90000000000003,15.75282247
485.0,15.735808
485.1,15.72041858
485.20000000000005,15.70669703
485.3,15.69455529
485.40000000000003,15.68390528
485.5,15.67465894
485.6,15.66672821
485.70000000000005,15.66002502
485.8,15.65446129
485.90000000000003,15.64994898
486.0,15.6464
486.1,15.64372818
486.20000000000005,15.64185484
486.3,15.64070322
486.40000000000003,15.64019652
486.5,15.64025797
486.6,15.64081078
486.70000000000005,15.64177817
486.8,15.64308336
486.90000000000003,15.64464956
487.0,15.6464
487.1,15.64824714
487.20000000000005,15.65006049
487.3,15.65169878
487.40000000000003,15.65302076
487.5,15.65388518
487.6,15.65415078
487.70000000000005,15.65367632
487.8,15.65232054
487.90000000000003,15.64994218
488.0,15.6464
488.1,15.64159384
488.20000000000005,15.63558794
488.3,15.62848765
488.40000000000003,15.62039833
488.5,15.61142531
488.6,15.60167395
488.70000000000005,15.59124959
488.8,15.58025758
488.90000000000003,15.56880327
489.0,15.556992
489.1,15.54495428
489.20000000000005,15.53292126
489.3,15.52114926
489.40000000000003,15.50989459
489.5,15.49941356
489.6,15.48996249
489.70000000000005,15.48179768
489.8,15.47517546
489.90000000000003,15.47035213
490.0,15.467584
490.1,15.46694095
490.20000000000005,15.46774704
490.3,15.4691399
490.40000000000003,15.47025715
490.5,15.47023643
490.6,15.46821535
490.70000000000005,15.46333154
490.8,15.45472263
490.90000000000003,15.44152624
491.0,15.42288
491.1,15.39815042
491.20000000000005,15.36761955
491.3,15.33179835
491.40000000000003,15.29119775
491.5,15.24632872
491.6,15.19770218
491.70000000000005,15.1458291
491.8,15.09122041
491.90000000000003,15.03438706
492.0,14.97584
492.1,14.91598693
492.20000000000005,14.85482258
492.3,14.79223843
492.40000000000003,14.72812598
492.5,14.6623767
492.6,14.59488209
492.70000000000005,14.52553363
492.8,14.4542228
492.90000000000003,14.3808411
493.0,14.30528
493.1,14.22748097
493.20000000000005,14.14758537
493.3,14.06578454
493.40000000000003,13.98226979
493.5,13.89723248
493.6,13.81086392
493.70000000000005,13.72335547
493.8,13.63489844
493.90000000000003,13.54568417
494.0,13.455904
494.1,13.36569731
494.20000000000005,13.27499567
494.3,13.18367872
494.40000000000003,13.09162608
494.5,12.99871739
494.6,12.90483226
494.70000000000005,12.80985033
494.8,12.71365122
494.90000000000003,12.61611457
495.0,12.51712
495.1,12.41652615
495.20000000000005,12.31410771
495.3,12.2096184
495.40000000000003,12.10281192
495.5,11.99344197
495.6,11.88126226
495.70000000000005,11.76602651
495.8,11.64748841
495.90000000000003,11.52540167
496.0,11.39952
496.1,11.26977771
496.20000000000005,11.13683152
496.3,11.00151874
496.40000000000003,10.86467671
496.5,10.72714273
496.6,10.58975414
496.70000000000005,10.45334825
496.8,10.31876238
496.90000000000003,10.18683386
497.0,10.0584
497.1,9.933999043
497.20000000000005,9.812972875
497.3,9.694364294
497.40000000000003,9.577216104
497.5,9.460571105
497.6,9.343472097
497.70000000000005,9.224961881
497.8,9.104083259
497.90000000000003,8.979879032
498.0,8.851392
498.1,8.717920741
498.20000000000005,8.579786937
498.3,8.437568048
498.40000000000003,8.291841533
498.5,8.143184851
498.6,7.99217546
498.70000000000005,7.839390821
498.8,7.685408392
498.90000000000003,7.530805632
499.0,7.37616
499.1,7.221995497
499.20000000000005,7.068622288
499.3,6.91629708
499.40000000000003,6.76527658
499.5,6.615817493
499.6,6.468176527
499.70000000000005,6.322610388
499.8,6.179375782
499.90000000000003,6.038729418
500.0,5.900928
500.1,5.766096887
500.20000000000005,5.633836037
500.3,5.503614062
500.40000000000003,5.374899572
500.5,5.247161178
500.6,5.119867489
500.70000000000005,4.992487117
500.8,4.864488671
500.90000000000003,4.735340762
501.0,4.604512
501.1,4.471602813
501.20000000000005,4.336740891
501.3,4.200185742
501.40000000000003,4.062196874
501.5,3.923033795
501.6,3.782956013
501.70000000000005,3.642223034
501.8,3.501094367
501.90000000000003,3.35982952
502.0,3.218688
502.1,3.077846327
502.20000000000005,2.937149072
502.3,2.796357817
502.40000000000003,2.655234146
502.5,2.51353964
502.6,2.371035884
502.70000000000005,2.227484458
502.8,2.082646948
502.90000000000003,1.936284934
503.0,1.78816
503.1,1.638323271
503.20000000000005,1.487984037
503.3,1.338641133
503.40000000000003,1.19179339
503.5,1.048939643
503.6,0.911578725
503.70000000000005,0.781209468
503.8,0.659330706
503.90000000000003,0.547441273
504.0,0.44704
504.1,0.359221102
504.20000000000005,0.283460316
504.3,0.218828756
504.40000000000003,0.164397541
504.5,0.119237787
504.6,0.082420609
504.70000000000005,0.053017125
504.8,0.030098451
504.90000000000003,0.012735704
505.0,0.0
505.1,0.0
505.20000000000005,0.0
505.3,0.0
505.40000000000003,0.0
505.5,0.0
505.6,0.0
505.70000000000005,0.0
505.8,0.0
505.90000000000003,0.0
506.0,0.0
506.1,0.0
506.20000000000005,0.0
506.3,0.0
506.40000000000003,0.0
506.5,0.0
506.6,0.0
506.70000000000005,0.0
506.8,0.0
506.90000000000003,0.0
507.0,0.0
507.1,0.0
507.20000000000005,0.0
507.3,0.0
507.40000000000003,0.0
507.5,0.0
507.6,0.0
507.70000000000005,0.0
507.8,0.0
507.90000000000003,0.0
508.0,0.0
508.1,0.0
508.20000000000005,0.0
508.3,0.0
508.40000000000003,0.0
508.5,0.0
508.6,0.0
508.70000000000005,0.0
508.8,0.0
508.90000000000003,0.0
509.0,0.0
509.1,0.0
509.20000000000005,0.0
509.3,0.0
509.40000000000003,0.0
509.5,0.0
509.6,0.0
509.70000000000005,0.0
509.8,0.0
509.90000000000003,0.0
510.0,0.0
510.1,0.023837176
510.20000000000005,0.054597347
510.3,0.092168358
510.40000000000003,0.136438055
510.5,0.187294284
510.6,0.24462489
510.70000000000005,0.308317719
510.8,0.378260616
510.90000000000003,0.454341428
511.0,0.536448
511.1,0.624368561
511.20000000000005,0.717492874
511.3,0.815111084
511.40000000000003,0.91651334
511.5,1.020989786
511.6,1.127830569
511.70000000000005,1.236325836
511.8,1.345765733
511.90000000000003,1.455440405
512.0,1.56464
512.1,1.672639045
512.2,1.778649591
512.3000000000001,1.881868072
512.4,1.981490921
512.5,2.076714572
512.6,2.166735456
512.7,2.250750008
512.8000000000001,2.327954661
512.9,2.397545847
513.0,2.45872
513.1,2.511148573
513.2,2.556403099
513.3000000000001,2.596530131
513.4,2.633576223
513.5,2.669587928
513.6,2.706611798
513.7,2.746694387
513.8000000000001,2.791882248
513.9,2.844221935
514.0,2.90576
514.1,2.977865543
514.2,3.059197853
514.3000000000001,3.147738762
514.4,3.241470106
514.5,3.338373717
514.6,3.436431432
514.7,3.533625083
514.8000000000001,3.627936506
514.9,3.717347533
515.0,3.79984
515.1,3.873887077
515.2,3.939927282
515.3000000000001,3.998890468
515.4,4.051706491
515.5,4.099305203
515.6,4.142616458
515.7,4.182570112
515.8000000000001,4.220096017
515.9,4.256124029
516.0,4.291584
516.1,4.327280196
516.2,4.363514523
516.3000000000001,4.4004633
516.4,4.438302844
516.5,4.477209472
516.6,4.517359503
516.7,4.558929253
516.8000000000001,4.602095041
516.9,4.647033184
517.0,4.69392
517.1,4.742942827
517.2,4.794333088
517.3000000000001,4.848333227
517.4,4.905185686
517.5,4.965132909
517.6,5.028417339
517.7,5.09528142
517.8000000000001,5.165967595
517.9,5.240718307
518.0,5.319776
518.1,5.403241103
518.2,5.490645987
518.3000000000001,5.581381008
518.4,5.674836525
518.5,5.770402893
518.6,5.86747047
518.7,5.965429612
518.8000000000001,6.063670677
518.9,6.16158402
519.0,6.25856
519.1,6.354098969
519.2,6.448141269
519.3000000000001,6.540737236
519.4,6.631937207
519.5,6.721791519
519.6,6.81035051
519.7,6.897664516
519.8000000000001,6.983783875
519.9,7.068758924
520.0,7.15264
520.1,7.235447691
520.2,7.317083593
520.3000000000001,7.397419553
520.4,7.476327416
520.5,7.553679031
520.6,7.629346243
520.7,7.703200899
520.8000000000001,7.775114846
520.9,7.844959931
521.0,7.912608
521.1,7.977984601
521.2,8.041230085
521.3000000000001,8.102538505
521.4,8.162103911
521.5,8.220120357
521.6,8.276781895
521.7,8.332282576
521.8000000000001,8.386816452
521.9,8.440577576
522.0,8.49376
522.1,8.546506832
522.2,8.598757409
522.3000000000001,8.650400124
522.4,8.70132337
522.5,8.751415539
522.6,8.800565026
522.7,8.848660222
522.8000000000001,8.895589521
522.9,8.941241316
523.0,8.985504
523.1,9.02832663
523.2,9.069900917
523.3000000000001,9.110479238
523.4,9.150313969
523.5,9.189657485
523.6,9.228762162
523.7,9.267880376
523.8000000000001,9.307264503
523.9,9.347166919
524.0,9.38784
524.1,9.429478521
524.2,9.472046858
524.3000000000001,9.515451787
524.4,9.559600083
524.5,9.604398521
524.6,9.649753878
524.7,9.695572929
524.8000000000001,9.741762449
524.9,9.788229214
525.0,9.83488
525.1,9.881612502
525.2,9.928288099
525.3000000000001,9.974759087
525.4,10.02087776
525.5,10.06649643
525.6,10.11146738
525.7,10.15564292
525.8000000000001,10.19887533
525.9,10.24101693
526.0,10.28192
526.1,10.32148606
526.2,10.35981348
526.3000000000001,10.39704985
526.4,10.43334275
526.5,10.46883976
526.6,10.50368847
526.7,10.53803646
526.8000000000001,10.57203132
526.9,10.60582064
527.0,10.639552
527.1,10.67331931
527.2,10.70700184
527.3000000000001,10.74042516
527.4,10.77341487
527.5,10.80579654
527.6,10.83739578
527.7,10.86803815
527.8000000000001,10.89754926
527.9,10.92575468
528.0,10.95248
528.1,10.97758215
528.2,11.00104341
528.3000000000001,11.02287741
528.4,11.04309775
528.5,11.06171807
528.6,11.07875198
528.7,11.09421311
528.8000000000001,11.10811507
528.9,11.1204715
529.0,11.131296
529.1,11.14061992
529.2,11.14854547
529.3000000000001,11.15519258
529.4,11.16068117
529.5,11.16513118
529.6,11.16866254
529.7,11.17139517
529.8000000000001,11.173449
529.9,11.17494397
530.0,11.176
530.1,11.17672422
530.2,11.17717253
530.3000000000001,11.17738806
530.4,11.17741392
530.5,11.1772932
530.6,11.17706903
530.7,11.17678451
530.8000000000001,11.17648276
530.9,11.17620689
531.0,11.176
531.1,11.175894
531.2,11.17587595
531.3000000000001,11.1759217
531.4,11.1760071
531.5,11.17610801
531.6,11.17620028
531.7,11.17625977
531.8000000000001,11.17626231
531.9,11.17618377
532.0,11.176
532.1,11.17569979
532.2,11.17532368
532.3000000000001,11.17492514
532.4,11.17455767
532.5,11.17427474
532.6,11.17412983
532.7,11.17417642
532.8000000000001,11.174468
532.9,11.17505803
533.0,11.176
533.1,11.17730685
533.2,11.17882935
533.3000000000001,11.18037772
533.4,11.1817622
533.5,11.18279301
533.6,11.18328038
533.7,11.18303454
533.8000000000001,11.18186571
533.9,11.17958412
534.0,11.176
534.1,11.17107281
534.2,11.16535893
534.3000000000001,11.15956396
534.4,11.15439352
534.5,11.15055321
534.6,11.14874865
534.7,11.14968543
534.8000000000001,11.15406918
534.9,11.1626055
535.0,11.176
535.1,11.19467013
535.2,11.21788073
535.3000000000001,11.24460848
535.4,11.27383006
535.5,11.30452215
535.6,11.33566142
535.7,11.36622456
535.8000000000001,11.39518825
535.9,11.42152917
536.0,11.444224
536.1,11.46253754
536.2,11.4768871
536.3000000000001,11.48797811
536.4,11.496516
536.5,11.5032062
536.6,11.50875415
536.7,11.51386527
536.8000000000001,11.519245
536.9,11.52559877
537.0,11.533632
537.1,11.54381164
537.2,11.55565068
537.3000000000001,11.5684236
537.4,11.58140489
537.5,11.59386905
537.6,11.60509056
537.7,11.61434392
537.8000000000001,11.62090362
537.9,11.62404415
538.0,11.62304
538.1,11.61738446
538.2,11.60744599
538.3000000000001,11.59381185
538.4,11.5770693
538.5,11.5578056
538.6,11.53660802
538.7,11.51406381
538.8000000000001,11.49076023
538.9,11.46728454
539.0,11.444224
539.1,11.42206563
539.2,11.40089549
539.3000000000001,11.38069939
539.4,11.36146313
539.5,11.34317254
539.6,11.32581343
539.7,11.3093716
539.8000000000001,11.29383288
539.9,11.27918308
540.0,11.265408
540.1,11.25249682
540.2,11.24045212
540.3000000000001,11.22927983
540.4,11.21898589
540.5,11.20957624
540.6,11.2010568
540.7,11.19343353
540.8000000000001,11.18671235
540.9,11.18089919
541.0,11.176
541.1,11.17201813
541.2,11.1689466
541.3000000000001,11.16677586
541.4,11.16549635
541.5,11.16509851
541.6,11.1655728
541.7,11.16690964
541.8000000000001,11.1690995
541.9,11.1721328
542.0,11.176
542.1,11.1806091
542.2,11.18553839
542.3000000000001,11.19028369
542.4,11.19434085
542.5,11.19720572
542.6,11.19837413
542.7,11.19734192
542.8000000000001,11.19360493
542.9,11.18665901
543.0,11.176
543.1,11.16127723
543.2,11.14275406
543.3000000000001,11.12084734
543.4,11.09597391
543.5,11.06855062
543.6,11.03899432
543.7,11.00772185
543.8000000000001,10.97515008
543.9,10.94169585
544.0,10.907776
544.1,10.87349933
544.2,10.83774244
544.3000000000001,10.79907387
544.4,10.75606215
544.5,10.70727582
544.6,10.65128343
544.7,10.58665351
544.8000000000001,10.51195461
544.9,10.42575526
545.0,10.326624
545.1,10.21367163
545.2,10.08817798
545.3000000000001,9.951965122
545.4,9.806855136
545.5,9.654670101
545.6,9.497232099
545.7,9.336363208
545.8000000000001,9.173885508
545.9,9.011621079
546.0,8.851392
546.1,8.694634608
546.2,8.541242268
546.3000000000001,8.390722602
546.4,8.24258323
546.5,8.096331774
546.6,7.951475857
546.7,7.807523099
546.8000000000001,7.663981123
546.9,7.520357549
547.0,7.37616
547.1,7.231002732
547.2,7.084926545
547.3000000000001,6.938078871
547.4,6.790607145
547.5,6.642658801
547.6,6.494381274
547.7,6.345921995
547.8000000000001,6.197428401
547.9,6.049047925
548.0,5.900928
548.1,5.753175262
548.2,5.605733153
548.3000000000001,5.458504314
548.4,5.311391389
548.5,5.16429702
548.6,5.017123849
548.7,4.869774519
548.8000000000001,4.722151672
548.9,4.574157952
549.0,4.425696
549.1,4.276725018
549.2,4.127430443
549.3000000000001,3.978054271
549.4,3.828838498
549.5,3.680025119
549.6,3.531856131
549.7,3.384573529
549.8000000000001,3.238419309
549.9,3.093635468
550.0,2.950464
550.1,2.808961465
550.2,2.668442674
550.3000000000001,2.528037001
550.4,2.38687382
550.5,2.244082504
550.6,2.098792428
550.7,1.950132965
550.8000000000001,1.797233491
550.9,1.639223378
551.0,1.475232
551.1,1.305073921
551.2,1.13130446
551.3000000000001,0.957164125
551.4,0.785893424
551.5,0.620732866
551.6,0.464922958
551.7,0.32170421
551.8000000000001,0.194317128
551.9,0.086002222
552.0,0.0
552.1,0.0
552.2,0.0
552.3000000000001,0.0
552.4,0.0
552.5,0.0
552.6,0.0
552.7,0.0
552.8000000000001,0.0
552.9,0.0
553.0,0.0
553.1,0.0
553.2,0.0
553.3000000000001,0.0
553.4,0.0
553.5,0.0
553.6,0.0
553.7,0.0
553.8000000000001,0.0
553.9,0.0
554.0,0.0
554.1,0.0
554.2,0.0
554.3000000000001,0.0
554.4,0.0
554.5,0.0
554.6,0.0
554.7,0.0
554.8000000000001,0.0
554.9,0.0
555.0,0.0
555.1,0.0
555.2,0.0
555.3000000000001,0.0
555.4,0.0
555.5,0.0
555.6,0.0
555.7,0.0
555.8000000000001,0.0
555.9,0.0
556.0,0.0
556.1,0.0
556.2,0.0
556.3000000000001,0.0
556.4,0.0
556.5,0.0
556.6,0.0
556.7,0.0
556.8000000000001,0.0
556.9,0.0
557.0,0.0
557.1,0.0
557.2,0.0
557.3000000000001,0.0
557.4,0.0
557.5,0.0
557.6,0.0
557.7,0.0
557.8000000000001,0.0
557.9,0.0
558.0,0.0
558.1,0.0
558.2,0.0
558.3000000000001,0.0
558.4,0.0
558.5,0.0
558.6,0.0
558.7,0.0
558.8000000000001,0.0
558.9,0.0
559.0,0.0
559.1,0.0
559.2,0.0
559.3000000000001,0.0
559.4,0.0
559.5,0.0
559.6,0.0
559.7,0.0
559.8000000000001,0.0
559.9,0.0
560.0,0.0
560.1,0.0
560.2,0.0
560.3000000000001,0.0
560.4,0.0
560.5,0.0
560.6,0.0
560.7,0.0
560.8000000000001,0.0
560.9,0.0
561.0,0.0
561.1,0.0
561.2,0.0
561.3000000000001,0.0
561.4,0.0
561.5,0.0
561.6,0.0
561.7,0.0
561.8000000000001,0.0
561.9,0.0
562.0,0.0
562.1,0.0
562.2,0.0
562.3000000000001,0.0
562.4,0.0
562.5,0.0
562.6,0.0
562.7,0.0
562.8000000000001,0.0
562.9,0.0
563.0,0.0
563.1,0.0
563.2,0.0
563.3000000000001,0.0
563.4,0.0
563.5,0.0
563.6,0.0
563.7,0.0
563.8000000000001,0.0
563.9,0.0
564.0,0.0
564.1,0.0
564.2,0.0
564.3000000000001,0.0
564.4,0.0
564.5,0.0
564.6,0.0
564.7,0.0
564.8000000000001,0.0
564.9,0.0
565.0,0.0
565.1,0.0
565.2,0.0
565.3000000000001,0.0
565.4,0.0
565.5,0.0
565.6,0.0
565.7,0.0
565.8000000000001,0.0
565.9,0.0
566.0,0.0
566.1,0.0
566.2,0.0
566.3000000000001,0.0
566.4,0.0
566.5,0.0
566.6,0.0
566.7,0.0
566.8000000000001,0.0
566.9,0.0
567.0,0.0
567.1,0.0
567.2,0.0
567.3000000000001,0.0
567.4,0.0
567.5,0.0
567.6,0.0
567.7,0.0
567.8000000000001,0.0
567.9,0.0
568.0,0.0
568.1,0.085903736
568.2,0.194104472
568.3000000000001,0.321375788
568.4,0.464491264
568.5,0.620224481
568.6,0.78534902
568.7,0.95663846
568.8000000000001,1.130866384
568.9,1.30480637
569.0,1.475232
569.1,1.639590932
569.2,1.798027134
569.3000000000001,1.951358652
569.4,2.100403533
569.5,2.245979822
569.6,2.388905565
569.7,2.529998808
569.8000000000001,2.670077598
569.9,2.80995998
570.0,2.950464
570.1,3.092263736
570.2,3.235457392
570.3000000000001,3.379999203
570.4,3.525843405
570.5,3.672944232
570.6,3.821255921
570.7,3.970732707
570.8000000000001,4.121328825
570.9,4.272998511
571.0,4.425696
571.1,4.579187916
571.2,4.732490434
571.3000000000001,4.88443212
571.4,5.033841537
571.5,5.17954725
571.6,5.320377823
571.7,5.45516182
571.8000000000001,5.582727805
571.9,5.701904344
572.0,5.81152
572.1,5.910806009
572.2,6.000604295
572.3000000000001,6.082159454
572.4,6.15671608
572.5,6.225518769
572.6,6.289812117
572.7,6.350840718
572.8000000000001,6.409849169
572.9,6.468082064
573.0,6.526784
573.1,6.586938799
573.2,6.6484872
573.3000000000001,6.711109169
573.4,6.774484672
573.5,6.838293674
573.6,6.902216143
573.7,6.965932043
573.8000000000001,7.029121342
573.9,7.091464006
574.0,7.15264
574.1,7.212299145
574.2,7.269970679
574.3000000000001,7.325153694
574.4,7.377347282
574.5,7.426050535
574.6,7.470762545
574.7,7.510982404
574.8000000000001,7.546209205
574.9,7.57594204
575.0,7.59968
575.1,7.617124716
575.2,7.628787971
575.3000000000001,7.635384087
575.4,7.637627386
575.5,7.636232187
575.6,7.631912814
575.7,7.625383587
575.8000000000001,7.617358828
575.9,7.608552859
576.0,7.59968
576.1,7.59138983
576.2,7.584072955
576.3000000000001,7.578055236
576.4,7.573662536
576.5,7.571220716
576.6,7.571055639
576.7,7.573493167
576.8000000000001,7.578859162
576.9,7.587479485
577.0,7.59968
577.1,7.615619482
577.2,7.634788368
577.3000000000001,7.656510007
577.4,7.68010775
577.5,7.704904947
577.6,7.730224949
577.7,7.755391104
577.8000000000001,7.779726765
577.9,7.80255528
578.0,7.8232
578.1,7.841136208
578.2,7.856446916
578.3000000000001,7.86936707
578.4,7.880131614
578.5,7.888975494
578.6,7.896133654
578.7,7.901841039
578.8000000000001,7.906332596
578.9,7.909843268
579.0,7.912608
579.1,7.91482343
579.2,7.916532959
579.3000000000001,7.91774168
579.4,7.918454689
579.5,7.918677078
579.6,7.91841394
579.7,7.91767037
579.8000000000001,7.916451461
579.9,7.914762306
580.0,7.912608
580.1,7.909950233
580.2,7.906577089
580.3000000000001,7.902233248
580.4,7.89666339
580.5,7.889612196
580.6,7.880824346
580.7,7.870044521
580.8000000000001,7.857017402
580.9,7.841487668
581.0,7.8232
581.1,7.802066292
581.2,7.778667292
581.3000000000001,7.753750959
581.4,7.728065255
581.5,7.702358139
581.6,7.677377571
581.7,7.653871513
581.8000000000001,7.632587925
581.9,7.614274767
582.0,7.59968
582.1,7.589283765
582.2,7.582494926
582.3000000000001,7.57845453
582.4,7.576303623
582.5,7.57518325
582.6,7.574234457
582.7,7.572598289
582.8000000000001,7.569415794
582.9,7.563828015
583.0,7.554976
583.1,7.542323705
583.2,7.526626731
583.3000000000001,7.508963591
583.4,7.490412798
583.5,7.472052862
583.6,7.454962298
583.7,7.440219618
583.8000000000001,7.428903333
583.9,7.422091956
584.0,7.420864
584.1,7.425944712
584.2,7.436646277
584.3000000000001,7.451927616
584.4,7.470747651
584.5,7.4920653
584.6,7.514839486
584.7,7.538029128
584.8000000000001,7.560593148
584.9,7.581490465
585.0,7.59968
585.1,7.614361448
585.2,7.625697601
585.3000000000001,7.634092023
585.4,7.63994828
585.5,7.643669936
585.6,7.645660558
585.7,7.64632371
585.8000000000001,7.646062957
585.9,7.645281866
586.0,7.644384
586.1,7.643654839
586.2,7.642907511
586.3000000000001,7.64183706
586.4,7.640138527
586.5,7.637506956
586.6,7.633637388
586.7,7.628224866
586.8000000000001,7.620964432
586.9,7.611551129
587.0,7.59968
587.1,7.585188253
587.2,7.568481763
587.3000000000001,7.55010857
587.4,7.530616716
587.5,7.510554242
587.6,7.490469188
587.7,7.470909596
587.8000000000001,7.452423507
587.9,7.435558961
588.0,7.420864
588.1,7.408749014
588.2,7.399073791
588.3000000000001,7.391560468
588.4,7.385931185
588.5,7.381908077
588.6,7.379213283
588.7,7.377568941
588.8000000000001,7.376697188
588.9,7.376320162
589.0,7.37616
589.1,7.375989644
589.2,7.375785251
589.3000000000001,7.375573781
589.4,7.375382194
589.5,7.37523745
589.6,7.375166511
589.7,7.375196336
589.8000000000001,7.375353885
589.9,7.37566612
590.0,7.37616
590.1,7.376886329
590.2,7.377991285
590.3000000000001,7.379644889
590.4,7.382017161
590.5,7.385278122
590.6,7.389597794
590.7,7.395146197
590.8000000000001,7.402093351
590.9,7.410609279
591.0,7.420864
591.1,7.432970766
591.2,7.446815752
591.3000000000001,7.46222836
591.4,7.479037995
591.5,7.497074061
591.6,7.516165962
591.7,7.536143102
591.8000000000001,7.556834886
591.9,7.578070717
592.0,7.59968
592.1,7.621561261
592.2,7.643889516
592.3000000000001,7.666908905
592.4,7.690863565
592.5,7.715997635
592.6,7.742555255
592.7,7.770780563
592.8000000000001,7.800917697
592.9,7.833210796
593.0,7.867904
593.1,7.905111134
593.2,7.944424776
593.3000000000001,7.98530719
593.4,8.027220643
593.5,8.069627398
593.6,8.111989722
593.7,8.153769879
593.8000000000001,8.194430134
593.9,8.233432753
594.0,8.27024
594.1,8.304498043
594.2,8.336588661
594.3000000000001,8.367077535
594.4,8.396530344
594.5,8.425512771
594.6,8.454590497
594.7,8.484329201
594.8000000000001,8.515294566
594.9,8.548052272
595.0,8.583168
595.1,8.621049173
595.2,8.66147018
595.3000000000001,8.704047152
595.4,8.74839622
595.5,8.794133516
595.6,8.840875171
595.7,8.888237316
595.8000000000001,8.935836081
595.9,8.983287599
596.0,9.030208
596.1,9.076215506
596.2,9.120936701
596.3000000000001,9.164000259
596.4,9.205034855
596.5,9.243669164
596.6,9.279531859
596.7,9.312251616
596.8000000000001,9.341457109
596.9,9.366777012
597.0,9.38784
597.1,9.404424644
597.2,9.416909098
597.3000000000001,9.425821413
597.4,9.43168964
597.5,9.43504183
597.6,9.436406033
597.7,9.436310301
597.8000000000001,9.435282684
597.9,9.433851234
598.0,9.432544
598.1,9.431823807
598.2,9.431892573
598.3000000000001,9.432886986
598.4,9.434943738
598.5,9.438199518
598.6,9.442791017
598.7,9.448854924
598.8000000000001,9.45652793
598.9,9.465946726
599.0,9.477248
599.1,9.490500639
599.2,9.505502308
599.3000000000001,9.521982867
599.4,9.539672177
599.5,9.558300099
599.6,9.577596492
599.7,9.597291219
599.8000000000001,9.617114139
599.9,9.636795112
600.0,9.656064
600.1,9.674718885
600.2,9.692830741
600.3000000000001,9.710538763
600.4,9.727982146
600.5,9.745300087
600.6,9.762631781
600.7,9.780116424
600.8000000000001,9.797893211
600.9,9.816101338
601.0,9.83488
601.1,9.85429742
601.2,9.874137929
601.3000000000001,9.894114882
601.4,9.913941637
601.5,9.933331551
601.6,9.951997982
601.7,9.969654285
601.8000000000001,9.986013817
601.9,10.00078994
602.0,10.013696
602.1,10.02452692
602.2,10.03340385
602.3000000000001,10.04052949
602.4,10.04610654
602.5,10.05033771
602.6,10.0534257
602.7,10.05557322
602.8000000000001,10.05698298
602.9,10.05785767
603.0,10.0584
603.1,10.05878094
603.2,10.0590445
603.3000000000001,10.05920295
603.4,10.05926857
603.5,10.05925362
603.6,10.05917039
603.7,10.05903113
603.8000000000001,10.05884814
603.9,10.05863367
604.0,10.0584
604.1,10.0581601
604.2,10.0579297
604.3000000000001,10.05772524
604.4,10.05756313
604.5,10.05745981
604.6,10.0574317
604.7,10.05749524
604.8000000000001,10.05766685
604.9,10.05796296
605.0,10.0584
605.1,10.05906807
605.2,10.06035195
605.3000000000001,10.06271012
605.4,10.06660103
605.5,10.07248315
605.6,10.08081493
605.7,10.09205485
605.8000000000001,10.10666135
605.9,10.12509292
606.0,10.147808
606.1,10.1751485
606.2,10.20699004
606.3000000000001,10.2430917
606.4,10.28321253
606.5,10.32711161
606.6,10.374548
606.7,10.42528077
606.8000000000001,10.47906898
606.9,10.5356717
607.0,10.594848
607.1,10.65630249
607.2,10.719522
607.3000000000001,10.78393891
607.4,10.84898559
607.5,10.91409442
607.6,10.97869777
607.7,11.04222803
607.8000000000001,11.10411757
607.9,11.16379877
608.0,11.220704
608.1,11.27437648
608.2,11.32480279
608.3000000000001,11.37208032
608.4,11.4163065
608.5,11.45757873
608.6,11.49599442
608.7,11.53165098
608.8000000000001,11.56464582
608.9,11.59507636
609.0,11.62304
609.1,11.64869228
609.2,11.67242129
609.3000000000001,11.69467322
609.4,11.71589428
609.5,11.73653068
609.6,11.75702862
609.7,11.77783432
609.8000000000001,11.79939398
609.9,11.8221538
610.0,11.84656
610.1,11.87284952
610.2,11.90042227
610.3000000000001,11.92846893
610.4,11.95618014
610.5,11.98274656
610.6,12.00735887
610.7,12.0292077
610.8000000000001,12.04748373
610.9,12.06137761
611.0,12.07008
611.1,12.07275579
611.2,12.06846677
611.3000000000001,12.05624896
611.4,12.03513838
611.5,12.00417106
611.6,11.96238302
611.7,11.90881027
611.8000000000001,11.84248883
611.9,11.76245474
612.0,11.667744
612.1,11.55788381
612.2,11.43436601
612.3000000000001,11.29917363
612.4,11.15428968
612.5,11.00169718
612.6,10.84337915
612.7,10.68131859
612.8000000000001,10.51749854
612.9,10.353902
613.0,10.192512
613.1,10.03489259
613.2,9.880932026
613.3000000000001,9.730099582
613.4,9.581864548
613.5,9.435696212
613.6,9.291063858
613.7,9.147436773
613.8000000000001,9.004284245
613.9,8.861075558
614.0,8.71728
614.1,8.572478615
614.2,8.426699482
614.3000000000001,8.280082439
614.4000000000001,8.132767323
614.5,7.984893972
614.6,7.836602223
614.7,7.688031914
614.8000000000001,7.539322882
614.9000000000001,7.390614965
615.0,7.242048
615.1,7.093733746
615.2,6.945671645
615.3000000000001,6.797833061
615.4000000000001,6.650189358
615.5,6.5027119
615.6,6.355372049
615.7,6.20814117
615.8000000000001,6.060990626
615.9000000000001,5.913891782
616.0,5.766816
616.1,5.619735202
616.2,5.472623538
616.3000000000001,5.325455716
616.4000000000001,5.178206444
616.5,5.03085043
616.6,4.883362381
616.7,4.735717006
616.8000000000001,4.587889012
616.9000000000001,4.439853107
617.0,4.291584
617.1,4.143082247
617.2,3.994451804
617.3000000000001,3.845822475
617.4000000000001,3.697324067
617.5,3.549086382
617.6,3.401239227
617.7,3.253912407
617.8000000000001,3.107235725
617.9000000000001,2.961338988
618.0,2.816352
618.1,2.67230061
618.2,2.528794847
618.3000000000001,2.385340783
618.4000000000001,2.24144449
618.5,2.096612041
618.6,1.95034951
618.7,1.802162967
618.8000000000001,1.651558486
618.9000000000001,1.49804214
619.0,1.34112
619.1,1.180822224
619.2,1.019275304
619.3000000000001,0.859129818
619.4000000000001,0.703036341
619.5,0.553645452
619.6,0.413607726
619.7,0.285573741
619.8000000000001,0.172194074
619.9000000000001,0.076119301
620.0,0.0
620.1,0.0
620.2,0.0
620.3000000000001,0.0
620.4000000000001,0.0
620.5,0.0
620.6,0.0
620.7,0.0
620.8000000000001,0.0
620.9000000000001,0.0
621.0,0.0
621.1,0.0
621.2,0.0
621.3000000000001,0.0
621.4000000000001,0.0
621.5,0.0
621.6,0.0
621.7,0.0
621.8000000000001,0.0
621.9000000000001,0.0
622.0,0.0
622.1,0.0
622.2,0.0
622.3000000000001,0.0
622.4000000000001,0.0
622.5,0.0
622.6,0.0
622.7,0.0
622.8000000000001,0.0
622.9000000000001,0.0
623.0,0.0
623.1,0.0
623.2,0.0
623.3000000000001,0.0
623.4000000000001,0.0
623.5,0.0
623.6,0.0
623.7,0.0
623.8000000000001,0.0
623.9000000000001,0.0
624.0,0.0
624.1,0.0
624.2,0.0
624.3000000000001,0.0
624.4000000000001,0.0
624.5,0.0
624.6,0.0
624.7,0.0
624.8000000000001,0.0
624.9000000000001,0.0
625.0,0.0
625.1,0.0
625.2,0.0
625.3000000000001,0.0
625.4000000000001,0.0
625.5,0.0
625.6,0.0
625.7,0.0
625.8000000000001,0.0
625.9000000000001,0.0
626.0,0.0
626.1,0.0
626.2,0.0
626.3000000000001,0.0
626.4000000000001,0.0
626.5,0.0
626.6,0.0
626.7,0.0
626.8000000000001,0.0
626.9000000000001,0.0
627.0,0.0
627.1,0.0
627.2,0.0
627.3000000000001,0.0
627.4000000000001,0.0
627.5,0.0
627.6,0.0
627.7,0.0
627.8000000000001,0.0
627.9000000000001,0.0
628.0,0.0
628.1,0.0
628.2,0.0
628.3000000000001,0.0
628.4000000000001,0.0
628.5,0.0
628.6,0.0
628.7,0.0
628.8000000000001,0.0
628.9000000000001,0.0
629.0,0.0
629.1,0.0
629.2,0.0
629.3000000000001,0.0
629.4000000000001,0.0
629.5,0.0
629.6,0.0
629.7,0.0
629.8000000000001,0.0
629.9000000000001,0.0
630.0,0.0
630.1,0.0
630.2,0.0
630.3000000000001,0.0
630.4000000000001,0.0
630.5,0.0
630.6,0.0
630.7,0.0
630.8000000000001,0.0
630.9000000000001,0.0
631.0,0.0
631.1,0.0
631.2,0.0
631.3000000000001,0.0
631.4000000000001,0.0
631.5,0.0
631.6,0.0
631.7,0.0
631.8000000000001,0.0
631.9000000000001,0.0
632.0,0.0
632.1,0.0
632.2,0.0
632.3000000000001,0.0
632.4000000000001,0.0
632.5,0.0
632.6,0.0
632.7,0.0
632.8000000000001,0.0
632.9000000000001,0.0
633.0,0.0
633.1,0.0
633.2,0.0
633.3000000000001,0.0
633.4000000000001,0.0
633.5,0.0
633.6,0.0
633.7,0.0
633.8000000000001,0.0
633.9000000000001,0.0
634.0,0.0
634.1,0.0
634.2,0.0
634.3000000000001,0.0
634.4000000000001,0.0
634.5,0.0
634.6,0.0
634.7,0.0
634.8000000000001,0.0
634.9000000000001,0.0
635.0,0.0
635.1,0.0
635.2,0.0
635.3000000000001,0.0
635.4000000000001,0.0
635.5,0.0
635.6,0.0
635.7,0.0
635.8000000000001,0.0
635.9000000000001,0.0
636.0,0.0
636.1,0.0
636.2,0.0
636.3000000000001,0.0
636.4000000000001,0.0
636.5,0.0
636.6,0.0
636.7,0.0
636.8000000000001,0.0
636.9000000000001,0.0
637.0,0.0
637.1,0.0
637.2,0.0
637.3000000000001,0.0
637.4000000000001,0.0
637.5,0.0
637.6,0.0
637.7,0.0
637.8000000000001,0.0
637.9000000000001,0.0
638.0,0.0
638.1,0.0
638.2,0.0
638.3000000000001,0.0
638.4000000000001,0.0
638.5,0.0
638.6,0.0
638.7,0.0
638.8000000000001,0.0
638.9000000000001,0.0
639.0,0.0
639.1,0.0
639.2,0.0
639.3000000000001,0.0
639.4000000000001,0.0
639.5,0.0
639.6,0.0
639.7,0.0
639.8000000000001,0.0
639.9000000000001,0.0
640.0,0.0
640.1,0.0
640.2,0.0
640.3000000000001,0.0
640.4000000000001,0.0
640.5,0.0
640.6,0.0
640.7,0.0
640.8000000000001,0.0
640.9000000000001,0.0
641.0,0.0
641.1,0.0
641.2,0.0
641.3000000000001,0.0
641.4000000000001,0.0
641.5,0.0
641.6,0.0
641.7,0.0
641.8000000000001,0.0
641.9000000000001,0.0
642.0,0.0
642.1,0.0
642.2,0.0
642.3000000000001,0.0
642.4000000000001,0.0
642.5,0.0
642.6,0.0
642.7,0.0
642.8000000000001,0.0
642.9000000000001,0.0
643.0,0.0
643.1,0.0
643.2,0.0
643.3000000000001,0.0
643.4000000000001,0.0
643.5,0.0
643.6,0.0
643.7,0.0
643.8000000000001,0.0
643.9000000000001,0.0
644.0,0.0
644.1,0.0
644.2,0.0
644.3000000000001,0.0
644.4000000000001,0.0
644.5,0.0
644.6,0.0
644.7,0.0
644.8000000000001,0.0
644.9000000000001,0.0
645.0,0.0
645.1,0.050613803
645.2,0.114510168
645.3000000000001,0.189940985
645.4000000000001,0.275158142
645.5,0.368413528
645.6,0.467959032
645.7,0.572046542
645.8000000000001,0.678927948
645.9000000000001,0.786855137
646.0,0.89408
646.1,0.999322988
646.2,1.10317881
646.3000000000001,1.206710737
646.4000000000001,1.310982041
646.5,1.417055993
646.6,1.525995866
646.7,1.638864932
646.8000000000001,1.756726461
646.9000000000001,1.880643727
647.0,2.01168
647.1,2.150437957
647.2,2.295677889
647.3000000000001,2.445699492
647.4000000000001,2.598802464
647.5,2.753286499
647.6,2.907451295
647.7,3.059596546
647.8000000000001,3.20802195
647.9000000000001,3.351027203
648.0,3.486912
648.1,3.614455778
648.2,3.734356932
648.3000000000001,3.847793598
648.4000000000001,3.955943913
648.5,4.05998601
648.6,4.161098027
648.7,4.260458099
648.8000000000001,4.359244361
648.9000000000001,4.45863495
649.0,4.559808
649.1,4.663600884
649.2,4.769487919
649.3000000000001,4.876602658
649.4000000000001,4.984078654
649.5,5.09104946
649.6,5.196648629
649.7,5.300009715
649.8000000000001,5.400266269
649.9000000000001,5.496551847
650.0,5.588
650.1,5.673957037
650.2,5.754620287
650.3000000000001,5.830399833
650.4000000000001,5.901705759
650.5,5.96894815
650.6,6.032537088
650.7,6.092882659
650.8000000000001,6.150394945
650.9000000000001,6.205484031
651.0,6.25856
651.1,6.310103832
651.2,6.360880086
651.3000000000001,6.411724219
651.4000000000001,6.463471685
651.5,6.516957941
651.6,6.573018441
651.7,6.632488642
651.8000000000001,6.696203998
651.9000000000001,6.764999966
652.0,6.839712
652.1,6.92090274
652.2,7.008043561
652.3000000000001,7.10033302
652.4000000000001,7.196969675
652.5,7.297152086
652.6,7.40007881
652.7,7.504948405
652.8000000000001,7.610959429
652.9000000000001,7.717310442
653.0,7.8232
653.1,7.927908248
653.2,8.031041672
653.3000000000001,8.132288343
653.4000000000001,8.231336333
653.5,8.327873715
653.6,8.42158856
653.7,8.512168938
653.8000000000001,8.599302924
653.9000000000001,8.682678587
654.0,8.761984
654.1,8.837032524
654.2,8.908138681
654.3000000000001,8.975742281
654.4000000000001,9.040283135
654.5,9.102201054
654.6,9.161935848
654.7,9.219927329
654.8000000000001,9.276615308
654.9000000000001,9.332439594
655.0,9.38784
655.1,9.443165335
655.2,9.498400404
655.3000000000001,9.553439013
655.4000000000001,9.608174967
655.5,9.66250207
655.6,9.716314128
655.7,9.769504945
655.8000000000001,9.821968326
655.9000000000001,9.873598076
656.0,9.924288
656.1,9.973991801
656.2,10.02290277
656.3000000000001,10.07127411
656.4000000000001,10.11935901
656.5,10.16741067
656.6,10.21568226
656.7,10.264427
656.8000000000001,10.31389808
656.9000000000001,10.36434868
657.0,10.416032
657.1,10.46909735
657.2,10.52327848
657.3000000000001,10.57820527
657.4000000000001,10.63350757
657.5,10.68881527
657.6,10.74375822
657.7,10.7979663
657.8000000000001,10.85106938
657.9000000000001,10.90269732
658.0,10.95248
658.1,11.00009
658.2,11.04537082
658.3000000000001,11.08820866
658.4000000000001,11.12848973
658.5,11.16610026
658.6,11.20092644
658.7,11.2328545
658.8000000000001,11.26177063
658.9000000000001,11.28756106
659.0,11.310112
659.1,11.32942146
659.2,11.3459347
659.3000000000001,11.36020878
659.4000000000001,11.37280076
659.5,11.3842677
659.6,11.39516666
659.7,11.40605472
659.8000000000001,11.41748891
659.9000000000001,11.43002632
660.0,11.444224
660.1,11.46046198
660.2,11.47841218
660.3000000000001,11.49756948
660.4000000000001,11.51742878
660.5,11.53748495
660.6,11.55723289
660.7,11.57616747
660.8000000000001,11.5937836
660.9000000000001,11.60957614
661.0,11.62304
661.1,11.63381932
661.2,11.64215534
661.3000000000001,11.64843854
661.4000000000001,11.65305943
661.5,11.6564085
661.6,11.65887626
661.7,11.66085318
661.8000000000001,11.66272979
661.9000000000001,11.66489656
662.0,11.667744
662.1,11.67155549
662.2,11.67618594
662.3000000000001,11.68138315
662.4000000000001,11.68689491
662.5,11.69246904
662.6,11.69785332
662.7,11.70279556
662.8000000000001,11.70704356
662.9000000000001,11.7103451
663.0,11.712448
663.1,11.71320043
663.2,11.71285209
663.3000000000001,11.71175307
663.4000000000001,11.71025346
663.5,11.70870333
663.6,11.70745278
663.7,11.70685189
663.8000000000001,11.70725074
663.9000000000001,11.70899941
664.0,11.712448
664.1,11.71783099
664.2,11.72492052
664.3000000000001,11.73337311
664.4000000000001,11.7428453
664.5,11.75299363
664.6,11.76347462
664.7,11.77394482
664.8000000000001,11.78406076
664.9000000000001,11.79347898
665.0,11.801856
665.1,11.80894213
665.2,11.8148627
665.3000000000001,11.81983683
665.4000000000001,11.82408361
665.5,11.82782216
665.6,11.83127158
665.7,11.83465096
665.8000000000001,11.83817942
665.9000000000001,11.84207607
666.0,11.84656
666.1,11.85172498
666.2,11.85716339
666.3000000000001,11.86234229
666.4000000000001,11.86672872
666.5,11.86978973
666.6,11.87099235
666.7,11.86980365
666.8000000000001,11.86569066
666.9000000000001,11.85812043
667.0,11.84656
667.1,11.83070522
667.2,11.81116711
667.3000000000001,11.78878548
667.4000000000001,11.76440015
667.5,11.73885093
667.6,11.71297763
667.7,11.68762007
667.8000000000001,11.66361807
667.9000000000001,11.64181145
668.0,11.62304
668.1,11.60775605
668.2,11.59486192
668.3000000000001,11.58287242
668.4000000000001,11.57030237
668.5,11.55566657
668.6,11.53747985
668.7,11.51425701
668.8000000000001,11.48451288
668.9000000000001,11.44676227
669.0,11.39952
669.1,11.3417727
669.2,11.27439435
669.3000000000001,11.19873072
669.4000000000001,11.11612761
669.5,11.0279308
669.6,10.93548609
669.7,10.84013927
669.8000000000001,10.74323612
669.9000000000001,10.64612243
670.0,10.550144
670.1,10.45626439
670.2,10.36391832
670.3000000000001,10.27215827
670.4000000000001,10.18003674
670.5,10.08660623
670.6,9.990919208
670.7,9.892028186
670.8000000000001,9.788985649
670.9000000000001,9.680844089
671.0,9.566656
671.1,9.445860348
671.2,9.319442005
671.3000000000001,9.188772318
671.4000000000001,9.055222633
671.5,8.920164297
671.6,8.784968658
671.7,8.651007061
671.8000000000001,8.519650855
671.9000000000001,8.392271386
672.0,8.27024
672.1,8.154613734
672.2,8.045192379
672.3000000000001,7.941461416
672.4000000000001,7.842906325
672.5,7.749012587
672.6,7.659265681
672.7,7.57315109
672.8000000000001,7.490154292
672.9000000000001,7.409760768
673.0,7.331456
673.1,7.254657451
673.2,7.178510525
673.3000000000001,7.102092609
673.4000000000001,7.02448109
673.5,6.944753356
673.6,6.861986793
673.7,6.775258788
673.8000000000001,6.68364673
673.9000000000001,6.586228005
674.0,6.48208
674.1,6.370598252
674.2,6.252450895
674.3000000000001,6.12862421
674.4000000000001,6.000104481
674.5,5.86787799
674.6,5.73293102
674.7,5.596249854
674.8000000000001,5.458820773
674.9000000000001,5.321630061
675.0,5.185664
675.1,5.05168778
675.2,4.919582215
675.3000000000001,4.789007029
675.4000000000001,4.659621944
675.5,4.531086682
675.6,4.403060966
675.7,4.275204517
675.8000000000001,4.147177058
675.9000000000001,4.018638312
676.0,3.889248
676.1,3.75878503
676.2,3.627505044
676.3000000000001,3.495782872
676.4000000000001,3.363993341
676.5,3.23251128
676.6,3.101711516
676.7,2.971968878
676.8000000000001,2.843658194
676.9000000000001,2.717154292
677.0,2.592832
677.1,2.471078726
677.2,2.3523322
677.3000000000001,2.23704273
677.4000000000001,2.125660627
677.5,2.018636198
677.6,1.916419753
677.7,1.819461602
677.8000000000001,1.728212053
677.9000000000001,1.643121416
678.0,1.56464
678.1,1.492869793
678.2,1.4265195
678.3000000000001,1.363949502
678.4000000000001,1.303520185
678.5,1.243591929
678.6,1.18252512
678.7,1.118680139
678.8000000000001,1.05041737
678.9000000000001,0.976097196
679.0,0.89408
679.1,0.803436309
679.2,0.706077225
679.3000000000001,0.604623996
679.4000000000001,0.501697867
679.5,0.399920084
679.6,0.301911895
679.7,0.210294546
679.8000000000001,0.127689283
679.9000000000001,0.056717352
680.0,0.0
680.1,0.0
680.2,0.0
680.3000000000001,0.0
680.4000000000001,0.0
680.5,0.0
680.6,0.0
680.7,0.0
680.8000000000001,0.0
680.9000000000001,0.0
681.0,0.0
681.1,0.0
681.2,0.0
681.3000000000001,0.0
681.4000000000001,0.0
681.5,0.0
681.6,0.0
681.7,0.0
681.8000000000001,0.0
681.9000000000001,0.0
682.0,0.0
682.1,0.0
682.2,0.0
682.3000000000001,0.0
682.4000000000001,0.0
682.5,0.0
682.6,0.0
682.7,0.0
682.8000000000001,0.0
682.9000000000001,0.0
683.0,0.0
683.1,0.0
683.2,0.0
683.3000000000001,0.0
683.4000000000001,0.0
683.5,0.0
683.6,0.0
683.7,0.0
683.8000000000001,0.0
683.9000000000001,0.0
684.0,0.0
684.1,0.0
684.2,0.0
684.3000000000001,0.0
684.4000000000001,0.0
684.5,0.0
684.6,0.0
684.7,0.0
684.8000000000001,0.0
684.9000000000001,0.0
685.0,0.0
685.1,0.0
685.2,0.0
685.3000000000001,0.0
685.4000000000001,0.0
685.5,0.0
685.6,0.0
685.7,0.0
685.8000000000001,0.0
685.9000000000001,0.0
686.0,0.0
686.1,0.0
686.2,0.0
686.3000000000001,0.0
686.4000000000001,0.0
686.5,0.0
686.6,0.0
686.7,0.0
686.8000000000001,0.0
686.9000000000001,0.0
687.0,0.0
687.1,0.0
687.2,0.0
687.3000000000001,0.0
687.4000000000001,0.0
687.5,0.0
687.6,0.0
687.7,0.0
687.8000000000001,0.0
687.9000000000001,0.0
688.0,0.0
688.1,0.0
688.2,0.0
688.3000000000001,0.0
688.4000000000001,0.0
688.5,0.0
688.6,0.0
688.7,0.0
688.8000000000001,0.0
688.9000000000001,0.0
689.0,0.0
689.1,0.0
689.2,0.0
689.3000000000001,0.0
689.4000000000001,0.0
689.5,0.0
689.6,0.0
689.7,0.0
689.8000000000001,0.0
689.9000000000001,0.0
690.0,0.0
690.1,0.0
690.2,0.0
690.3000000000001,0.0
690.4000000000001,0.0
690.5,0.0
690.6,0.0
690.7,0.0
690.8000000000001,0.0
690.9000000000001,0.0
691.0,0.0
691.1,0.0
691.2,0.0
691.3000000000001,0.0
691.4000000000001,0.0
691.5,0.0
691.6,0.0
691.7,0.0
691.8000000000001,0.0
691.9000000000001,0.0
692.0,0.0
692.1,0.0
692.2,0.0
692.3000000000001,0.0
692.4000000000001,0.0
692.5,0.0
692.6,0.0
692.7,0.0
692.8000000000001,0.0
692.9000000000001,0.0
693.0,0.0
693.1,0.031193372
693.2,0.07100989
693.3000000000001,0.118831893
693.4000000000001,0.17404172
693.5,0.236021711
693.6,0.304154205
693.7,0.377821541
693.8000000000001,0.45640606
693.9000000000001,0.539290099
694.0,0.625856
694.1,0.715403201
694.2,0.806899541
694.3000000000001,0.89922996
694.4000000000001,0.991279397
694.5,1.081932792
694.6,1.170075083
694.7,1.25459121
694.8000000000001,1.334366112
694.9000000000001,1.408284729
695.0,1.475232
695.1,1.534543872
695.2,1.58736033
695.3000000000001,1.635272363
695.4000000000001,1.679870963
695.5,1.722747122
695.6,1.765491831
695.7,1.809696083
695.8000000000001,1.856950867
695.9000000000001,1.908847175
696.0,1.966976
696.1,2.032593021
696.2,2.105612677
696.3000000000001,2.185614094
696.4000000000001,2.272176399
696.5,2.36487872
696.6,2.463300183
696.7,2.567019916
696.8000000000001,2.675617045
696.9000000000001,2.788670697
697.0,2.90576
697.1,3.026370827
697.2,3.149616035
697.3000000000001,3.27451523
697.4000000000001,3.400088016
697.5,3.525353998
697.6,3.64933278
697.7,3.771043966
697.8000000000001,3.889507162
697.9000000000001,4.003741972
698.0,4.112768
698.1,4.215955545
698.2,4.314077679
698.3000000000001,4.40825817
698.4000000000001,4.499620784
698.5,4.589289289
698.6,4.67838745
698.7,4.768039035
698.8000000000001,4.85936781
698.9000000000001,4.953497543
699.0,5.051552
699.1,5.154194803
699.2,5.260248993
699.3000000000001,5.368077466
699.4000000000001,5.476043119
699.5,5.582508848
699.6,5.685837549
699.7,5.784392118
699.8000000000001,5.876535452
699.9000000000001,5.960630448
700.0,6.03504
700.1,6.098767517
700.2,6.153378447
700.3000000000001,6.201078751
700.4000000000001,6.244074389
700.5,6.284571321
700.6,6.324775507
700.7,6.366892908
700.8000000000001,6.413129484
700.9000000000001,6.465691195
701.0,6.526784
701.1,6.597853083
701.2,6.677300516
701.3000000000001,6.762767595
701.4000000000001,6.851895614
701.5,6.942325869
701.6,7.031699654
701.7,7.117658264
701.8000000000001,7.197842995
701.9000000000001,7.269895142
702.0,7.331456
702.1,7.380781303
702.2,7.418584543
702.3000000000001,7.446193653
702.4000000000001,7.464936563
702.5,7.476141205
702.6,7.48113551
702.7,7.481247411
702.8000000000001,7.477804839
702.9000000000001,7.472135724
703.0,7.465568
703.1,7.459163145
703.2,7.45291683
703.3000000000001,7.446558274
703.4000000000001,7.439816695
703.5,7.432421313
703.6,7.424101345
703.7,7.414586012
703.8000000000001,7.40360453
703.9000000000001,7.39088612
704.0,7.37616
704.1,7.359472645
704.2,7.342139561
704.3000000000001,7.325793508
704.4000000000001,7.312067249
704.5,7.302593544
704.6,7.299005156
704.7,7.302934846
704.8000000000001,7.316015375
704.9000000000001,7.339879506
705.0,7.37616
705.1,7.425844674
705.2,7.487341567
705.3000000000001,7.558413774
705.4000000000001,7.63682439
705.5,7.720336511
705.6,7.806713231
705.7,7.893717645
705.8000000000001,7.979112848
705.9000000000001,8.060661934
706.0,8.136128
706.1,8.203793204
706.2,8.264015965
706.3000000000001,8.317673764
706.4000000000001,8.365644086
706.5,8.408804411
706.6,8.448032224
706.7,8.484205007
706.8000000000001,8.518200242
706.9000000000001,8.550895412
707.0,8.583168
707.1,8.615805294
707.2,8.649233807
707.3000000000001,8.683789858
707.4000000000001,8.719809764
707.5,8.757629844
707.6,8.797586416
707.7,8.8400158
707.8000000000001,8.885254312
707.9000000000001,8.933638273
708.0,8.985504
708.1,9.041029523
708.2,9.099759718
708.3000000000001,9.161081174
708.4000000000001,9.224380476
708.5,9.289044214
708.6,9.354458975
708.7,9.420011347
708.8000000000001,9.485087916
708.9000000000001,9.549075271
709.0,9.61136
709.1,9.671381478
709.2,9.728790231
709.3000000000001,9.783289576
709.4000000000001,9.834582827
709.5,9.882373299
709.6,9.926364307
709.7,9.966259166
709.8000000000001,10.00176119
709.9000000000001,10.0325737
710.0,10.0584
710.1,10.07902466
710.2,10.09455724
710.3000000000001,10.10518855
710.4000000000001,10.1111094
710.5,10.11251059
710.6,10.10958293
710.7,10.10251724
710.8000000000001,10.09150431
710.9000000000001,10.07673496
711.0,10.0584
711.1,10.0368489
711.2,10.01306578
711.3000000000001,9.988193453
711.4000000000001,9.963374706
711.5,9.939752337
711.6,9.91846914
711.7,9.900667913
711.8000000000001,9.88749145
711.9000000000001,9.880082547
712.0,9.879584
712.1,9.88678033
712.2,9.901022956
712.3000000000001,9.921305024
712.4000000000001,9.946619677
712.5,9.975960061
712.6,10.00831932
712.7,10.0426906
712.8000000000001,10.07806704
712.9000000000001,10.11344179
713.0,10.147808
713.1,10.18036034
713.2,10.21109967
713.3000000000001,10.24022837
713.4000000000001,10.26794882
713.5,10.29446342
713.6,10.31997454
713.7,10.34468457
713.8000000000001,10.3687959
713.9000000000001,10.39251092
714.0,10.416032
714.1,10.43938188
714.2,10.46186462
714.3000000000001,10.48260466
714.4000000000001,10.5007264
714.5,10.51535427
714.6,10.52561267
714.7,10.53062603
714.8000000000001,10.52951876
714.9000000000001,10.52141528
715.0,10.50544
715.1,10.48105564
715.2,10.44907805
715.3000000000001,10.4106614
715.4000000000001,10.36695984
715.5,10.31912752
715.6,10.2683186
715.7,10.21568723
715.8000000000001,10.16238757
715.9000000000001,10.10957378
716.0,10.0584
716.1,10.00978569
716.2,9.96371142
716.3000000000001,9.919923079
716.4000000000001,9.878166535
716.5,9.838187663
716.6,9.799732339
716.7,9.762546436
716.8000000000001,9.726375829
716.9000000000001,9.690966392
717.0,9.656064
717.1,9.621299828
717.2,9.585846249
717.3000000000001,9.54876094
717.4000000000001,9.509101575
717.5,9.465925829
717.6,9.418291376
717.7,9.365255892
717.8000000000001,9.305877051
717.9000000000001,9.239212529
718.0,9.16432
718.1,9.080548316
718.2,8.988411038
718.3000000000001,8.888712904
718.4000000000001,8.782258653
718.5,8.669853022
718.6,8.552300749
718.7,8.430406572
718.8000000000001,8.304975229
718.9000000000001,8.176811459
719.0,8.04672
719.1,7.915394364
719.2,7.783083166
719.3000000000001,7.649923794
719.4000000000001,7.516053637
719.5,7.381610085
719.6,7.246730526
719.7,7.111552349
719.8000000000001,6.976212943
719.9000000000001,6.840849697
720.0,6.7056
720.1,6.570576147
720.2,6.435790059
720.3000000000001,6.30122856
720.4000000000001,6.166878478
720.5,6.032726639
720.6,5.898759869
720.7,5.764964994
720.8000000000001,5.63132884
720.9000000000001,5.497838233
721.0,5.36448
721.1,5.231229047
721.2,5.0980126
721.3000000000001,4.964745965
721.4000000000001,4.831344449
721.5,4.697723358
721.6,4.563797999
721.7,4.429483677
721.8000000000001,4.294695699
721.9000000000001,4.159349371
722.0,4.02336
722.1,3.886805073
722.2,3.750410806
722.3000000000001,3.615065595
722.4000000000001,3.481657837
722.5,3.351075927
722.6,3.224208264
722.7,3.101943243
722.8000000000001,2.985169261
722.9000000000001,2.874774714
723.0,2.771648
723.1,2.676353636
723.2,2.588160623
723.3000000000001,2.506014087
723.4000000000001,2.428859148
723.5,2.355640932
723.6,2.285304562
723.7,2.21679516
723.8000000000001,2.14905785
723.9000000000001,2.081037756
724.0,2.01168
724.1,1.940258368
724.2,1.867361292
724.3000000000001,1.793905867
724.4000000000001,1.720809186
724.5,1.648988343
724.6,1.579360433
724.7,1.512842549
724.8000000000001,1.450351787
724.9000000000001,1.392805239
725.0,1.34112
725.1,1.295803548
725.2,1.255724895
725.3000000000001,1.219343438
725.4000000000001,1.185118573
725.5,1.151509696
725.6,1.116976203
725.7,1.079977491
725.8000000000001,1.038972956
725.9000000000001,0.992421993
726.0,0.938784
726.1,0.877068208
726.2,0.80848319
726.3000000000001,0.734787356
726.4000000000001,0.657739114
726.5,0.579096873
726.6,0.500619042
726.7,0.424064031
726.8000000000001,0.351190247
726.9000000000001,0.283756101
727.0,0.22352
727.1,0.172059973
727.2,0.13023252
727.3000000000001,0.098713763
727.4000000000001,0.07817982
727.5,0.069306812
727.6,0.07277086
727.7,0.089248082
727.8000000000001,0.119414599
727.9000000000001,0.163946532
728.0,0.22352
728.1,0.298446366
728.2,0.387577961
728.3000000000001,0.489402362
728.4000000000001,0.602407143
728.5,0.725079878
728.6,0.855908143
728.7,0.993379513
728.8000000000001,1.135981563
728.9000000000001,1.282201867
729.0,1.430528
729.1,1.579656421
729.2,1.729119123
729.3000000000001,1.878656981
729.4000000000001,2.028010873
729.5,2.176921675
729.6,2.325130262
729.7,2.472377512
729.8000000000001,2.618404301
729.9000000000001,2.762951505
730.0,2.90576
730.1,3.046681038
730.2,3.186007372
730.3000000000001,3.324142128
730.4000000000001,3.461488436
730.5,3.598449422
730.6,3.735428215
730.7,3.872827941
730.8000000000001,4.011051729
730.9000000000001,4.150502706
731.0,4.291584
731.1,4.434405986
731.2,4.57790803
731.3000000000001,4.720736745
731.4000000000001,4.861538742
731.5,4.998960636
731.6,5.131649039
731.7,5.258250564
731.8000000000001,5.377411824
731.9000000000001,5.487779432
732.0,5.588
732.1,5.677244328
732.2,5.756779963
732.3000000000001,5.828398637
732.4000000000001,5.893892082
732.5,5.955052032
732.6,6.01367022
732.7,6.071538378
732.8000000000001,6.130448238
732.9000000000001,6.192191535
733.0,6.25856
733.1,6.330927196
733.2,6.408994006
733.3000000000001,6.492043141
733.4000000000001,6.579357313
733.5,6.670219235
733.6,6.763911618
733.7,6.859717174
733.8000000000001,6.956918615
733.9000000000001,7.054798653
734.0,7.15264
734.1,7.249800966
734.2,7.345942253
734.3000000000001,7.440800159
734.4000000000001,7.534110984
734.5,7.625611028
734.6,7.71503659
734.7,7.802123968
734.8000000000001,7.886609463
734.9000000000001,7.968229374
735.0,8.04672
735.1,8.121978123
735.2,8.194542455
735.3000000000001,8.265112191
735.4000000000001,8.334386525
735.5,8.403064652
735.6,8.471845767
735.7,8.541429065
735.8000000000001,8.61251374
735.9000000000001,8.685798987
736.0,8.761984
736.1,8.84154219
736.2,8.924043832
736.3000000000001,9.008833414
736.4000000000001,9.095255428
736.5,9.182654363
736.6,9.270374709
736.7,9.357760955
736.8000000000001,9.444157593
736.9000000000001,9.528909111
737.0,9.61136
737.1,9.691016252
737.2,9.768029866
737.3000000000001,9.842714343
737.4000000000001,9.915383186
737.5,9.986349896
737.6,10.05592797
737.7,10.12443092
737.8000000000001,10.19217224
737.9000000000001,10.25946543
738.0,10.326624
738.1,10.39385415
738.2,10.4609329
738.3000000000001,10.52752998
738.4000000000001,10.59331512
738.5,10.65795805
738.6,10.7211285
738.7,10.78249619
738.8000000000001,10.84173085
738.9000000000001,10.89850221
739.0,10.95248
739.1,11.00346751
739.2,11.05180232
739.3000000000001,11.09795556
739.4000000000001,11.14239837
739.5,11.18560189
739.6,11.22803726
739.7,11.27017562
739.8000000000001,11.3124881
739.9000000000001,11.35544585
740.0,11.39952
740.1,11.44502294
740.2,11.49163203
740.3000000000001,11.53886589
740.4000000000001,11.58624313
740.5,11.63328237
740.6,11.67950222
740.7,11.72442129
740.8000000000001,11.76755821
740.9000000000001,11.80843157
741.0,11.84656
741.1,11.88160593
741.2,11.91380704
741.3000000000001,11.94354486
741.4000000000001,11.97120088
741.5,11.99715663
741.6,12.0217936
741.7,12.04549332
741.8000000000001,12.06863728
741.9000000000001,12.09160701
742.0,12.114784
742.1,12.13844619
742.2,12.16245718
742.3000000000001,12.18657699
742.4000000000001,12.21056562
742.5,12.23418312
742.6,12.25718948
742.7,12.27934473
742.8000000000001,12.30040889
742.9000000000001,12.32014197
743.0,12.338304
743.1,12.35474669
743.2,12.36968853
743.3000000000001,12.38343971
743.4000000000001,12.39631044
743.5,12.40861091
743.6,12.4206513
743.7,12.43274181
743.8000000000001,12.44519264
743.9000000000001,12.45831397
744.0,12.472416
744.1,12.48772454
744.2,12.50412786
744.3000000000001,12.52142983
744.4000000000001,12.53943433
744.5,12.55794526
744.6,12.57676648
744.7,12.59570189
744.8000000000001,12.61455536
744.9000000000001,12.63313077
745.0,12.651232
745.1,12.66868527
745.2,12.68540607
745.3000000000001,12.70133225
745.4000000000001,12.71640163
745.5,12.73055206
745.6,12.74372136
745.7,12.75584737
745.8000000000001,12.76686793
745.9000000000001,12.77672086
746.0,12.785344
746.1,12.79267027
746.2,12.79861292
746.3000000000001,12.80308028
746.4000000000001,12.8059807
746.5,12.8072225
746.6,12.80671402
746.7,12.80436359
746.8000000000001,12.80007956
746.9000000000001,12.79377025
747.0,12.785344
747.1,12.7747959
747.2,12.76246802
747.3000000000001,12.74878918
747.4000000000001,12.73418822
747.5,12.71909396
747.6,12.70393522
747.7,12.68914083
747.8000000000001,12.67513961
747.9000000000001,12.66236039
748.0,12.651232
748.1,12.6420647
748.2,12.63469454
748.3000000000001,12.62883899
748.4000000000001,12.62421554
748.5,12.62054168
748.6,12.61753488
748.7,12.61491263
748.8000000000001,12.61239241
748.9000000000001,12.60969171
749.0,12.606528
749.1,12.60264862
749.2,12.59792029
749.3000000000001,12.59223959
749.4000000000001,12.58550308
749.5,12.57760733
749.6,12.56844891
749.7,12.5579244
749.8000000000001,12.54593036
749.9000000000001,12.53236337
750.0,12.51712
750.1,12.50014068
750.2,12.48154134
750.3000000000001,12.46148175
750.4000000000001,12.44012172
750.5,12.41762101
750.6,12.39413942
750.7,12.36983674
750.8000000000001,12.34487276
750.9000000000001,12.31940725
751.0,12.2936
751.1,12.26753959
751.2,12.24102974
751.3000000000001,12.21380296
751.4000000000001,12.18559175
751.5,12.15612863
751.6,12.12514609
751.7,12.09237665
751.8000000000001,12.05755282
751.9000000000001,12.0204071
752.0,11.980672
752.1,11.93809749
752.2,11.8925034
752.3000000000001,11.84372701
752.4000000000001,11.7916056
752.5,11.73597648
752.6,11.67667691
752.7,11.61354419
752.8000000000001,11.54641561
752.9000000000001,11.47512845
753.0,11.39952
753.1,11.31956302
753.2,11.23577215
753.3000000000001,11.14879752
753.4000000000001,11.05928926
753.5,10.96789747
753.6,10.87527228
753.7,10.78206382
753.8000000000001,10.68892221
753.9000000000001,10.59649756
754.0,10.50544
754.1,10.41619793
754.2,10.32841286
754.3000000000001,10.2415246
754.4000000000001,10.15497293
754.5,10.06819765
754.6,9.980638563
754.7,9.891735457
754.8000000000001,9.800928131
754.9000000000001,9.70765638
755.0,9.61136
755.1,9.511613749
755.2,9.40853224
755.3000000000001,9.30236505
755.4000000000001,9.193361753
755.5,9.081771927
755.6,8.967845146
755.7,8.851830987
755.8000000000001,8.733979026
755.9000000000001,8.614538838
756.0,8.49376
756.1,8.372000995
756.2,8.250055936
756.3000000000001,8.128827844
756.4000000000001,8.009219739
756.5,7.892134642
756.6,7.778475574
756.7,7.669145555
756.8000000000001,7.565047606
756.9000000000001,7.467084748
757.0,7.37616
757.1,7.292784607
757.2,7.215902703
757.3000000000001,7.144066647
757.4000000000001,7.075828794
757.5,7.009741504
757.6,6.944357134
757.7,6.87822804
757.8000000000001,6.809906582
757.9000000000001,6.737945116
758.0,6.660896
758.1,6.577607489
758.2,6.488111426
758.3000000000001,6.392735554
758.4000000000001,6.291807612
758.5,6.185655341
758.6,6.074606483
758.7,5.958988779
758.8000000000001,5.83912997
758.9000000000001,5.715357797
759.0,5.588
759.1,5.457397181
759.2,5.323941383
759.3000000000001,5.188037507
759.4000000000001,5.050090455
759.5,4.910505131
759.6,4.769686436
759.7,4.628039274
759.8000000000001,4.485968545
759.9000000000001,4.343879153
760.0,4.202176
760.1,4.06114017
760.2,3.920557475
760.3000000000001,3.780089908
760.4000000000001,3.639399463
760.5,3.498148134
760.6,3.355997915
760.7,3.212610798
760.8000000000001,3.067648777
760.9000000000001,2.920773847
761.0,2.771648
761.1,2.620192123
761.2,2.46736267
761.3000000000001,2.314374989
761.4000000000001,2.162444427
761.5,2.012786331
761.6,1.866616049
761.7,1.725148927
761.8000000000001,1.589600314
761.9000000000001,1.461185556
762.0,1.34112
762.1,1.230422507
762.2,1.129325989
762.3000000000001,1.037866872
762.4000000000001,0.956081581
762.5,0.884006541
762.6,0.821678178
762.7,0.769132917
762.8000000000001,0.726407183
762.9000000000001,0.693537403
763.0,0.67056
763.1,0.657189081
763.2,0.651849468
763.3000000000001,0.652643666
763.4000000000001,0.657674176
763.5,0.665043504
763.6,0.672854151
763.7,0.67920862
763.8000000000001,0.682209417
763.9000000000001,0.679959042
764.0,0.67056
764.1,0.65257237
764.2,0.626386538
764.3000000000001,0.592850465
764.4000000000001,0.552812113
764.5,0.507119444
764.6,0.456620419
764.7,0.402163001
764.8000000000001,0.34459515
764.9000000000001,0.28476483
765.0,0.22352
765.1,0.161988798
765.2,0.10242006
765.3000000000001,0.047342794
765.4000000000001,0.0
765.5,0.0
765.6,0.0
765.7,0.0
765.8000000000001,0.0
765.9000000000001,0.0
766.0,0.0
766.1,0.070991157
766.2,0.163788584
766.3000000000001,0.275475
766.4000000000001,0.403133125
766.5,0.543845676
766.6,0.694695374
766.7,0.852764936
766.8000000000001,1.015137082
766.9000000000001,1.178894531
767.0,1.34112
767.1,1.499475248
767.2,1.653938182
767.3000000000001,1.80506575
767.4000000000001,1.953414899
767.5,2.099542574
767.6,2.244005724
767.7,2.387361295
767.8000000000001,2.530166233
767.9000000000001,2.672977486
768.0,2.816352
768.1,2.960734701
768.2,3.106122433
768.3000000000001,3.252400016
768.4000000000001,3.399452273
768.5,3.547164026
768.6,3.695420097
768.7,3.844105308
768.8000000000001,3.993104481
768.9000000000001,4.142302438
769.0,4.291584
769.1,4.440837147
769.2,4.589962488
769.3000000000001,4.738863787
769.4000000000001,4.887444809
769.5,5.035609321
769.6,5.183261086
769.7,5.330303872
769.8000000000001,5.476641443
769.9000000000001,5.622177563
770.0,5.766816
770.1,5.910381093
770.2,6.052379488
770.3000000000001,6.192238406
770.4000000000001,6.329385067
770.5,6.463246691
770.6,6.593250501
770.7,6.718823716
770.8000000000001,6.839393557
770.9000000000001,6.954387244
771.0,7.063232
771.1,7.165490767
771.2,7.261269382
771.3000000000001,7.350809405
771.4000000000001,7.434352396
771.5,7.512139914
771.6,7.584413518
771.7,7.65141477
771.8000000000001,7.713385227
771.9000000000001,7.770566451
772.0,7.8232
772.1,7.871600414
772.2,7.91637415
772.3000000000001,7.958200644
772.4000000000001,7.997759333
772.5,8.035729654
772.6,8.072791042
772.7,8.109622934
772.8000000000001,8.146904767
772.9000000000001,8.185315977
773.0,8.225536
773.1,8.268084857
773.2,8.312844897
773.3000000000001,8.359539057
773.4000000000001,8.407890271
773.5,8.457621472
773.6,8.508455595
773.7,8.560115575
773.8000000000001,8.612324346
773.9000000000001,8.664804843
774.0,8.71728
774.1,8.769545696
774.2,8.821689588
774.3000000000001,8.873872278
774.4000000000001,8.926254368
774.5,8.978996459
774.6,9.032259154
774.7,9.086203054
774.8000000000001,9.14098876
774.9000000000001,9.196776875
775.0,9.253728
775.1,9.31191508
775.2,9.371060431
775.3000000000001,9.43079871
775.4000000000001,9.490764578
775.5,9.550592691
775.6,9.609917709
775.7,9.668374291
775.8000000000001,9.725597094
775.9000000000001,9.781220778
776.0,9.83488
776.1,9.886397696
776.2,9.936349906
776.3000000000001,9.985500945
776.4000000000001,10.03461513
776.5,10.08445678
776.6,10.1357902
776.7,10.18937972
776.8000000000001,10.24598965
776.9000000000001,10.3063843
777.0,10.371328
777.1,10.44132194
777.2,10.51581489
777.3000000000001,10.59399249
777.4000000000001,10.67504037
777.5,10.7581442
777.6,10.84248961
777.7,10.92726225
777.8000000000001,11.01164777
777.9000000000001,11.0948318
778.0,11.176
778.1,11.25448691
778.2,11.33022273
778.3000000000001,11.40328652
778.4000000000001,11.47375739
778.5,11.54171441
778.6,11.60723669
778.7,11.6704033
778.8000000000001,11.73129333
778.9000000000001,11.78998586
779.0,11.84656
779.1,11.90107523
779.2,11.9535127
779.3000000000001,12.00383397
779.4000000000001,12.0520006
779.5,12.09797414
779.6,12.14171614
779.7,12.18318818
779.8000000000001,12.22235179
779.9000000000001,12.25916855
780.0,12.2936
780.1,12.32562656
780.2,12.35530406
780.3000000000001,12.38270718
780.4000000000001,12.40791061
780.5,12.43098903
780.6,12.45201713
780.7,12.47106959
780.8000000000001,12.4882211
780.9000000000001,12.50354634
781.0,12.51712
781.1,12.52909504
781.2,12.53993756
781.3000000000001,12.55019193
781.4000000000001,12.56040253
781.5,12.57111373
781.6,12.58286992
781.7,12.59621546
781.8000000000001,12.61169474
781.9000000000001,12.62985213
782.0,12.651232
782.1,12.67613616
782.2,12.70389612
782.3000000000001,12.73360079
782.4000000000001,12.76433913
782.5,12.79520004
782.6,12.82527248
782.7,12.85364536
782.8000000000001,12.87940762
782.9000000000001,12.90164819
783.0,12.919456
783.1,12.93218614
783.2,12.94025834
783.3000000000001,12.94435847
783.4000000000001,12.94517243
783.5,12.9433861
783.6,12.93968536
783.7,12.93475609
783.8000000000001,12.92928419
783.9000000000001,12.92395553
784.0,12.919456
784.1,12.91631998
784.2,12.91447586
784.3000000000001,12.91370049
784.4000000000001,12.91377077
784.5,12.91446357
784.6,12.91555576
784.7,12.91682423
784.8000000000001,12.91804584
784.9000000000001,12.91899747
785.0,12.919456
785.1,12.91922522
785.2,12.91821661
785.3000000000001,12.91636855
785.4000000000001,12.91361942
785.5,12.90990762
785.6,12.90517152
785.7,12.89934953
785.8000000000001,12.89238002
785.9000000000001,12.88420138
786.0,12.874752
786.1,12.86401409
786.2,12.85214519
786.3000000000001,12.83934663
786.4000000000001,12.82581977
786.5,12.81176596
786.6,12.79738656
786.7,12.78288291
786.8000000000001,12.76845636
786.9000000000001,12.75430828
787.0,12.74064
787.1,12.72762947
787.2,12.71536098
787.3000000000001,12.70389541
787.4000000000001,12.69329363
787.5,12.68361654
787.6,12.674925
787.7,12.6672799
787.8000000000001,12.66074211
787.9000000000001,12.65537252
788.0,12.651232
788.1,12.64834185
788.2,12.64656501
788.3000000000001,12.64572483
788.4000000000001,12.64564467
788.5,12.64614789
788.6,12.64705783
788.7,12.64819786
788.8000000000001,12.64939133
788.9000000000001,12.65046159
789.0,12.651232
789.1,12.65157356
789.2,12.65154788
789.3000000000001,12.65126421
789.4000000000001,12.6508318
789.5,12.65035991
789.6,12.64995778
789.7,12.64973467
789.8000000000001,12.64979984
789.9000000000001,12.65026253
790.0,12.651232
790.1,12.65271119
790.2,12.65427783
790.3000000000001,12.65540332
790.4000000000001,12.65555907
790.5,12.65421649
790.6,12.65084699
790.7,12.64492198
790.8000000000001,12.63591287
790.9000000000001,12.62329108
791.0,12.606528
791.1,12.58533852
791.2,12.56041139
791.3000000000001,12.53267881
791.4000000000001,12.50307299
791.5,12.47252615
791.6,12.4419705
791.7,12.41233825
791.8000000000001,12.3845616
791.9000000000001,12.35957279
792.0,12.338304
792.1,12.32144576
792.2,12.30872174
792.3000000000001,12.29961394
792.4000000000001,12.29360434
792.5,12.29017492
792.6,12.28880766
792.7,12.28898456
792.8000000000001,12.29018759
792.9000000000001,12.29189874
793.0,12.2936
793.1,12.29487084
793.2,12.29568072
793.3000000000001,12.2960966
793.4000000000001,12.29618544
793.5,12.29601418
793.6,12.2956498
793.7,12.29515923
793.8000000000001,12.29460943
793.9000000000001,12.29406737
794.0,12.2936
794.1,12.2932601
794.2,12.29304382
794.3000000000001,12.29293312
794.4000000000001,12.29290997
794.5,12.29295635
794.6,12.29305421
794.7,12.29318554
794.8000000000001,12.2933323
794.9000000000001,12.29347646
795.0,12.2936
795.1,12.29368874
795.2,12.293744
795.3000000000001,12.29377092
795.4000000000001,12.29377468
795.5,12.29376044
795.6,12.29373336
795.7,12.29369861
795.8000000000001,12.29366136
795.9000000000001,12.29362677
796.0,12.2936
796.1,12.29358492
796.2,12.2935802
796.3000000000001,12.29358321
796.4000000000001,12.29359132
796.5,12.29360191
796.6,12.29361235
796.7,12.29362
796.8000000000001,12.29362225
796.9000000000001,12.29361646
797.0,12.2936
797.1,12.29357158
797.2,12.29353521
797.3000000000001,12.29349624
797.4000000000001,12.29346003
797.5,12.29343191
797.6,12.29341724
797.7,12.29342137
797.8000000000001,12.29344964
797.9000000000001,12.2935074
798.0,12.2936
798.1,12.29377348
798.2,12.2942366
798.3000000000001,12.29523883
798.4000000000001,12.29702963
798.5,12.29985845
798.6,12.30397475
798.7,12.309628
798.8000000000001,12.31706765
798.9000000000001,12.32654317
799.0,12.338304
799.1,12.35248025
799.2,12.36872454
799.3000000000001,12.38657014
799.4000000000001,12.4055503
799.5,12.4251983
799.6,12.4450474
799.7,12.46463085
799.8000000000001,12.48348193
799.9000000000001,12.50113389
800.0,12.51712
800.1,12.53123148
800.2,12.54429142
800.3000000000001,12.55738085
800.4000000000001,12.57158081
800.5,12.58797234
800.6,12.60763649
800.7,12.63165428
800.8000000000001,12.66110678
800.9000000000001,12.697075
801.0,12.74064
801.1,12.79246207
801.2,12.85151855
801.3000000000001,12.91636602
801.4000000000001,12.98556109
801.5,13.05766033
801.6,13.13122035
801.7,13.20479774
801.8000000000001,13.27694908
801.9000000000001,13.34623097
802.0,13.4112
802.1,13.47076487
802.2,13.52524271
802.3000000000001,13.57530274
802.4000000000001,13.6216142
802.5,13.66484633
802.6,13.70566834
802.7,13.74474949
802.8000000000001,13.78275899
802.9000000000001,13.82036608
803.0,13.85824
803.1,13.89695637
803.2,13.93671639
803.3000000000001,13.97762766
803.4000000000001,14.01979778
803.5,14.06333436
803.6,14.10834499
803.7,14.15493727
803.8000000000001,14.2032188
803.9000000000001,14.25329718
804.0,14.30528
804.1,14.35907367
804.2,14.41377975
804.3000000000001,14.46829863
804.4000000000001,14.52153066
804.5,14.57237622
804.6,14.61973569
804.7,14.66250943
804.8000000000001,14.69959782
804.9000000000001,14.72990121
805.0,14.75232
805.1,14.76620593
805.2,14.77271629
805.3000000000001,14.77345976
805.4000000000001,14.77004502
805.5,14.76408074
805.6,14.7571756
805.7,14.75093828
805.8000000000001,14.74697746
805.9000000000001,14.74690181
806.0,14.75232
806.1,14.76439869
806.2,14.78253641
806.3000000000001,14.80568967
806.4000000000001,14.83281497
806.5,14.86286882
806.6,14.89480772
806.7,14.92758819
806.8000000000001,14.96016672
806.9000000000001,14.99149982
807.0,15.020544
807.1,15.0464996
807.2,15.06954229
807.3000000000001,15.09009158
807.4000000000001,15.10856697
807.5,15.12538798
807.6,15.14097411
807.7,15.15574487
807.8000000000001,15.17011977
807.9000000000001,15.18451831
808.0,15.19936
808.1,15.21493338
808.2,15.23100311
808.3000000000001,15.24720288
808.4000000000001,15.26316636
808.5,15.27852726
808.6,15.29291926
808.7,15.30597604
808.8000000000001,15.3173313
808.9000000000001,15.32661873
809.0,15.333472
809.1,15.33762604
809.2,15.33922069
809.3000000000001,15.33849702
809.4000000000001,15.33569609
809.5,15.33105897
809.6,15.32482674
809.7,15.31724046
809.8000000000001,15.30854119
809.9000000000001,15.29897002
810.0,15.288768
810.1,15.27817048
810.2,15.26738989
810.3000000000001,15.25663295
810.4000000000001,15.24610637
810.5,15.23601684
810.6,15.22657109
810.7,15.21797582
810.8000000000001,15.21043774
810.9000000000001,15.20416357
811.0,15.19936
811.1,15.19615543
811.2,15.19436495
811.3000000000001,15.19372531
811.4000000000001,15.1939733
811.5,15.19484566
811.6,15.19607917
811.7,15.1974106
811.8000000000001,15.1985767
811.9000000000001,15.19931425
812.0,15.19936
812.1,15.19850153
812.2,15.19672958
812.3000000000001,15.19408573
812.4000000000001,15.19061152
812.5,15.18634851
812.6,15.18133827
812.7,15.17562233
812.8000000000001,15.16924227
812.9000000000001,15.16223964
813.0,15.154656
813.1,15.14649744
813.2,15.1376282
813.3000000000001,15.12787708
813.4000000000001,15.11707284
813.5,15.10504428
813.6,15.09162018
813.7,15.07662932
813.8000000000001,15.05990048
813.9000000000001,15.04126244
814.0,15.020544
814.1,14.99770968
814.2,14.97326705
814.3000000000001,14.94785941
814.4000000000001,14.92213007
814.5,14.89672236
814.6,14.87227958
814.7,14.84944504
814.8000000000001,14.82886206
814.9000000000001,14.81117394
815.0,14.797024
815.1,14.78681622
815.2,14.77999724
815.3000000000001,14.77577439
815.4000000000001,14.77335496
815.5,14.77194628
815.6,14.77075565
815.7,14.7689904
815.8000000000001,14.76585783
815.9000000000001,14.76056526
816.0,14.75232
816.1,14.74052509
816.2,14.72536644
816.3000000000001,14.70722571
816.4000000000001,14.68648452
816.5,14.66352454
816.6,14.63872738
816.7,14.61247471
816.8000000000001,14.58514816
816.9000000000001,14.55712938
817.0,14.5288
817.1,14.50053457
817.2,14.4726792
817.3000000000001,14.4455729
817.4000000000001,14.41955469
817.5,14.39496358
817.6,14.37213859
817.7,14.35141872
817.8000000000001,14.33314299
817.9000000000001,14.31765041
818.0,14.30528
818.1,14.29620346
818.2,14.2899233
818.3000000000001,14.28577473
818.4000000000001,14.28309294
818.5,14.28121313
818.6,14.27947052
818.7,14.27720029
818.8000000000001,14.27373767
818.9000000000001,14.26841783
819.0,14.260576
819.1,14.24977664
819.2,14.23650131
819.3000000000001,14.22146086
819.4000000000001,14.2053661
819.5,14.18892788
819.6,14.17285704
819.7,14.15786439
819.8000000000001,14.14466078
819.9000000000001,14.13395704
820.0,14.126464
820.1,14.12258975
820.2,14.1215314
820.3000000000001,14.12218331
820.4000000000001,14.12343983
820.5,14.12419533
820.6,14.12334416
820.7,14.11978068
820.8000000000001,14.11239925
820.9000000000001,14.10009424
821.0,14.08176
821.1,14.05664674
821.2,14.02542811
821.3000000000001,13.98913358
821.4000000000001,13.94879265
821.5,13.90543481
821.6,13.86008954
821.7,13.81378633
821.8000000000001,13.76755468
821.9000000000001,13.72242408
822.0,13.679424
822.1,13.63940205
822.2,13.60247828
822.3000000000001,13.56859082
822.4000000000001,13.53767783
822.5,13.50967745
822.6,13.48452784
822.7,13.46216714
822.8000000000001,13.4425335
822.9000000000001,13.42556507
823.0,13.4112
823.1,13.39934581
823.2,13.38978749
823.3000000000001,13.38227941
823.4000000000001,13.37657592
823.5,13.3724314
823.6,13.36960021
823.7,13.36783671
823.8000000000001,13.36689526
823.9000000000001,13.36653024
824.0,13.366496
824.1,13.3665831
824.2,13.36672684
824.3000000000001,13.36689873
824.4000000000001,13.36707027
824.5,13.36721295
824.6,13.36729827
824.7,13.36729774
824.8000000000001,13.36718285
824.9000000000001,13.36692511
825.0,13.366496
825.1,13.36588702
825.2,13.3651696
825.3000000000001,13.36443515
825.4000000000001,13.36377508
825.5,13.36328081
825.6,13.36304376
825.7,13.36315534
825.8000000000001,13.36370696
825.9000000000001,13.36479004
826.0,13.366496
826.1,13.36884482
826.2,13.37157077
826.3000000000001,13.37433669
826.4000000000001,13.37680542
826.5,13.37863981
826.6,13.37950269
826.7,13.37905691
826.8000000000001,13.37696531
826.9000000000001,13.37289072
827.0,13.366496
827.1,13.3575756
827.2,13.34645044
827.3000000000001,13.33357309
827.4000000000001,13.31939608
827.5,13.30437197
827.6,13.2889533
827.7,13.27359262
827.8000000000001,13.25874247
827.9000000000001,13.24485542
828.0,13.232384
828.1,13.22168335
828.2,13.21271898
828.3000000000001,13.20535896
828.4000000000001,13.19947138
828.5,13.19492433
828.6,13.19158589
828.7,13.18932415
828.8000000000001,13.1880072
828.9000000000001,13.18750312
829.0,13.18768
829.1,13.18839572
829.2,13.18946737
829.3000000000001,13.19070184
829.4000000000001,13.19190599
829.5,13.19288673
829.6,13.19345093
829.7,13.19340547
829.8000000000001,13.19255724
829.9000000000001,13.19071312
830.0,13.18768
830.1,13.18331356
830.2,13.17766471
830.3000000000001,13.17083315
830.4000000000001,13.1629186
830.5,13.15402076
830.6,13.14423933
830.7,13.13367404
830.8000000000001,13.12242458
830.9000000000001,13.11059066
831.0,13.098272
831.1,13.08551739
831.2,13.07217203
831.3000000000001,13.05803019
831.4000000000001,13.04288617
831.5,13.02653424
831.6,13.0087687
831.7,12.98938382
831.8000000000001,12.96817388
831.9000000000001,12.94493318
832.0,12.919456
832.1,12.89164672
832.2,12.86185018
832.3000000000001,12.8305213
832.4000000000001,12.79811502
832.5,12.76508626
832.6,12.73188997
832.7,12.69898106
832.8000000000001,12.66681448
832.9000000000001,12.63584515
833.0,12.606528
833.1,12.57919667
833.2,12.55369956
833.3000000000001,12.52976379
833.4000000000001,12.50711647
833.5,12.4854847
833.6,12.46459559
833.7,12.44417626
833.8000000000001,12.42395381
833.9000000000001,12.40365536
834.0,12.383008
834.1,12.36171163
834.2,12.3393572
834.3000000000001,12.31550845
834.4000000000001,12.28972912
834.5,12.26158294
834.6,12.23063364
834.7,12.19644496
834.8000000000001,12.15858064
834.9000000000001,12.11660441
835.0,12.07008
835.1,12.01871196
835.2,11.96276809
835.3000000000001,11.902657
835.4000000000001,11.83878728
835.5,11.77156756
835.6,11.70140643
835.7,11.6287125
835.8000000000001,11.55389438
835.9000000000001,11.47736068
836.0,11.39952
836.1,11.32073668
836.2,11.24119794
836.3000000000001,11.16104675
836.4000000000001,11.08042606
836.5,10.99947883
836.6,10.91834801
836.7,10.83717656
836.8000000000001,10.75610744
836.9000000000001,10.6752836
837.0,10.594848
837.1,10.51493518
837.2,10.43564602
837.3000000000001,10.35707298
837.4000000000001,10.27930853
837.5,10.20244512
837.6,10.12657522
837.7,10.0517913
837.8000000000001,9.978185814
837.9000000000001,9.905851226
838.0,9.83488
838.1,9.765308425
838.2,9.69694809
838.3000000000001,9.629554412
838.4000000000001,9.562882807
838.5,9.496688691
838.6,9.430727479
838.7,9.364754588
838.8000000000001,9.298525434
838.9000000000001,9.231795433
839.0,9.16432
839.1,9.096042961
839.2,9.027661781
839.3000000000001,8.960062331
839.4000000000001,8.894130485
839.5,8.830752117
839.6,8.7708131
839.7,8.715199306
839.8000000000001,8.66479661
839.9000000000001,8.620490883
840.0,8.583168
840.1,8.553508114
840.2,8.531368499
840.3000000000001,8.516400712
840.4000000000001,8.508256307
840.5,8.50658684
840.6,8.511043865
840.7,8.521278939
840.8000000000001,8.536943616
840.9000000000001,8.557689451
841.0,8.583168
841.1,8.612994727
841.2,8.646640733
841.3000000000001,8.683541028
841.4000000000001,8.723130621
841.5,8.764844523
841.6,8.808117743
841.7,8.852385291
841.8000000000001,8.897082176
841.9000000000001,8.941643409
842.0,8.985504
842.1,9.028180817
842.2,9.069518167
842.3000000000001,9.109442215
842.4000000000001,9.147879127
842.5,9.184755068
842.6,9.219996203
842.7,9.253528699
842.8000000000001,9.28527872
842.9000000000001,9.315172432
843.0,9.343136
843.1,9.369161876
843.2,9.393507654
843.3000000000001,9.416497215
843.4000000000001,9.438454439
843.5,9.459703206
843.6,9.480567397
843.7,9.501370891
843.8000000000001,9.522437569
843.9000000000001,9.544091312
844.0,9.566656
844.1,9.590376734
844.2,9.615183503
844.3000000000001,9.640927516
844.4000000000001,9.667459981
844.5,9.694632108
844.6,9.722295107
844.7,9.750300186
844.8000000000001,9.778498555
844.9000000000001,9.806741423
845.0,9.83488
845.1,9.862790802
845.2,9.890451581
845.3000000000001,9.917865395
845.4000000000001,9.945035302
845.5,9.971964362
845.6,9.998655632
845.7,10.02511217
845.8000000000001,10.05133704
845.9000000000001,10.0773333
846.0,10.103104
846.1,10.12867446
846.2,10.15415897
846.3000000000001,10.17969411
846.4000000000001,10.20541641
846.5,10.23146245
846.6,10.25796876
846.7,10.28507192
846.8000000000001,10.31290848
846.9000000000001,10.34161498
847.0,10.371328
847.1,10.40215918
847.2,10.43412059
847.3000000000001,10.4671994
847.4000000000001,10.50138276
847.5,10.53665786
847.6,10.57301184
847.7,10.61043188
847.8000000000001,10.64890514
847.9000000000001,10.6884188
848.0,10.72896
848.1,10.77050386
848.2,10.81297722
848.3000000000001,10.85629487
848.4000000000001,10.90037157
848.5,10.94512213
848.6,10.99046132
848.7,11.03630392
848.8000000000001,11.08256471
848.9000000000001,11.12915847
849.0,11.176
849.1,11.22298781
849.2,11.26995542
849.3000000000001,11.31672009
849.4000000000001,11.36309907
849.5,11.40890962
849.6,11.453969
849.7,11.49809447
849.8000000000001,11.54110329
849.9000000000001,11.58281271
850.0,11.62304
850.1,11.66159008
850.2,11.69821857
850.3000000000001,11.73266876
850.4000000000001,11.76468394
850.5,11.7940074
850.6,11.82038242
850.7,11.84355231
850.8000000000001,11.86326034
850.9000000000001,11.87924981
851.0,11.891264
851.1,11.89920118
851.2,11.90357952
851.3000000000001,11.90507214
851.4000000000001,11.90435219
851.5,11.9020928
851.6,11.8989671
851.7,11.89564824
851.8000000000001,11.89280934
851.9000000000001,11.89112355
852.0,11.891264
852.1,11.8937433
852.2,11.89843193
852.3000000000001,11.90503986
852.4000000000001,11.91327703
852.5,11.92285342
852.6,11.93347897
852.7,11.94486364
852.8000000000001,11.9567174
852.9000000000001,11.9687502
853.0,11.980672
853.1,11.99223286
853.2,12.00334326
853.3000000000001,12.01395378
853.4000000000001,12.02401501
853.5,12.03347754
853.6,12.04229194
853.7,12.0504088
853.8000000000001,12.05777871
853.9000000000001,12.06435225
854.0,12.07008
854.1,12.07500207
854.2,12.07951664
854.3000000000001,12.08411142
854.4000000000001,12.08927412
854.5,12.09549243
854.6,12.10325407
854.7,12.11304674
854.8000000000001,12.12535815
854.9000000000001,12.140676
855.0,12.159488
855.1,12.18206248
855.2,12.20779031
855.3000000000001,12.23584297
855.4000000000001,12.26539195
855.5,12.29560874
855.6,12.32566483
855.7,12.35473171
855.8000000000001,12.38198087
855.9000000000001,12.40658381
856.0,12.427712
856.1,12.44483315
856.2,12.45859983
856.3000000000001,12.46996078
856.4000000000001,12.47986479
856.5,12.48926062
856.6,12.49909705
856.7,12.51032283
856.8000000000001,12.52388673
856.9000000000001,12.54073753
857.0,12.561824
857.1,12.58775527
857.2,12.61778198
857.3000000000001,12.65081513
857.4000000000001,12.68576572
857.5,12.72154477
857.6,12.75706328
857.7,12.79123225
857.8000000000001,12.82296269
857.9000000000001,12.85116561
858.0,12.874752
858.1,12.89293521
858.2,12.90613787
858.3000000000001,12.91508496
858.4000000000001,12.92050144
858.5,12.92311229
858.6,12.92364248
858.7,12.92281697
858.8000000000001,12.92136075
858.9000000000001,12.91999876
859.0,12.919456
859.1,12.92030301
859.2,12.92249266
859.3000000000001,12.92582341
859.4000000000001,12.93009372
859.5,12.93510206
859.6,12.94064686
859.7,12.9465266
859.8000000000001,12.95253974
859.9000000000001,12.95848471
860.0,12.96416
860.1,12.96941117
860.2,12.97427231
860.3000000000001,12.9788246
860.4000000000001,12.98314926
860.5,12.98732748
860.6,12.99144047
860.7,12.99556941
860.8000000000001,12.99979551
860.9000000000001,13.00419998
861.0,13.008864
861.1,13.0137453
861.2,13.01830765
861.3000000000001,13.02189136
861.4000000000001,13.02383671
861.5,13.02348401
861.6,13.02017354
861.7,13.01324561
861.8000000000001,13.00204052
861.9000000000001,12.98589855
862.0,12.96416
862.1,12.93643317
862.2,12.90339833
862.3000000000001,12.86600376
862.4000000000001,12.82519772
862.5,12.78192849
862.6,12.73714434
862.7,12.69179354
862.8000000000001,12.64682437
862.9000000000001,12.6031851
863.0,12.561824
863.1,12.52350081
863.2,12.48822114
863.3000000000001,12.45580206
863.4000000000001,12.42606067
863.5,12.39881404
863.6,12.37387924
863.7,12.35107336
863.8000000000001,12.33021347
863.9000000000001,12.31111666
864.0,12.2936
864.1,12.27738555
864.2,12.2618153
864.3000000000001,12.24613621
864.4000000000001,12.22959524
864.5,12.21143936
864.6,12.19091553
864.7,12.16727071
864.8000000000001,12.13975188
864.9000000000001,12.10760599
865.0,12.07008
865.1,12.02672127
865.2,11.97827868
865.3000000000001,11.92580151
865.4000000000001,11.87033904
865.5,11.81294052
865.6,11.75465525
865.7,11.69653249
865.8000000000001,11.63962151
865.9000000000001,11.58497159
866.0,11.533632
866.1,11.48639487
866.2,11.44302376
866.3000000000001,11.40302506
866.4000000000001,11.36590519
866.5,11.33117054
866.6,11.29832754
866.7,11.26688257
866.8000000000001,11.23634206
866.9000000000001,11.2062124
867.0,11.176
867.1,11.14540302
867.2,11.11488658
867.3000000000001,11.08510756
867.4000000000001,11.05672284
867.5,11.03038931
867.6,11.00676382
867.7,10.98650328
867.8000000000001,10.97026454
867.9000000000001,10.95870449
868.0,10.95248
868.1,10.95200635
868.2,10.95673234
868.3000000000001,10.96586518
868.4000000000001,10.97861208
868.5,10.99418023
868.6,11.01177685
868.7,11.03060913
868.8000000000001,11.04988428
868.9000000000001,11.0688095
869.0,11.086592
869.1,11.10263253
869.2,11.11710606
869.3000000000001,11.1303811
869.4000000000001,11.14282616
869.5,11.15480977
869.6,11.16670044
869.7,11.17886668
869.8000000000001,11.19167701
869.9000000000001,11.20549994
870.0,11.220704
870.1,11.23752743
870.2,11.25568746
870.3000000000001,11.27477104
870.4000000000001,11.29436513
870.5,11.31405669
870.6,11.33343267
870.7,11.35208003
870.8000000000001,11.36958574
870.9000000000001,11.38553674
871.0,11.39952
871.1,11.41127114
871.2,11.42112048
871.3000000000001,11.429547
871.4000000000001,11.43702967
871.5,11.44404749
871.6,11.45107942
871.7,11.45860446
871.8000000000001,11.46710158
871.9000000000001,11.47704977
872.0,11.488928
872.1,11.50310847
872.2,11.51953621
872.3000000000001,11.53804944
872.4000000000001,11.55848642
872.5,11.58068537
872.6,11.60448452
872.7,11.62972213
872.8000000000001,11.65623642
872.9000000000001,11.68386563
873.0,11.712448
873.1,11.74183203
873.2,11.7719073
873.3000000000001,11.80257366
873.4000000000001,11.83373096
873.5,11.86527905
873.6,11.89711778
873.7,11.92914698
873.8000000000001,11.96126653
873.9000000000001,11.99337625
874.0,12.025376
874.1,12.05714194
874.2,12.08845545
874.3000000000001,12.11907424
874.4000000000001,12.148756
874.5,12.17725842
874.6,12.20433922
874.7,12.22975607
874.8000000000001,12.25326669
874.9000000000001,12.27462877
875.0,12.2936
875.1,12.31006729
875.2,12.32443435
875.3000000000001,12.33723408
875.4000000000001,12.34899941
875.5,12.36026325
875.6,12.37155851
875.7,12.3834181
875.8000000000001,12.39637493
875.9000000000001,12.41096193
876.0,12.427712
876.1,12.44702257
876.2,12.46874912
876.3000000000001,12.49261164
876.4000000000001,12.51833013
876.5,12.54562458
876.6,12.57421498
876.7,12.60382133
876.8000000000001,12.63416362
876.9000000000001,12.66496185
877.0,12.695936
877.1,12.72681648
877.2,12.75737532
877.3000000000001,12.78739497
877.4000000000001,12.81665786
877.5,12.84494643
877.6,12.87204313
877.7,12.8977304
877.8000000000001,12.92179067
877.9000000000001,12.94400639
878.0,12.96416
878.1,12.98208309
878.2,12.99780386
878.3000000000001,13.01139965
878.4000000000001,13.02294781
878.5,13.03252569
878.6,13.04021064
878.7,13.04607999
878.8000000000001,13.05021111
878.9000000000001,13.05268133
879.0,13.053568
879.1,13.05296498
879.2,13.05103215
879.3000000000001,13.04794592
879.4000000000001,13.04388266
879.5,13.03901879
879.6,13.0335307
879.7,13.02759478
879.8000000000001,13.02138742
879.9000000000001,13.01508503
880.0,13.008864
880.1,13.00287495
880.2,12.99716539
880.3000000000001,12.99175707
880.4000000000001,12.98667174
880.5,12.98193113
880.6,12.97755699
880.7,12.97357107
880.8000000000001,12.9699951
880.9000000000001,12.96685083
881.0,12.96416
881.1,12.96189684
881.2,12.9598455
881.3000000000001,12.9577426
881.4000000000001,12.95532479
881.5,12.95232869
881.6,12.94849094
881.7,12.94354816
881.8000000000001,12.93723699
881.9000000000001,12.92929406
882.0,12.919456
882.1,12.90754118
882.2,12.89369493
882.3000000000001,12.87814429
882.4000000000001,12.86111633
882.5,12.84283811
882.6,12.82353668
882.7,12.80343909
882.8000000000001,12.78277241
882.9000000000001,12.76176369
883.0,12.74064
883.1,12.71961718
883.2,12.69886624
883.3000000000001,12.67854701
883.4000000000001,12.65881928
883.5,12.63984287
883.6,12.6217776
883.7,12.60478326
883.8000000000001,12.58901968
883.9000000000001,12.57464665
884.0,12.561824
884.1,12.55067462
884.2,12.5411738
884.3000000000001,12.53325991
884.4000000000001,12.52687132
884.5,12.5219464
884.6,12.51842353
884.7,12.51624109
884.8000000000001,12.51533743
884.9000000000001,12.51565095
885.0,12.51712
885.1,12.51961828
885.2,12.52276072
885.3000000000001,12.52609758
885.4000000000001,12.5291791
885.5,12.53155552
885.6,12.5327771
885.7,12.5323941
885.8000000000001,12.52995674
885.9000000000001,12.52501529
886.0,12.51712
886.1,12.50598265
886.2,12.49196122
886.3000000000001,12.47557521
886.4000000000001,12.45734414
886.5,12.43778751
886.6,12.41742485
886.7,12.39677565
886.8000000000001,12.37635944
886.9000000000001,12.35669572
887.0,12.338304
887.1,12.32152465
887.2,12.30598141
887.3000000000001,12.29111889
887.4000000000001,12.2763817
887.5,12.26121442
887.6,12.24506168
887.7,12.22736806
887.8000000000001,12.20757817
887.9000000000001,12.18513662
888.0,12.159488
888.1,12.13036376
888.2,12.09864268
888.3000000000001,12.06549041
888.4000000000001,12.03207257
888.5,11.99955479
888.6,11.96910271
888.7,11.94188196
888.8000000000001,11.91905817
888.9000000000001,11.90179697
889.0,11.891264
889.1,11.88828254
889.2,11.89230649
889.3000000000001,11.90244741
889.4000000000001,11.91781686
889.5,11.9375264
889.6,11.9606876
889.7,11.98641199
889.8000000000001,12.01381115
889.9000000000001,12.04199664
890.0,12.07008
890.1,12.09731656
890.2,12.12353669
890.3000000000001,12.14871448
890.4000000000001,12.17282408
890.5,12.19583959
890.6,12.21773513
890.7,12.23848482
890.8000000000001,12.25806279
890.9000000000001,12.27644314
891.0,12.2936
891.1,12.30954302
891.2,12.32442395
891.3000000000001,12.33843011
891.4000000000001,12.35174877
891.5,12.36456725
891.6,12.37707282
891.7,12.38945278
891.8000000000001,12.40189444
891.9000000000001,12.41458508
892.0,12.427712
892.1,12.44135543
892.2,12.45516737
892.3000000000001,12.46869273
892.4000000000001,12.48147644
892.5,12.49306343
892.6,12.50299863
892.7,12.51082696
892.8000000000001,12.51609335
892.9000000000001,12.51834272
893.0,12.51712
893.1,12.51218402
893.2,12.5041492
893.3000000000001,12.49384388
893.4000000000001,12.48209638
893.5,12.46973503
893.6,12.45758815
893.7,12.44648409
893.8000000000001,12.43725115
893.9000000000001,12.43071768
894.0,12.427712
894.1,12.42880564
894.2,12.43354296
894.3000000000001,12.44121149
894.4000000000001,12.45109881
894.5,12.46249246
894.6,12.47467999
894.7,12.48694895
894.8000000000001,12.49858691
894.9000000000001,12.50888141
895.0,12.51712
895.1,12.52277767
895.2,12.5260791
895.3000000000001,12.52743642
895.4000000000001,12.52726173
895.5,12.52596715
895.6,12.5239648
895.7,12.52166679
895.8000000000001,12.51948525
895.9000000000001,12.51783228
896.0,12.51712
896.1,12.51762525
896.2,12.51908374
896.3000000000001,12.5210959
896.4000000000001,12.52326216
896.5,12.52518295
896.6,12.52645871
896.7,12.52668986
896.8000000000001,12.52547684
896.9000000000001,12.52242008
897.0,12.51712
897.1,12.50930722
897.2,12.49923305
897.3000000000001,12.48727897
897.4000000000001,12.47382647
897.5,12.45925704
897.6,12.44395217
897.7,12.42829334
897.8000000000001,12.41266205
897.9000000000001,12.39743977
898.0,12.383008
898.1,12.36963102
898.2,12.35710433
898.3000000000001,12.34510622
898.4000000000001,12.33331497
898.5,12.32140888
898.6,12.30906624
898.7,12.29596534
898.8000000000001,12.28178448
898.9000000000001,12.26620193
899.0,12.248896
899.1,12.22966008
899.2,12.20874796
899.3000000000001,12.18652854
899.4000000000001,12.16337074
899.5,12.13964343
899.6,12.11571553
899.7,12.09195594
899.8000000000001,12.06873356
899.9000000000001,12.04641728
900.0,12.025376
900.1,12.00590365
900.2,11.98799421
900.3000000000001,11.97156668
900.4000000000001,11.95654007
900.5,11.94283339
900.6,11.93036563
900.7,11.91905581
900.8000000000001,11.90882293
900.9000000000001,11.89958599
901.0,11.891264
901.1,11.88378197
901.2,11.87708898
901.3000000000001,11.8711401
901.4000000000001,11.86589042
901.5,11.86129501
901.6,11.85730897
901.7,11.85388736
901.8000000000001,11.85098528
901.9000000000001,11.8485578
902.0,11.84656
902.1,11.8449532
902.2,11.8437236
902.3000000000001,11.84286367
902.4000000000001,11.84236584
902.5,11.84222256
902.6,11.84242627
902.7,11.84296943
902.8000000000001,11.84384447
902.9000000000001,11.84504385
903.0,11.84656
903.1,11.84835446
903.2,11.85026505
903.3000000000001,11.85209869
903.4000000000001,11.85366229
903.5,11.85476275
903.6,11.855207
903.7,11.85480193
903.8000000000001,11.85335447
903.9000000000001,11.85067152
904.0,11.84656
904.1,11.84089957
904.2,11.83386093
904.3000000000001,11.82568756
904.4000000000001,11.81662291
904.5,11.80691043
904.6,11.79679361
904.7,11.78651589
904.8000000000001,11.77632074
904.9000000000001,11.76645162
905.0,11.757152
905.1,11.74862874
905.2,11.74094235
905.3000000000001,11.73411674
905.4000000000001,11.72817582
905.5,11.72314351
905.6,11.71904372
905.7,11.71590036
905.8000000000001,11.71373735
905.9000000000001,11.71257859
906.0,11.712448
906.1,11.71330899
906.2,11.71488295
906.3000000000001,11.71683077
906.4000000000001,11.71881333
906.5,11.72049152
906.6,11.72152623
906.7,11.72157835
906.8000000000001,11.72030876
906.9000000000001,11.71737835
907.0,11.712448
907.1,11.7052784
907.2,11.6960294
907.3000000000001,11.68496063
907.4000000000001,11.67233175
907.5,11.6584024
907.6,11.64343221
907.7,11.62768083
907.8000000000001,11.61140791
907.9000000000001,11.59487309
908.0,11.578336
908.1,11.56203056
908.2,11.54608771
908.3000000000001,11.53061268
908.4000000000001,11.51571067
908.5,11.50148689
908.6,11.48804656
908.7,11.47549489
908.8000000000001,11.4639371
908.9000000000001,11.4534784
909.0,11.444224
909.1,11.43628227
909.2,11.42977424
909.3000000000001,11.42482407
909.4000000000001,11.42155595
909.5,11.42009405
909.6,11.42056254
909.7,11.42308561
909.8000000000001,11.42778742
909.9000000000001,11.43479216
910.0,11.444224
910.1,11.4560861
910.2,11.46989756
910.3000000000001,11.48505647
910.4000000000001,11.50096089
910.5,11.51700892
910.6,11.53259864
910.7,11.54712812
910.8000000000001,11.55999546
910.9000000000001,11.57059872
911.0,11.578336
911.1,11.58277335
911.2,11.58414872
911.3000000000001,11.58286805
911.4000000000001,11.57933725
911.5,11.57396227
911.6,11.56714902
911.7,11.55930345
911.8000000000001,11.55083146
911.9000000000001,11.54213901
912.0,11.533632
912.1,11.52556783
912.2,11.51760969
912.3000000000001,11.50927224
912.4000000000001,11.50007013
912.5,11.489518
912.6,11.47713051
912.7,11.46242232
912.8000000000001,11.44490807
912.9000000000001,11.42410241
913.0,11.39952
913.1,11.37083347
913.2,11.33834741
913.3000000000001,11.30252439
913.4000000000001,11.26382697
913.5,11.22271772
913.6,11.17965922
913.7,11.13511403
913.8000000000001,11.08954471
913.9000000000001,11.04341385
914.0,10.997184
914.1,10.95119197
914.2,10.9052715
914.3000000000001,10.85913055
914.4000000000001,10.81247709
914.5,10.7650191
914.6,10.71646454
914.7,10.66652138
914.8000000000001,10.61489759
914.9000000000001,10.56130114
915.0,10.50544
915.1,10.4471884
915.2,10.38708564
915.3000000000001,10.32583726
915.4000000000001,10.26414882
915.5,10.20272588
915.6,10.14227399
915.7,10.0834987
915.8000000000001,10.02710557
915.9000000000001,9.973800151
916.0,9.924288
916.1,9.879137715
916.2,9.838370081
916.3000000000001,9.801868927
916.4000000000001,9.769518084
916.5,9.74120138
916.6,9.716802646
916.7,9.696205711
916.8000000000001,9.679294405
916.9000000000001,9.665952558
917.0,9.656064
917.1,9.649447072
917.2,9.645658166
917.3000000000001,9.644188183
917.4000000000001,9.644528027
917.5,9.646168601
917.6,9.648600806
917.7,9.651315545
917.8000000000001,9.653803723
917.9000000000001,9.65555624
918.0,9.656064
918.1,9.655037995
918.2,9.653069575
918.3000000000001,9.650970179
918.4000000000001,9.649551247
918.5,9.649624218
918.6,9.652000532
918.7,9.657491627
918.8000000000001,9.666908944
918.9000000000001,9.681063922
919.0,9.700768
919.1,9.726554196
919.2,9.757841838
919.3000000000001,9.793771836
919.4000000000001,9.833485096
919.5,9.876122527
919.6,9.920825035
919.7,9.966733529
919.8000000000001,10.01298892
919.9000000000001,10.0587321
920.0,10.103104
920.1,10.14542385
920.2,10.18572422
920.3000000000001,10.22421604
920.4000000000001,10.26111022
920.5,10.29661767
920.6,10.33094931
920.7,10.36431605
920.8000000000001,10.3969288
920.9000000000001,10.42899848
921.0,10.460736
921.1,10.49227499
921.2,10.52343996
921.3000000000001,10.5539781
921.4000000000001,10.58363664
921.5,10.61216278
921.6,10.63930374
921.7,10.66480673
921.8000000000001,10.68841896
921.9000000000001,10.70988765
922.0,10.72896
922.1,10.74546933
922.2,10.75959333
922.3000000000001,10.77159578
922.4000000000001,10.78174048
922.5,10.79029122
922.6,10.79751178
922.7,10.80366594
922.8000000000001,10.80901751
922.9000000000001,10.81383027
923.0,10.818368
923.1,10.82289562
923.2,10.82768254
923.3000000000001,10.83299928
923.4000000000001,10.83911637
923.5,10.84630435
923.6,10.85483374
923.7,10.86497507
923.8000000000001,10.87699887
923.9000000000001,10.89117567
924.0,10.907776
924.1,10.9269351
924.2,10.94824702
924.3000000000001,10.97117053
924.4000000000001,10.9951644
924.5,11.01968739
924.6,11.04419827
924.7,11.0681558
924.8000000000001,11.09101876
924.9000000000001,11.1122459
925.0,11.131296
925.1,11.14776553
925.2,11.16180185
925.3000000000001,11.17369
925.4000000000001,11.18371507
925.5,11.1921621
925.6,11.19931617
925.7,11.20546233
925.8000000000001,11.21088565
925.9000000000001,11.21587118
926.0,11.220704
926.1,11.22561122
926.2,11.23058822
926.3000000000001,11.23557243
926.4000000000001,11.24050128
926.5,11.2453122
926.6,11.24994262
926.7,11.25432998
926.8000000000001,11.25841171
926.9000000000001,11.26212524
927.0,11.265408
927.1,11.26824676
927.2,11.27082561
927.3000000000001,11.273378
927.4000000000001,11.27613735
927.5,11.2793371
927.6,11.28321069
927.7,11.28799153
927.8000000000001,11.29391308
927.9000000000001,11.30120876
928.0,11.310112
928.1,11.32071685
928.2,11.33255975
928.3000000000001,11.34503777
928.4000000000001,11.35754796
928.5,11.36948739
928.6,11.3802531
928.7,11.38924216
928.8000000000001,11.39585162
928.9000000000001,11.39947855
929.0,11.39952
929.1,11.39556835
929.2,11.38799727
929.3000000000001,11.37737575
929.4000000000001,11.36427278
929.5,11.34925735
929.6,11.33289846
929.7,11.31576508
929.8000000000001,11.29842622
929.9000000000001,11.28145086
930.0,11.265408
930.1,11.25076118
930.2,11.23755216
930.3000000000001,11.22571727
930.4000000000001,11.21519285
930.5,11.2059152
930.6,11.19782065
930.7,11.19084554
930.8000000000001,11.18492617
930.9000000000001,11.17999889
931.0,11.176
931.1,11.17286877
931.2,11.17055621
931.3000000000001,11.16901624
931.4000000000001,11.16820281
931.5,11.16806986
931.6,11.16857131
931.7,11.16966112
931.8000000000001,11.17129321
931.9000000000001,11.17342152
932.0,11.176
932.1,11.17894216
932.2,11.18199991
932.3000000000001,11.1848847
932.4000000000001,11.18730803
932.5,11.18898137
932.6,11.18961621
932.7,11.18892401
932.8000000000001,11.18661625
932.9000000000001,11.18240443
933.0,11.176
933.1,11.16722846
933.2,11.15637127
933.3000000000001,11.14382392
933.4000000000001,11.12998189
933.5,11.11524064
933.6,11.09999567
933.7,11.08464244
933.8000000000001,11.06957643
933.9000000000001,11.05519313
934.0,11.041888
934.1,11.02995387
934.2,11.0192729
934.3000000000001,11.0096246
934.4000000000001,11.00078848
934.5,10.99254405
934.6,10.98467082
934.7,10.97694829
934.8000000000001,10.96915597
934.9000000000001,10.96107337
935.0,10.95248
935.1,10.94322849
935.2,10.93346399
935.3000000000001,10.92340475
935.4000000000001,10.91326905
935.5,10.90327515
935.6,10.89364131
935.7,10.88458582
935.8000000000001,10.87632692
935.9000000000001,10.86908289
936.0,10.863072
936.1,10.85845677
936.2,10.85517682
936.3000000000001,10.85311602
936.4000000000001,10.85215824
936.5,10.85218736
936.6,10.85308725
936.7,10.85474178
936.8000000000001,10.85703484
936.9000000000001,10.85985029
937.0,10.863072
937.1,10.86664425
937.2,10.87075288
937.3000000000001,10.87564412
937.4000000000001,10.88156422
937.5,10.88875941
937.6,10.89747592
937.7,10.90796
937.8000000000001,10.92045788
937.9000000000001,10.9352158
938.0,10.95248
938.1,10.97235557
938.2,10.99438305
938.3000000000001,11.01796185
938.4000000000001,11.04249137
938.5,11.067371
938.6,11.09200016
938.7,11.11577823
938.8000000000001,11.13810463
938.9000000000001,11.15837875
939.0,11.176
939.1,11.1904696
939.2,11.2016961
939.3000000000001,11.20968985
939.4000000000001,11.21446122
939.5,11.21602058
939.6,11.2143783
939.7,11.20954473
939.8000000000001,11.20153025
939.9000000000001,11.19034522
940.0,11.176
940.1,11.15864113
940.2,11.1389598
940.3000000000001,11.11778337
940.4000000000001,11.0959392
940.5,11.07425467
940.6,11.05355711
940.7,11.03467391
940.8000000000001,11.01843242
940.9000000000001,11.00565999
941.0,10.997184
941.1,10.99349824
941.2,10.99376225
941.3000000000001,10.99680202
941.4000000000001,11.00144353
941.5,11.00651275
941.6,11.01083568
941.7,11.01323828
941.8000000000001,11.01254655
941.9000000000001,11.00758646
942.0,10.997184
942.1,10.98060326
942.2,10.95886083
942.3000000000001,10.93341139
942.4000000000001,10.90570966
942.5,10.87721032
942.6,10.84936808
942.7,10.82363763
942.8000000000001,10.80147366
942.9000000000001,10.78433089
943.0,10.773664
943.1,10.77053697
943.2,10.77445089
943.3000000000001,10.78451612
943.4000000000001,10.79984302
943.5,10.81954196
943.6,10.84272331
943.7,10.86849742
943.8000000000001,10.89597466
943.9000000000001,10.9242654
944.0,10.95248
944.1,10.97991481
944.2,11.00661012
944.3000000000001,11.0327922
944.4000000000001,11.05868735
944.5,11.08452183
944.6,11.11052193
944.7,11.13691391
944.8000000000001,11.16392407
944.9000000000001,11.19177867
945.0,11.220704
945.1,11.25075193
945.2,11.28127671
945.3000000000001,11.3114582
945.4000000000001,11.34047625
945.5,11.36751071
945.6,11.39174144
945.7,11.41234828
945.8000000000001,11.42851108
945.9000000000001,11.43940971
946.0,11.444224
946.1,11.44237722
946.2,11.43426627
946.3000000000001,11.42053143
946.4000000000001,11.40181302
946.5,11.37875131
946.6,11.35198663
946.7,11.32215925
946.8000000000001,11.28990949
946.9000000000001,11.25587764
947.0,11.220704
947.1,11.18481079
947.2,11.14774794
947.3000000000001,11.1088473
947.4000000000001,11.06744071
947.5,11.02286003
947.6,10.97443711
947.7,10.9215038
947.8000000000001,10.86339194
947.9000000000001,10.79943339
948.0,10.72896
948.1,10.65161958
948.2,10.5683238
948.3000000000001,10.48030028
948.4000000000001,10.38877666
948.5,10.29498056
948.6,10.20013962
948.7,10.10548146
948.8000000000001,10.01223372
948.9000000000001,9.921624025
949.0,9.83488
949.1,9.752764652
949.2,9.674182478
949.3000000000001,9.597573351
949.4000000000001,9.521377143
949.5,9.444033724
949.6,9.363982968
949.7,9.279664745
949.8000000000001,9.189518929
949.9000000000001,9.09198539
950.0,8.985504
950.1,8.868984278
950.2,8.743214323
950.3000000000001,8.609451885
950.4000000000001,8.468954709
950.5,8.322980542
950.6,8.172787132
950.7,8.019632226
950.8000000000001,7.86477357
950.9000000000001,7.709468913
951.0,7.554976
951.1,7.402300926
951.2,7.251443172
951.3000000000001,7.102150566
951.4000000000001,6.954170935
951.5,6.807252108
951.6,6.661141912
951.7,6.515588176
951.8000000000001,6.370338726
951.9000000000001,6.225141392
952.0,6.079744
952.1,5.933939602
952.2,5.78770214
952.3000000000001,5.64105078
952.4000000000001,5.494004687
952.5,5.346583026
952.6,5.198804963
952.7,5.050689664
952.8000000000001,4.902256293
952.9000000000001,4.753524017
953.0,4.604512
953.1,4.455265466
953.2,4.305933867
953.3000000000001,4.156692714
953.4000000000001,4.007717518
953.5,3.859183788
953.6,3.711267035
953.7,3.564142769
953.8000000000001,3.417986501
953.9000000000001,3.272973741
954.0,3.12928
954.1,2.986931335
954.2,2.845355991
954.3000000000001,2.703832763
954.4000000000001,2.561640442
954.5,2.418057823
954.6,2.272363698
954.7,2.12383686
954.8000000000001,1.971756102
954.9000000000001,1.815400218
955.0,1.654048
955.1,1.487549996
955.2,1.318043768
955.3000000000001,1.148238635
955.4000000000001,0.980843913
955.5,0.81856892
955.6,0.664122974
955.7,0.520215391
955.8000000000001,0.38955549
955.9000000000001,0.274852587
956.0,0.178816
956.1,0.103313899
956.2,0.046849865
956.3000000000001,0.00708633
956.4000000000001,0.0
956.5,0.0
956.6,0.0
956.7,0.0
956.8000000000001,0.0
956.9000000000001,0.0
957.0,0.0
957.1,0.0
957.2,0.0
957.3000000000001,0.0
957.4000000000001,0.0
957.5,0.0
957.6,0.0
957.7,0.0
957.8000000000001,0.0
957.9000000000001,0.0
958.0,0.0
958.1,0.0
958.2,0.0
958.3000000000001,0.0
958.4000000000001,0.0
958.5,0.0
958.6,0.0
958.7,0.0
958.8000000000001,0.0
958.9000000000001,0.0
959.0,0.0
959.1,0.043725548
959.2,0.099373333
959.3000000000001,0.166279386
959.4000000000001,0.24377974
959.5,0.331210428
959.6,0.427907481
959.7,0.533206932
959.8000000000001,0.646444814
959.9000000000001,0.766957159
960.0,0.89408
960.1,1.027135868
960.2,1.165393291
960.3000000000001,1.308107297
960.4000000000001,1.454532915
960.5,1.603925171
960.6,1.755539093
960.7,1.908629709
960.8000000000001,2.062452048
960.9000000000001,2.216261135
961.0,2.369312
961.1,2.521009989
961.2,2.671361728
961.3000000000001,2.820524161
961.4000000000001,2.968654234
961.5,3.11590889
961.6,3.262445075
961.7,3.408419734
961.8000000000001,3.553989811
961.9000000000001,3.699312252
962.0,3.844544
962.1,3.989835376
962.2,4.135310197
962.3000000000001,4.281085658
962.4000000000001,4.427278951
962.5,4.574007269
962.6,4.721387806
962.7,4.869537754
962.8000000000001,5.018574307
962.9000000000001,5.168614658
963.0,5.319776
963.1,5.472051708
963.2,5.624939882
963.3000000000001,5.777814806
963.4000000000001,5.930050762
963.5,6.081022033
963.6,6.230102901
963.7,6.376667649
963.8000000000001,6.52009056
963.9000000000001,6.659745916
964.0,6.795008
964.1,6.925305954
964.2,7.050288354
964.3000000000001,7.169658637
964.4000000000001,7.283120241
964.5,7.390376599
964.6,7.49113115
964.7,7.585087329
964.8000000000001,7.671948573
964.9000000000001,7.751418318
965.0,7.8232
965.1,7.88725907
965.2,7.944609038
965.3000000000001,7.996525428
965.4000000000001,8.044283764
965.5,8.08915957
965.6,8.13242837
965.7,8.175365689
965.8000000000001,8.219247051
965.9000000000001,8.26534798
966.0,8.314944
966.1,8.368967686
966.2,8.426979814
966.3000000000001,8.488198211
966.4000000000001,8.551840704
966.5,8.617125121
966.6,8.683269288
966.7,8.749491033
966.8000000000001,8.815008181
966.9000000000001,8.879038562
967.0,8.9408
967.1,8.999681323
967.2,9.055755356
967.3000000000001,9.109265921
967.4000000000001,9.160456843
967.5,9.209571946
967.6,9.256855053
967.7,9.302549988
967.8000000000001,9.346900575
967.9000000000001,9.390150638
968.0,9.432544
968.1,9.474296365
968.2,9.515510956
968.3000000000001,9.556262874
968.4000000000001,9.59662722
968.5,9.636679097
968.6,9.676493606
968.7,9.716145849
968.8000000000001,9.755710928
968.9000000000001,9.795263944
969.0,9.83488
969.1,9.874665087
969.2,9.914848756
969.3000000000001,9.955691449
969.4000000000001,9.997453605
969.5,10.04039567
969.6,10.08477808
969.7,10.13086127
969.8000000000001,10.1789057
969.9000000000001,10.22917179
970.0,10.28192
970.1,10.33736002
970.2,10.39549863
970.3000000000001,10.45629184
970.4000000000001,10.5196957
970.5,10.58566623
970.6,10.65415946
970.7,10.72513143
970.8000000000001,10.79853815
970.9000000000001,10.87433566
971.0,10.95248
971.1,11.03283101
971.2,11.11486387
971.3000000000001,11.19795756
971.4000000000001,11.28149107
971.5,11.3648434
971.6,11.44739354
971.7,11.52852048
971.8000000000001,11.60760321
971.9000000000001,11.68402072
972.0,11.757152
972.1,11.82649855
972.2,11.89205185
972.3000000000001,11.95392589
972.4000000000001,12.01223466
972.5,12.06709215
972.6,12.11861235
972.7,12.16690925
972.8000000000001,12.21209683
972.9000000000001,12.25428908
973.0,12.2936
973.1,12.33015208
973.2,12.36410186
973.3000000000001,12.3956144
973.4000000000001,12.42485476
973.5,12.45198798
973.6,12.47717913
973.7,12.50059325
973.8000000000001,12.5223954
973.9000000000001,12.54275063
974.0,12.561824
974.1,12.57975813
974.2,12.59660592
974.3000000000001,12.61239784
974.4000000000001,12.62716435
974.5,12.64093592
974.6,12.65374301
974.7,12.6656161
974.8000000000001,12.67658565
974.9000000000001,12.68668213
975.0,12.695936
975.1,12.70436954
975.2,12.71197224
975.3000000000001,12.7187254
975.4000000000001,12.72461034
975.5,12.72960834
975.6,12.73370072
975.7,12.73686877
975.8000000000001,12.7390938
975.9000000000001,12.74035711
976.0,12.74064
976.1,12.73997898
976.2,12.7386314
976.3000000000001,12.73690979
976.4000000000001,12.73512672
976.5,12.73359471
976.6,12.73262633
976.7,12.73253413
976.8000000000001,12.73363064
976.9000000000001,12.73622841
977.0,12.74064
977.1,12.74696531
977.2,12.75445372
977.3000000000001,12.76214195
977.4000000000001,12.76906673
977.5,12.7742648
977.6,12.77677289
977.7,12.77562772
977.8000000000001,12.76986603
977.9000000000001,12.75852454
978.0,12.74064
978.1,12.71564213
978.2,12.68453266
978.3000000000001,12.64870634
978.4000000000001,12.6095579
978.5,12.56848208
978.6,12.52687361
978.7,12.48612723
978.8000000000001,12.44763768
978.9000000000001,12.41279969
979.0,12.383008
979.1,12.35928147
979.2,12.34113543
979.3000000000001,12.32770935
979.4000000000001,12.31814268
979.5,12.31157488
979.6,12.30714542
979.7,12.30399373
979.8000000000001,12.3012593
979.9000000000001,12.29808157
980.0,12.2936
980.1,12.28712579
980.2,12.27865706
980.3000000000001,12.26836367
980.4000000000001,12.25641549
980.5,12.24298238
980.6,12.2282342
980.7,12.21234081
980.8000000000001,12.19547207
980.9000000000001,12.17779785
981.0,12.159488
981.1,12.14071426
981.2,12.12165585
981.3000000000001,12.10249388
981.4000000000001,12.08340942
981.5,12.06458358
981.6,12.04619746
981.7,12.02843214
981.8000000000001,12.01146873
981.9000000000001,11.99548832
982.0,11.980672
982.1,11.96711106
982.2,11.95453751
982.3000000000001,11.94259356
982.4000000000001,11.93092142
982.5,11.91916329
982.6,11.90696137
982.7,11.89395788
982.8000000000001,11.87979502
982.9000000000001,11.86411499
983.0,11.84656
983.1,11.82690612
983.2,11.8054649
983.3000000000001,11.78268174
983.4000000000001,11.75900206
983.5,11.73487127
983.6,11.71073478
983.7,11.68703799
983.8000000000001,11.66422633
983.9000000000001,11.64274519
984.0,11.62304
984.1,11.60542343
984.2,11.58967726
984.3000000000001,11.57545054
984.4000000000001,11.56239231
984.5,11.55015162
984.6,11.53837753
984.7,11.52671907
984.8000000000001,11.5148253
984.9000000000001,11.50234526
985.0,11.488928
985.1,11.47426198
985.2,11.45819329
985.3000000000001,11.44060744
985.4000000000001,11.42138992
985.5,11.40042624
985.6,11.3776019
985.7,11.3528024
985.8000000000001,11.32591325
985.9000000000001,11.29681995
986.0,11.265408
986.1,11.23149329
986.2,11.19461326
986.3000000000001,11.15423572
986.4000000000001,11.1098285
986.5,11.06085943
986.6,11.00679632
986.7,10.94710701
986.8000000000001,10.8812593
986.9000000000001,10.80872102
987.0,10.72896
987.1,10.64186192
987.2,10.5489839
987.3000000000001,10.45230092
987.4000000000001,10.35378797
987.5,10.25542004
987.6,10.1591721
987.7,10.06701915
987.8000000000001,9.980936154
987.9000000000001,9.902898111
988.0,9.83488
988.1,9.778327873
988.2,9.732572057
988.3000000000001,9.696413945
988.4000000000001,9.668654932
988.5,9.648096412
988.6,9.633539778
988.7,9.623786426
988.8000000000001,9.61763775
988.9000000000001,9.613895143
989.0,9.61136
989.1,9.609056349
989.2,9.606898756
989.3000000000001,9.605024419
989.4000000000001,9.603570539
989.5,9.602674314
989.6,9.602472944
989.7,9.603103628
989.8000000000001,9.604703566
989.9000000000001,9.607409957
990.0,9.61136
990.1,9.616686922
990.2,9.623508055
990.3000000000001,9.631936761
990.4000000000001,9.6420864
990.5,9.654070332
990.6,9.668001917
990.7,9.683994516
990.8000000000001,9.702161489
990.9000000000001,9.722616197
991.0,9.745472
991.1,9.770769628
991.2,9.798259295
991.3000000000001,9.827618584
991.4000000000001,9.858525078
991.5,9.890656359
991.6,9.923690012
991.7,9.957303619
991.8000000000001,9.991174764
991.9000000000001,10.02498103
992.0,10.0584
992.1,10.09109082
992.2,10.12263889
992.3000000000001,10.15261117
992.4000000000001,10.18057463
992.5,10.20609623
992.6,10.22874293
992.7,10.24808169
992.8000000000001,10.26367949
992.9000000000001,10.27510327
993.0,10.28192
993.1,10.28388773
993.2,10.28152882
993.3000000000001,10.27555672
993.4000000000001,10.26668487
993.5,10.25562671
993.6,10.2430957
993.7,10.22980528
993.8000000000001,10.21646889
993.9000000000001,10.20379998
994.0,10.192512
994.1,10.18319836
994.2,10.17597236
994.3000000000001,10.17082727
994.4000000000001,10.16775636
994.5,10.16675291
994.6,10.16781019
994.7,10.17092147
994.8000000000001,10.17608001
994.9000000000001,10.1832791
995.0,10.192512
995.1,10.20365868
995.2,10.21614592
995.3000000000001,10.22928717
995.4000000000001,10.24239592
995.5,10.25478563
995.6,10.26576977
995.7,10.27466181
995.8000000000001,10.28077521
995.9000000000001,10.28342345
996.0,10.28192
996.1,10.27583863
996.2,10.26579431
996.3000000000001,10.25266234
996.4000000000001,10.237318
996.5,10.22063656
996.6,10.20349333
996.7,10.18676357
996.8000000000001,10.17132257
996.9000000000001,10.15804562
997.0,10.147808
997.1,10.14122764
997.2,10.13789309
997.3000000000001,10.13713553
997.4000000000001,10.13828614
997.5,10.14067611
997.6,10.14363664
997.7,10.1464989
997.8000000000001,10.14859409
997.9000000000001,10.1492534
998.0,10.147808
998.1,10.14386644
998.2,10.13814667
998.3000000000001,10.13164397
998.4000000000001,10.12535364
998.5,10.12027098
998.6,10.11739128
998.7,10.11770984
998.8000000000001,10.12222195
998.9000000000001,10.1319229
999.0,10.147808
999.1,10.17051222
999.2,10.1992293
999.3000000000001,10.23279267
999.4000000000001,10.27003575
999.5,10.30979196
999.6,10.35089474
999.7,10.39217751
999.8000000000001,10.43247369
999.9000000000001,10.47061671
1000.0,10.50544
1000.1,10.5360915
1000.2,10.56297722
1000.3000000000001,10.58681772
1000.4000000000001,10.60833352
1000.5,10.62824517
1000.6,10.64727321
1000.7,10.66613817
1000.8000000000001,10.6855606
1000.9000000000001,10.70626103
1001.0,10.72896
1001.1,10.75415085
1001.2,10.7814181
1001.3000000000001,10.81011905
1001.4000000000001,10.83961103
1001.5,10.86925135
1001.6,10.89839732
1001.7,10.92640626
1001.8000000000001,10.95263547
1001.9000000000001,10.97644228
1002.0,10.997184
1002.1,11.0144099
1002.2,11.02843711
1002.3000000000001,11.03977471
1002.4000000000001,11.04893179
1002.5,11.05641743
1002.6,11.06274071
1002.7,11.06841073
1002.8000000000001,11.07393656
1002.9000000000001,11.07982729
1003.0,11.086592
1003.1,11.09464618
1003.2,11.1040309
1003.3000000000001,11.11469361
1003.4000000000001,11.12658181
1003.5,11.13964293
1003.6,11.15382447
1003.7,11.16907387
1003.8000000000001,11.18533862
1003.9000000000001,11.20256617
1004.0,11.220704
1004.1,11.2396585
1004.2,11.25917179
1004.3000000000001,11.27894491
1004.4000000000001,11.29867891
1004.5,11.31807484
1004.6,11.33683374
1004.7,11.35465666
1004.8000000000001,11.37124465
1004.9000000000001,11.38629874
1005.0,11.39952
1005.1,11.41068853
1005.2,11.41990071
1005.3000000000001,11.42733201
1005.4000000000001,11.43315786
1005.5,11.43755372
1005.6,11.44069504
1005.7,11.44275728
1005.8000000000001,11.44391589
1005.9000000000001,11.44434631
1006.0,11.444224
1006.1,11.44367273
1006.2,11.44260955
1006.3000000000001,11.44089984
1006.4000000000001,11.43840896
1006.5,11.43500228
1006.6,11.43054519
1006.7,11.42490304
1006.8000000000001,11.41794121
1006.9000000000001,11.40952507
1007.0,11.39952
1007.1,11.3877849
1007.2,11.37415285
1007.3000000000001,11.35845046
1007.4000000000001,11.34050436
1007.5,11.32014114
1007.6,11.29718744
1007.7,11.27146985
1007.8000000000001,11.24281501
1007.9000000000001,11.21104952
1008.0,11.176
1008.1,11.13765999
1008.2,11.09669073
1008.3000000000001,11.05392039
1008.4000000000001,11.01017714
1008.5,10.96628915
1008.6,10.92308459
1008.7,10.88139162
1008.8000000000001,10.84203842
1008.9000000000001,10.80585316
1009.0,10.773664
1009.1,10.74604021
1009.2,10.72251541
1009.3000000000001,10.70236434
1009.4000000000001,10.68486171
1009.5,10.66928226
1009.6,10.65490071
1009.7,10.64099178
1009.8000000000001,10.62683021
1009.9000000000001,10.6116907
1010.0,10.594848
1010.1,10.57577496
1010.2,10.55473704
1010.3000000000001,10.53219781
1010.4000000000001,10.50862087
1010.5,10.4844698
1010.6,10.46020818
1010.7,10.43629961
1010.8000000000001,10.41320766
1010.9000000000001,10.39139593
1011.0,10.371328
1011.1,10.35333613
1011.2,10.33722724
1011.3000000000001,10.32267695
1011.4000000000001,10.30936085
1011.5,10.29695455
1011.6,10.28513364
1011.7,10.27357373
1011.8000000000001,10.26195042
1011.9000000000001,10.24993931
1012.0,10.237216
1012.1,10.22351505
1012.2,10.20880685
1012.3000000000001,10.19312072
1012.4000000000001,10.17648599
1012.5,10.15893202
1012.6,10.14048812
1012.7,10.12118363
1012.8000000000001,10.10104789
1012.9000000000001,10.08011024
1013.0,10.0584
1013.1,10.03597614
1013.2,10.01301608
1013.3000000000001,9.989726903
1013.4000000000001,9.966315652
1013.5,9.942989391
1013.6,9.919955178
1013.7,9.897420074
1013.8000000000001,9.875591136
1013.9000000000001,9.854675425
1014.0,9.83488
1014.1,9.816323889
1014.2,9.798774
1014.3000000000001,9.781909207
1014.4000000000001,9.765408389
1014.5,9.748950421
1014.6,9.732214179
1014.7,9.71487854
1014.8000000000001,9.696622379
1014.9000000000001,9.677124574
1015.0,9.656064
1015.1,9.632994995
1015.2,9.606973742
1015.3000000000001,9.576931883
1015.4000000000001,9.541801063
1015.5,9.500512926
1015.6,9.451999114
1015.7,9.395191272
1015.8000000000001,9.329021043
1015.9000000000001,9.252420071
1016.0,9.16432
1016.1,9.064059842
1016.2,8.95260809
1016.3000000000001,8.831340604
1016.4000000000001,8.701633246
1016.5,8.564861876
1016.6,8.422402357
1016.7,8.275630548
1016.8000000000001,8.125922312
1016.9000000000001,7.974653509
1017.0,7.8232
1017.1,7.672684419
1017.2,7.52321649
1017.3000000000001,7.374652708
1017.4000000000001,7.226849569
1017.5,7.079663569
1017.6,6.932951203
1017.7,6.786568967
1017.8000000000001,6.640373358
1017.9000000000001,6.49422087
1018.0,6.347968
1018.1,6.201495632
1018.2,6.054782205
1018.3000000000001,5.907830547
1018.4000000000001,5.760643486
1018.5,5.613223849
1018.6,5.465574464
1018.7,5.317698159
1018.8000000000001,5.169597761
1018.9000000000001,5.021276099
1019.0,4.872736
1019.1,4.724001853
1019.2,4.575184289
1019.3000000000001,4.426415504
1019.4000000000001,4.277827688
1019.5,4.129553037
1019.6,3.981723742
1019.7,3.834471998
1019.8000000000001,3.687929998
1019.9000000000001,3.542229934
1020.0,3.397504
1020.1,3.253773757
1020.2,3.110618237
1020.3000000000001,2.967505839
1020.4000000000001,2.823904961
1020.5,2.679284004
1020.6,2.533111367
1020.7,2.384855449
1020.8000000000001,2.233984649
1020.9000000000001,2.079967366
1021.0,1.922272
1021.1,1.760787918
1021.2,1.597088363
1021.3000000000001,1.433167542
1021.4000000000001,1.271019666
1021.5,1.112638946
1021.6,0.960019589
1021.7,0.815155807
1021.8000000000001,0.680041808
1021.9000000000001,0.556671802
1022.0,0.44704
1022.1,0.352595561
1022.2,0.272607449
1022.3000000000001,0.205799578
1022.4000000000001,0.150895861
1022.5,0.106620213
1022.6,0.071696549
1022.7,0.044848781
1022.8000000000001,0.024800824
1022.9000000000001,0.010276593
1023.0,0.0
1023.1,0.0
1023.2,0.0
1023.3000000000001,0.0
1023.4000000000001,0.0
1023.5,0.0
1023.6,0.0
1023.7,0.0
1023.8000000000001,0.0
1023.9000000000001,0.0
1024.0,0.0
1024.1000000000001,0.0
1024.2,0.0
1024.3,0.0
1024.4,0.0
1024.5,0.0
1024.6000000000001,0.0
1024.7,0.0
1024.8,0.0
1024.9,0.0
1025.0,0.0
1025.1000000000001,0.0
1025.2,0.0
1025.3,0.0
1025.4,0.0
1025.5,0.0
1025.6000000000001,0.0
1025.7,0.0
1025.8,0.0
1025.9,0.0
1026.0,0.0
1026.1000000000001,0.0
1026.2,0.0
1026.3,0.0
1026.4,0.0
1026.5,0.0
1026.6000000000001,0.0
1026.7,0.0
1026.8,0.0
1026.9,0.0
1027.0,0.0
1027.1000000000001,0.0
1027.2,0.0
1027.3,0.0
1027.4,0.0
1027.5,0.0
1027.6000000000001,0.0
1027.7,0.0
1027.8,0.0
1027.9,0.0
1028.0,0.0
1028.1000000000001,0.0
1028.2,0.0
1028.3,0.0
1028.4,0.0
1028.5,0.0
1028.6000000000001,0.0
1028.7,0.0
1028.8,0.0
1028.9,0.0
1029.0,0.0
1029.1000000000001,0.0
1029.2,0.0
1029.3,0.0
1029.4,0.0
1029.5,0.0
1029.6000000000001,0.0
1029.7,0.0
1029.8,0.0
1029.9,0.0
1030.0,0.0
1030.1000000000001,0.0
1030.2,0.0
1030.3,0.0
1030.4,0.0
1030.5,0.0
1030.6000000000001,0.0
1030.7,0.0
1030.8,0.0
1030.9,0.0
1031.0,0.0
1031.1000000000001,0.0
1031.2,0.0
1031.3,0.0
1031.4,0.0
1031.5,0.0
1031.6000000000001,0.0
1031.7,0.0
1031.8,0.0
1031.9,0.0
1032.0,0.0
1032.1000000000001,0.0
1032.2,0.0
1032.3,0.0
1032.4,0.0
1032.5,0.0
1032.6000000000001,0.0
1032.7,0.0
1032.8,0.0
1032.9,0.0
1033.0,0.0
1033.1000000000001,0.0
1033.2,0.0
1033.3,0.0
1033.4,0.0
1033.5,0.0
1033.6000000000001,0.0
1033.7,0.0
1033.8,0.0
1033.9,0.0
1034.0,0.0
1034.1000000000001,0.0
1034.2,0.0
1034.3,0.0
1034.4,0.0
1034.5,0.0
1034.6000000000001,0.0
1034.7,0.0
1034.8,0.0
1034.9,0.0
1035.0,0.0
1035.1000000000001,0.0
1035.2,0.0
1035.3,0.0
1035.4,0.0
1035.5,0.0
1035.6000000000001,0.0
1035.7,0.0
1035.8,0.0
1035.9,0.0
1036.0,0.0
1036.1000000000001,0.0
1036.2,0.0
1036.3,0.0
1036.4,0.0
1036.5,0.0
1036.6000000000001,0.0
1036.7,0.0
1036.8,0.0
1036.9,0.0
1037.0,0.0
1037.1000000000001,0.0
1037.2,0.0
1037.3,0.0
1037.4,0.0
1037.5,0.0
1037.6000000000001,0.0
1037.7,0.0
1037.8,0.0
1037.9,0.0
1038.0,0.0
1038.1000000000001,0.0
1038.2,0.0
1038.3,0.0
1038.4,0.0
1038.5,0.0
1038.6000000000001,0.0
1038.7,0.0
1038.8,0.0
1038.9,0.0
1039.0,0.0
1039.1000000000001,0.0
1039.2,0.0
1039.3,0.0
1039.4,0.0
1039.5,0.0
1039.6000000000001,0.0
1039.7,0.0
1039.8,0.0
1039.9,0.0
1040.0,0.0
1040.1000000000001,0.0
1040.2,0.0
1040.3,0.0
1040.4,0.0
1040.5,0.0
1040.6000000000001,0.0
1040.7,0.0
1040.8,0.0
1040.9,0.0
1041.0,0.0
1041.1000000000001,0.0
1041.2,0.0
1041.3,0.0
1041.4,0.0
1041.5,0.0
1041.6000000000001,0.0
1041.7,0.0
1041.8,0.0
1041.9,0.0
1042.0,0.0
1042.1000000000001,0.0
1042.2,0.0
1042.3,0.0
1042.4,0.0
1042.5,0.0
1042.6000000000001,0.0
1042.7,0.0
1042.8,0.0
1042.9,0.0
1043.0,0.0
1043.1000000000001,0.0
1043.2,0.0
1043.3,0.0
1043.4,0.0
1043.5,0.0
1043.6000000000001,0.0
1043.7,0.0
1043.8,0.0
1043.9,0.0
1044.0,0.0
1044.1000000000001,0.0
1044.2,0.0
1044.3,0.0
1044.4,0.0
1044.5,0.0
1044.6000000000001,0.0
1044.7,0.0
1044.8,0.0
1044.9,0.0
1045.0,0.0
1045.1000000000001,0.0
1045.2,0.0
1045.3,0.0
1045.4,0.0
1045.5,0.0
1045.6000000000001,0.0
1045.7,0.0
1045.8,0.0
1045.9,0.0
1046.0,0.0
1046.1000000000001,0.0
1046.2,0.0
1046.3,0.0
1046.4,0.0
1046.5,0.0
1046.6000000000001,0.0
1046.7,0.0
1046.8,0.0
1046.9,0.0
1047.0,0.0
1047.1000000000001,0.0
1047.2,0.0
1047.3,0.0
1047.4,0.0
1047.5,0.0
1047.6000000000001,0.0
1047.7,0.0
1047.8,0.0
1047.9,0.0
1048.0,0.0
1048.1000000000001,0.0
1048.2,0.0
1048.3,0.0
1048.4,0.0
1048.5,0.0
1048.6000000000001,0.0
1048.7,0.0
1048.8,0.0
1048.9,0.0
1049.0,0.0
1049.1000000000001,0.0
1049.2,0.0
1049.3,0.0
1049.4,0.0
1049.5,0.0
1049.6000000000001,0.0
1049.7,0.0
1049.8,0.0
1049.9,0.0
1050.0,0.0
1050.1000000000001,0.0
1050.2,0.0
1050.3,0.0
1050.4,0.0
1050.5,0.0
1050.6000000000001,0.0
1050.7,0.0
1050.8,0.0
1050.9,0.0
1051.0,0.0
1051.1000000000001,0.0
1051.2,0.0
1051.3,0.0
1051.4,0.0
1051.5,0.0
1051.6000000000001,0.0
1051.7,0.0
1051.8,0.0
1051.9,0.0
1052.0,0.0
1052.1000000000001,0.021202804
1052.2,0.048915504
1052.3,0.083400387
1052.4,0.124919744
1052.5,0.173735863
1052.6000000000001,0.230111032
1052.7,0.294307542
1052.8,0.366587681
1052.9,0.447213737
1053.0,0.536448
1053.1000000000001,0.634380973
1053.2,0.740416017
1053.3,0.853784708
1053.4,0.973718621
1053.5,1.099449332
1053.6000000000001,1.230208417
1053.7,1.36522745
1053.8,1.503738008
1053.9,1.644971666
1054.0,1.78816
1054.1000000000001,1.93263948
1054.2,2.078166156
1054.3,2.224600973
1054.4,2.371804875
1054.5,2.519638808
1054.6000000000001,2.667963716
1054.7,2.816640545
1054.8,2.965530239
1054.9,3.114493742
1055.0,3.263392
1055.1000000000001,3.412106388
1055.2,3.5606
1055.3,3.708856362
1055.4,3.856858999
1055.5,4.004591436
1055.6000000000001,4.152037198
1055.7,4.29917981
1055.8,4.446002798
1055.9,4.592489686
1056.0,4.738624
1056.1000000000001,4.88442617
1056.2,5.030064245
1056.3,5.17574318
1056.4,5.32166793
1056.5,5.46804345
1056.6000000000001,5.615074693
1056.7,5.762966615
1056.8,5.911924171
1056.9,6.062152314
1057.0,6.213856
1057.1000000000001,6.366982725
1057.2,6.520450156
1057.3,6.672918501
1057.4,6.823047968
1057.5,6.969498765
1057.6000000000001,7.110931101
1057.7,7.246005184
1057.8,7.373381223
1057.9,7.491719425
1058.0,7.59968
1058.1000000000001,7.696379633
1058.2,7.782760922
1058.3,7.860222944
1058.4,7.930164775
1058.5,7.99398549
1058.6000000000001,8.053084167
1058.7,8.10885988
1058.8,8.162711705
1058.9,8.21603872
1059.0,8.27024
1059.1000000000001,8.326487287
1059.2,8.385042986
1059.3,8.445942169
1059.4,8.509219908
1059.5,8.574911273
1059.6000000000001,8.643051337
1059.7,8.71367517
1059.8,8.786817843
1059.9,8.86251443
1060.0,8.9408
1060.1000000000001,9.021581332
1060.2,9.104252029
1060.3,9.188077402
1060.4,9.272322762
1060.5,9.356253417
1060.6000000000001,9.439134679
1060.7,9.520231858
1060.8,9.598810265
1060.9,9.674135208
1061.0,9.745472
1061.1000000000001,9.81229001
1061.2,9.874874849
1061.3,9.933716189
1061.4,9.989303702
1061.5,10.04212706
1061.6000000000001,10.09267593
1061.7,10.14143999
1061.8,10.18890891
1061.9,10.23557235
1062.0,10.28192
1062.1000000000001,10.32833472
1062.2,10.37477222
1062.3,10.42108139
1062.4,10.46711113
1062.5,10.51271035
1062.6000000000001,10.55772793
1062.7,10.60201279
1062.8,10.64541382
1062.9,10.68777993
1063.0,10.72896
1063.1000000000001,10.76884725
1063.2,10.8075121
1063.3,10.84506928
1063.4,10.88163352
1063.5,10.91731955
1063.6000000000001,10.95224209
1063.7,10.98651588
1063.8,11.02025564
1063.9,11.0535761
1064.0,11.086592
1064.1000000000001,11.11943704
1064.2,11.15232087
1064.3,11.18547213
1064.4,11.21911945
1064.5,11.25349146
1064.6000000000001,11.28881679
1064.7,11.32532408
1064.8,11.36324195
1064.9,11.40279905
1065.0,11.444224
1065.1000000000001,11.48758049
1065.2,11.53227244
1065.3,11.5775388
1065.4,11.62261854
1065.5,11.66675062
1065.6000000000001,11.70917402
1065.7,11.74912769
1065.8,11.7858506
1065.9,11.81858172
1066.0,11.84656
1066.1000000000001,11.86930758
1066.2,11.88747923
1066.3,11.9020129
1066.4,11.91384652
1066.5,11.92391804
1066.6000000000001,11.9331654
1066.7,11.94252653
1066.8,11.95293938
1066.9,11.96534189
1067.0,11.980672
1067.1000000000001,11.99961521
1067.2,12.02184724
1067.3,12.04679139
1067.4,12.07387095
1067.5,12.1025092
1067.6000000000001,12.13212944
1067.7,12.16215494
1067.8,12.19200902
1067.9,12.22111494
1068.0,12.248896
1068.1000000000001,12.27492094
1068.2,12.29934032
1068.3,12.32245015
1068.4,12.34454642
1068.5,12.36592516
1068.6000000000001,12.38688236
1068.7,12.40771404
1068.8,12.4287162
1068.9,12.45018485
1069.0,12.472416
1069.1000000000001,12.4955551
1069.2,12.51914538
1069.3,12.54257954
1069.4,12.56525023
1069.5,12.58655016
1069.6000000000001,12.60587199
1069.7,12.62260841
1069.8,12.6361521
1069.9,12.64589574
1070.0,12.651232
1070.1000000000001,12.65174211
1070.2,12.64776147
1070.3,12.63981398
1070.4,12.62842358
1070.5,12.6141142
1070.6000000000001,12.59740977
1070.7,12.5788342
1070.8,12.55891143
1070.9,12.53816539
1071.0,12.51712
1071.1000000000001,12.49618732
1071.2,12.47533195
1071.3,12.45440663
1071.4,12.43326408
1071.5,12.41175703
1071.6000000000001,12.38973822
1071.7,12.36706038
1071.8,12.34357625
1071.9,12.31913854
1072.0,12.2936
1072.1000000000001,12.26693817
1072.2,12.23962982
1072.3,12.21227656
1072.4,12.18547998
1072.5,12.15984167
1072.6000000000001,12.13596323
1072.7,12.11444625
1072.8,12.09589232
1072.9,12.08090304
1073.0,12.07008
1073.1000000000001,12.06377153
1073.2,12.06131292
1073.3,12.06178616
1073.4,12.06427328
1073.5,12.06785628
1073.6000000000001,12.07161718
1073.7,12.07463799
1073.8,12.07600072
1073.9,12.07478739
1074.0,12.07008
1074.1000000000001,12.06108885
1074.2,12.04753732
1074.3,12.02927709
1074.4,12.00615983
1074.5,11.9780372
1074.6000000000001,11.94476088
1074.7,11.90618253
1074.8,11.86215382
1074.9,11.81252642
1075.0,11.757152
1075.1000000000001,11.69598002
1075.2,11.62935111
1075.3,11.55770368
1075.4,11.48147614
1075.5,11.40110691
1075.6000000000001,11.31703442
1075.7,11.22969706
1075.8,11.13953326
1075.9,11.04698144
1076.0,10.95248
1076.1000000000001,10.85652908
1076.2,10.75987565
1076.3,10.66332839
1076.4,10.567696
1076.5,10.47378714
1076.6000000000001,10.38241052
1076.7,10.29437481
1076.8,10.21048869
1076.9,10.13156086
1077.0,10.0584
1077.1000000000001,9.991604266
1077.2,9.930929717
1077.3,9.875921888
1077.4,9.826126311
1077.5,9.781088519
1077.6000000000001,9.740354046
1077.7,9.703468424
1077.8,9.669977187
1077.9,9.639425868
1078.0,9.61136
1078.1000000000001,9.585166721
1078.2,9.559599593
1078.3,9.533253783
1078.4,9.504724457
1078.5,9.472606781
1078.6000000000001,9.435495923
1078.7,9.391987049
1078.8,9.340675326
1078.9,9.280155921
1079.0,9.209024
1079.1000000000001,9.126316497
1079.2,9.032837413
1079.3,8.929832516
1079.4,8.818547575
1079.5,8.700228357
1079.6000000000001,8.57612063
1079.7,8.447470163
1079.8,8.315522723
1079.9,8.18152408
1080.0,8.04672
1080.1000000000001,7.912133403
1080.2,7.777895811
1080.3,7.643915896
1080.4,7.510102333
1080.5,7.376363793
1080.6000000000001,7.242608949
1080.7,7.108746475
1080.8,6.974685044
1080.9,6.840333328
1081.0,6.7056
1081.1000000000001,6.570575139
1081.2,6.436074448
1081.3,6.303095035
1081.4,6.172634007
1081.5,6.045688473
1081.6000000000001,5.923255541
1081.7,5.80633232
1081.8,5.695915917
1081.9,5.593003441
1082.0,5.498592
1082.1000000000001,5.413399448
1082.2,5.337026621
1082.3,5.268795101
1082.4,5.208026472
1082.5,5.154042316
1082.6000000000001,5.106164214
1082.7,5.063713749
1082.8,5.026012503
1082.9,4.99238206
1083.0,4.962144
1083.1000000000001,4.934661438
1083.2,4.909463613
1083.3,4.886121296
1083.4,4.864205256
1083.5,4.843286265
1083.6000000000001,4.822935092
1083.7,4.802722509
1083.8,4.782219286
1083.9,4.760996192
1084.0,4.738624
1084.1000000000001,4.714786608
1084.2,4.68962043
1084.3,4.663375012
1084.4,4.636299896
1084.5,4.608644626
1084.6000000000001,4.580658746
1084.7,4.5525918
1084.8,4.524693331
1084.9,4.497212883
1085.0,4.4704
1085.1000000000001,4.444457219
1085.2,4.419399049
1085.3,4.395192993
1085.4,4.371806553
1085.5,4.349207232
1085.6000000000001,4.327362533
1085.7,4.306239957
1085.8,4.285807008
1085.9,4.266031188
1086.0,4.24688
1086.1000000000001,4.228306437
1086.2,4.210205453
1086.3,4.192457497
1086.4,4.174943012
1086.5,4.157542446
1086.6000000000001,4.140136244
1086.7,4.122604852
1086.8,4.104828717
1086.9,4.086688284
1087.0,4.068064
1087.1000000000001,4.048896651
1087.2,4.029368385
1087.3,4.009721693
1087.4,3.990199063
1087.5,3.971042985
1087.6000000000001,3.952495948
1087.7,3.934800442
1087.8,3.918198955
1087.9,3.902933978
1088.0,3.889248
1088.1000000000001,3.877335473
1088.2,3.867198702
1088.3,3.858791957
1088.4,3.852069505
1088.5,3.846985615
1088.6000000000001,3.843494556
1088.7,3.841550597
1088.8,3.841108005
1088.9,3.84212105
1089.0,3.844544
1089.1000000000001,3.848328818
1089.2,3.853418246
1089.3,3.859752721
1089.4,3.867272678
1089.5,3.875918554
1089.6000000000001,3.885630786
1089.7,3.896349811
1089.8,3.908016063
1089.9,3.920569981
1090.0,3.933952
1090.1000000000001,3.948025703
1090.2,3.962347257
1090.3,3.976395977
1090.4,3.989651176
1090.5,4.001592168
1090.6000000000001,4.011698266
1090.7,4.019448784
1090.8,4.024323037
1090.9,4.025800338
1091.0,4.02336
1091.1000000000001,4.01670165
1091.2,4.006406164
1091.3,3.993274731
1091.4,3.978108539
1091.5,3.961708776
1091.6000000000001,3.944876631
1091.7,3.928413292
1091.8,3.913119948
1091.9,3.899797788
1092.0,3.889248
1092.1000000000001,3.882003824
1092.2,3.877526709
1092.3,3.875010155
1092.4,3.873647662
1092.5,3.87263273
1092.6000000000001,3.87115886
1092.7,3.868419551
1092.8,3.863608305
1092.9,3.855918621
1093.0,3.844544
1093.1000000000001,3.828903565
1093.2,3.809318936
1093.3,3.786337354
1093.4,3.760506063
1093.5,3.732372305
1093.6000000000001,3.702483323
1093.7,3.671386358
1093.8,3.639628655
1093.9,3.607757454
1094.0,3.57632
1094.1000000000001,3.545586619
1094.2,3.51471998
1094.3,3.482605837
1094.4,3.448129942
1094.5,3.41017805
1094.6000000000001,3.367635914
1094.7,3.319389288
1094.8,3.264323924
1094.9,3.201325577
1095.0,3.12928
1095.1000000000001,3.047642054
1095.2,2.958143031
1095.3,2.863083331
1095.4,2.764763352
1095.5,2.665483494
1095.6000000000001,2.567544157
1095.7,2.47324574
1095.8,2.384888641
1095.9,2.304773262
1096.0,2.2352
1096.1000000000001,2.177721452
1096.2,2.130898998
1096.3,2.092546216
1096.4,2.060476682
1096.5,2.032503973
1096.6000000000001,2.006441666
1096.7,1.980103338
1096.8,1.951302567
1096.9,1.917852928
1097.0,1.877568
1097.1000000000001,1.828805898
1097.2,1.772102896
1097.3,1.708539806
1097.4,1.639197442
1097.5,1.565156616
1097.6000000000001,1.48749814
1097.7,1.407302828
1097.8,1.325651492
1097.9,1.243624945
1098.0,1.162304
1098.1000000000001,1.082590828
1098.2,1.004673034
1098.3,0.928559583
1098.4,0.854259439
1098.5,0.781781565
1098.6000000000001,0.711134926
1098.7,0.642328486
1098.8,0.575371209
1098.9,0.510272059
1099.0,0.44704
1099.1000000000001,0.385764615
1099.2,0.326857959
1099.3,0.270812709
1099.4,0.218121539
1099.5,0.169277124
1099.6000000000001,0.124772139
1099.7,0.085099259
1099.8,0.050751159
1099.9,0.022220515
1100.0,0.0
1100.1000000000001,0.0
1100.2,0.0
1100.3,0.0
1100.4,0.0
1100.5,0.0
1100.6000000000001,0.0
1100.7,0.0
1100.8,0.011990873
1100.9,0.027819482
1101.0,0.044704
1101.1000000000001,0.062142962
1101.2,0.080183222
1101.3,0.099008712
1101.4,0.118803367
1101.5,0.139751119
1101.6000000000001,0.162035902
1101.7,0.185841648
1101.8,0.211352291
1101.9,0.238751764
1102.0,0.268224
1102.1000000000001,0.299950783
1102.2,0.334105297
1102.3,0.370858578
1102.4,0.410381662
1102.5,0.452845584
1102.6000000000001,0.498421379
1102.7,0.547280083
1102.8,0.599592731
1102.9,0.655530358
1103.0,0.715264
1103.1000000000001,0.779015027
1103.2,0.84720615
1103.3,0.920310414
1103.4,0.998800863
1103.5,1.083150544
1103.6000000000001,1.173832501
1103.7,1.27131978
1103.8,1.376085426
1103.9,1.488602484
1104.0,1.609344
1104.1000000000001,1.73849442
1104.2,1.875083798
1104.3,2.01785359
1104.4,2.165545252
1104.5,2.316900239
1104.6000000000001,2.470660007
1104.7,2.625566011
1104.8,2.780359708
1104.9,2.933782552
1105.0,3.084576
1105.1000000000001,3.231780893
1105.2,3.375635617
1105.3,3.516677945
1105.4,3.655445649
1105.5,3.7924765
1105.6000000000001,3.928308271
1105.7,4.063478735
1105.8,4.198525662
1105.9,4.333986827
1106.0,4.4704
1106.1000000000001,4.608019864
1106.2,4.745968741
1106.3,4.883085861
1106.4,5.018210458
1106.5,5.150181762
1106.6000000000001,5.277839005
1106.7,5.400021419
1106.8,5.515568235
1106.9,5.623318685
1107.0,5.722112
1107.1000000000001,5.811083939
1107.2,5.890556364
1107.3,5.961147666
1107.4,6.023476232
1107.5,6.078160453
1107.6000000000001,6.125818717
1107.7,6.167069415
1107.8,6.202530935
1107.9,6.232821667
1108.0,6.25856
1108.1000000000001,6.280444796
1108.2,6.29949681
1108.3,6.316817268
1108.4,6.333507398
1108.5,6.350668427
1108.6000000000001,6.369401581
1108.7,6.390808089
1108.8,6.415989176
1108.9,6.446046071
1109.0,6.48208
1109.1000000000001,6.524931404
1109.2,6.57439758
1109.3,6.630015037
1109.4,6.691320287
1109.5,6.75784984
1109.6000000000001,6.829140205
1109.7,6.904727893
1109.8,6.984149415
1109.9,7.066941281
1110.0,7.15264
1110.1000000000001,7.240805971
1110.2,7.331095143
1110.3,7.42318735
1110.4,7.516762428
1110.5,7.611500214
1110.6000000000001,7.707080543
1110.7,7.80318325
1110.8,7.899488171
1110.9,7.995675143
1111.0,8.091424
1111.1000000000001,8.186400999
1111.2,8.280218073
1111.3,8.372473579
1111.4,8.462765871
1111.5,8.550693304
1111.6000000000001,8.635854232
1111.7,8.717847011
1111.8,8.796269996
1111.9,8.87072154
1112.0,8.9408
1112.1000000000001,9.006178867
1112.2,9.06683218
1112.3,9.122809117
1112.4,9.174158855
1112.5,9.22093057
1112.6000000000001,9.26317344
1112.7,9.300936641
1112.8,9.33426935
1112.9,9.363220744
1113.0,9.38784
1113.1000000000001,9.408246959
1113.2,9.424844119
1113.3,9.43810464
1113.4,9.448501686
1113.5,9.456508416
1113.6000000000001,9.462597993
1113.7,9.467243579
1113.8,9.470918334
1113.9,9.47409542
1114.0,9.477248
1114.1000000000001,9.480759665
1114.2,9.484655729
1114.3,9.488871937
1114.4,9.493344034
1114.5,9.498007766
1114.6000000000001,9.502798876
1114.7,9.507653109
1114.8,9.512506211
1114.9,9.517293927
1115.0,9.521952
1115.1000000000001,9.526435566
1115.2,9.530777318
1115.3,9.535029339
1115.4,9.539243713
1115.5,9.543472521
1115.6000000000001,9.547767848
1115.7,9.552181777
1115.8,9.556766389
1115.9,9.561573769
1116.0,9.566656
1116.1000000000001,9.572121879
1116.2,9.578307062
1116.3,9.585603921
1116.4,9.594404826
1116.5,9.605102149
1116.6000000000001,9.618088259
1116.7,9.633755529
1116.8,9.652496328
1116.9,9.674703028
1117.0,9.700768
1117.1000000000001,9.73088207
1117.2,9.764429889
1117.3,9.80059456
1117.4,9.83855919
1117.5,9.877506884
1117.6000000000001,9.916620748
1117.7,9.955083885
1117.8,9.992079403
1117.9,10.02679041
1118.0,10.0584
1118.1000000000001,10.08634901
1118.2,10.11110913
1118.3,10.13340977
1118.4,10.15398037
1118.5,10.17355031
1118.6000000000001,10.19284904
1118.7,10.21260595
1118.8,10.23355048
1118.9,10.25641202
1119.0,10.28192
1119.1000000000001,10.31060036
1119.2,10.34216515
1119.3,10.37612295
1119.4,10.41198233
1119.5,10.44925186
1119.6000000000001,10.48744012
1119.7,10.52605569
1119.8,10.56460714
1119.9,10.60260306
1120.0,10.639552
1120.1000000000001,10.67507169
1120.2,10.70921637
1120.3,10.74214944
1120.4,10.77403427
1120.5,10.80503426
1120.6000000000001,10.83531278
1120.7,10.86503323
1120.8,10.894359
1120.9,10.92345346
1121.0,10.95248
1121.1000000000001,10.98150306
1121.2,11.01019124
1121.3,11.03811421
1121.4,11.06484162
1121.5,11.08994312
1121.6000000000001,11.11298837
1121.7,11.13354702
1121.8,11.15118874
1121.9,11.16548318
1122.0,11.176
1122.1000000000001,11.18246142
1122.2,11.18519996
1122.3,11.18470073
1122.4,11.1814488
1122.5,11.17592928
1122.6000000000001,11.16862726
1122.7,11.16002782
1122.8,11.15061607
1122.9,11.1408771
1123.0,11.131296
1123.1000000000001,11.12229357
1123.2,11.11403341
1123.3,11.10661485
1123.4,11.10013719
1123.5,11.09469976
1123.6000000000001,11.09040187
1123.7,11.08734284
1123.8,11.08562197
1123.9,11.08533859
1124.0,11.086592
1124.1000000000001,11.08945203
1124.2,11.09387049
1124.3,11.09976971
1124.4,11.10707199
1124.5,11.11569966
1124.6000000000001,11.12557504
1124.7,11.13662045
1124.8,11.14875819
1124.9,11.16191061
1125.0,11.176
1125.1000000000001,11.19095217
1125.2,11.20670683
1125.3,11.22320716
1125.4,11.24039635
1125.5,11.25821759
1125.6000000000001,11.27661406
1125.7,11.29552895
1125.8,11.31490545
1125.9,11.33468673
1126.0,11.354816
1126.1000000000001,11.37520732
1126.2,11.39565828
1126.3,11.41593739
1126.4,11.43581313
1126.5,11.45505398
1126.6000000000001,11.47342843
1126.7,11.49070497
1126.8,11.50665209
1126.9,11.52103827
1127.0,11.533632
1127.1000000000001,11.54431476
1127.2,11.55341997
1127.3,11.56139406
1127.4,11.56868343
1127.5,11.57573451
1127.6000000000001,11.5829937
1127.7,11.59090743
1127.8,11.59992212
1127.9,11.61048417
1128.0,11.62304
1128.1000000000001,11.63788142
1128.2,11.65468179
1128.3,11.67295984
1128.4,11.69223433
1128.5,11.71202399
1128.6000000000001,11.73184758
1128.7,11.75122383
1128.8,11.76967148
1128.9,11.78670929
1129.0,11.801856
1129.1000000000001,11.81477818
1129.2,11.8257337
1129.3,11.8351283
1129.4,11.84336766
1129.5,11.85085752
1129.6000000000001,11.85800357
1129.7,11.86521153
1129.8,11.87288712
1129.9,11.88143604
1130.0,11.891264
1130.1000000000001,11.90265295
1130.2,11.91538973
1130.3,11.92913744
1130.4,11.94355914
1130.5,11.95831794
1130.6000000000001,11.97307689
1130.7,11.98749909
1130.8,12.00124762
1130.9,12.01398557
1131.0,12.025376
1131.1000000000001,12.03516104
1131.2,12.04339895
1131.3,12.05022701
1131.4,12.05578251
1131.5,12.06020274
1131.6000000000001,12.06362499
1131.7,12.06618656
1131.8,12.06802472
1131.9,12.06927677
1132.0,12.07008
1132.1000000000001,12.07055815
1132.2,12.07078074
1132.3,12.07080378
1132.4,12.07068324
1132.5,12.0704751
1132.6000000000001,12.07023536
1132.7,12.07001999
1132.8,12.06988498
1132.9,12.06988633
1133.0,12.07008
1133.1000000000001,12.07049716
1133.2,12.07106963
1133.3,12.07170441
1133.4,12.07230849
1133.5,12.07278886
1133.6000000000001,12.07305253
1133.7,12.07300648
1133.8,12.07255771
1133.9,12.07161322
1134.0,12.07008
1134.1000000000001,12.06788851
1134.2,12.06506311
1134.3,12.06165158
1134.4,12.05770177
1134.5,12.05326146
1134.6000000000001,12.04837847
1134.7,12.04310062
1134.8,12.03747572
1134.9,12.03155157
1135.0,12.025376
1135.1000000000001,12.01901717
1135.2,12.0126247
1135.3,12.00636858
1135.4,12.00041879
1135.5,11.99494531
1135.6000000000001,11.99011813
1135.7,11.98610722
1135.8,11.98308258
1135.9,11.98121418
1136.0,11.980672
1136.1000000000001,11.98152112
1136.2,11.98340692
1136.3,11.9858699
1136.4,11.98845053
1136.5,11.9906893
1136.6000000000001,11.99212668
1136.7,11.99230316
1136.8,11.99075922
1136.9,11.98703534
1137.0,11.980672
1137.1000000000001,11.97138547
1137.2,11.95959516
1137.3,11.94589627
1137.4,11.93088398
1137.5,11.9151535
1137.6000000000001,11.89930002
1137.7,11.88391874
1137.8,11.86960484
1137.9,11.85695353
1138.0,11.84656
1138.1000000000001,11.83882356
1138.2,11.83335995
1138.3,11.82958903
1138.4,11.82693066
1138.5,11.82480469
1138.6000000000001,11.822631
1138.7,11.81982942
1138.8,11.81581982
1138.9,11.81002206
1139.0,11.801856
1139.1000000000001,11.79090222
1139.2,11.77738425
1139.3,11.76168634
1139.4,11.74419275
1139.5,11.72528772
1139.6000000000001,11.70535552
1139.7,11.68478039
1139.8,11.66394659
1139.9,11.64323838
1140.0,11.62304
1140.1000000000001,11.6036016
1140.2,11.58463687
1140.3,11.56572538
1140.4,11.5464467
1140.5,11.52638042
1140.6000000000001,11.5051061
1140.7,11.48220333
1140.8,11.45725167
1140.9,11.4298307
1141.0,11.39952
1141.1000000000001,11.36605134
1141.2,11.3297653
1141.3,11.29115464
1141.4,11.25071215
1141.5,11.2089306
1141.6000000000001,11.16630276
1141.7,11.1233214
1141.8,11.08047931
1141.9,11.03826925
1142.0,10.997184
1142.1000000000001,10.95746517
1142.2,10.91834969
1142.3,10.87882335
1142.4,10.83787193
1142.5,10.79448119
1142.6000000000001,10.74763691
1142.7,10.69632488
1142.8,10.63953087
1142.9,10.57624065
1143.0,10.50544
1143.1000000000001,10.42656483
1143.2,10.34085155
1143.3,10.24998673
1143.4,10.15565692
1143.5,10.05954865
1143.6000000000001,9.963348498
1143.7,9.868743003
1143.8,9.777418721
1143.9,9.691062202
1144.0,9.61136
1144.1000000000001,9.539388099
1144.2,9.473780218
1144.3,9.412559507
1144.4,9.353749118
1144.5,9.295372202
1144.6000000000001,9.23545191
1144.7,9.172011392
1144.8,9.103073801
1144.9,9.026662286
1145.0,8.9408
1145.1000000000001,8.844205815
1145.2,8.738381493
1145.3,8.625524518
1145.4,8.507832372
1145.5,8.387502539
1145.6000000000001,8.266732504
1145.7,8.147719749
1145.8,8.032661757
1145.9,7.923756013
1146.0,7.8232
1146.1000000000001,7.73258352
1146.2,7.651065649
1146.3,7.577197782
1146.4,7.509531314
1146.5,7.44661764
1146.6000000000001,7.387008155
1146.7,7.329254254
1146.8,7.271907331
1146.9,7.213518781
1147.0,7.15264
1147.1000000000001,7.087992745
1147.2,7.018980231
1147.3,6.945176034
1147.4,6.866153731
1147.5,6.781486899
1147.6000000000001,6.690749115
1147.7,6.593513956
1147.8,6.489354999
1147.9,6.377845822
1148.0,6.25856
1148.1000000000001,6.131310266
1148.2,5.996865971
1148.3,5.856235618
1148.4,5.710427715
1148.5,5.560450765
1148.6000000000001,5.407313274
1148.7,5.252023746
1148.8,5.095590688
1148.9,4.939022604
1149.0,4.783328
1149.1000000000001,4.629327182
1149.2,4.477087662
1149.3,4.326488756
1149.4,4.177409778
1149.5,4.029730042
1149.6000000000001,3.883328863
1149.7,3.738085555
1149.8,3.593879432
1149.9,3.450589809
1150.0,3.308096
1150.1000000000001,3.166209807
1150.2,3.02447298
1150.3,2.882359756
1150.4,2.739344373
1150.5,2.594901067
1150.6000000000001,2.448504075
1150.7,2.299627636
1150.8,2.147745985
1150.9,1.992333361
1151.0,1.832864
1151.1000000000001,1.66927039
1151.2,1.503318017
1151.3,1.337230618
1151.4,1.173231931
1151.5,1.013545691
1151.6000000000001,0.860395637
1151.7,0.716005503
1151.8,0.582599028
1151.9,0.462399948
1152.0,0.357632
1152.1000000000001,0.269871034
1152.2,0.198101352
1152.3,0.14065937
1152.4,0.095881503
1152.5,0.062104167
1152.6000000000001,0.037663778
1152.7,0.020896752
1152.8,0.010139503
1152.9,0.003728447
1153.0,0.0
1153.1000000000001,0.0
1153.2,0.0
1153.3,0.0
1153.4,0.0
1153.5,0.0
1153.6000000000001,0.0
1153.7,0.0
1153.8,0.0
1153.9,0.0
1154.0,0.0
1154.1000000000001,0.0
1154.2,0.0
1154.3,0.0
1154.4,0.0
1154.5,0.0
1154.6000000000001,0.0
1154.7,0.0
1154.8,0.0
1154.9,0.0
1155.0,0.0
1155.1000000000001,0.0
1155.2,0.0
1155.3,0.0
1155.4,0.0
1155.5,0.0
1155.6000000000001,0.0
1155.7,0.0
1155.8,0.0
1155.9,0.0
1156.0,0.0
1156.1000000000001,0.0
1156.2,0.0
1156.3,0.0
1156.4,0.0
1156.5,0.0
1156.6000000000001,0.0
1156.7,0.0
1156.8,0.0
1156.9,0.0
1157.0,0.0
1157.1000000000001,0.0
1157.2,0.0
1157.3,0.0
1157.4,0.0
1157.5,0.0
1157.6000000000001,0.0
1157.7,0.0
1157.8,0.0
1157.9,0.0
1158.0,0.0
1158.1000000000001,0.0
1158.2,0.0
1158.3,0.0
1158.4,0.0
1158.5,0.0
1158.6000000000001,0.0
1158.7,0.0
1158.8,0.0
1158.9,0.0
1159.0,0.0
1159.1000000000001,0.0
1159.2,0.0
1159.3,0.0
1159.4,0.0
1159.5,0.0
1159.6000000000001,0.0
1159.7,0.0
1159.8,0.0
1159.9,0.0
1160.0,0.0
1160.1000000000001,0.0
1160.2,0.0
1160.3,0.0
1160.4,0.0
1160.5,0.0
1160.6000000000001,0.0
1160.7,0.0
1160.8,0.0
1160.9,0.0
1161.0,0.0
1161.1000000000001,0.0
1161.2,0.0
1161.3,0.0
1161.4,0.0
1161.5,0.0
1161.6000000000001,0.0
1161.7,0.0
1161.8,0.0
1161.9,0.0
1162.0,0.0
1162.1000000000001,0.0
1162.2,0.0
1162.3,0.0
1162.4,0.0
1162.5,0.0
1162.6000000000001,0.0
1162.7,0.0
1162.8,0.0
1162.9,0.0
1163.0,0.0
1163.1000000000001,0.0
1163.2,0.0
1163.3,0.0
1163.4,0.0
1163.5,0.0
1163.6000000000001,0.0
1163.7,0.0
1163.8,0.0
1163.9,0.0
1164.0,0.0
1164.1000000000001,0.0
1164.2,0.0
1164.3,0.0
1164.4,0.0
1164.5,0.0
1164.6000000000001,0.0
1164.7,0.0
1164.8,0.0
1164.9,0.0
1165.0,0.0
1165.1000000000001,0.0
1165.2,0.0
1165.3,0.0
1165.4,0.0
1165.5,0.0
1165.6000000000001,0.0
1165.7,0.0
1165.8,0.0
1165.9,0.0
1166.0,0.0
1166.1000000000001,0.0
1166.2,0.0
1166.3,0.0
1166.4,0.0
1166.5,0.0
1166.6000000000001,0.0
1166.7,0.0
1166.8,0.0
1166.9,0.0
1167.0,0.0
1167.1000000000001,0.0
1167.2,0.0
1167.3,0.0
1167.4,0.0
1167.5,0.0
1167.6000000000001,0.0
1167.7,0.0
1167.8,0.0
1167.9,0.0
1168.0,0.0
1168.1000000000001,0.046483364
1168.2,0.105852605
1168.3,0.177225105
1168.4,0.259718247
1168.5,0.352449414
1168.6000000000001,0.454535987
1168.7,0.56509535
1168.8,0.683244885
1168.9,0.808101974
1169.0,0.938784
1169.1000000000001,1.074450562
1169.2,1.214430122
1169.3,1.358093359
1169.4,1.504810952
1169.5,1.65395358
1169.6000000000001,1.804891921
1169.7,1.956996655
1169.8,2.10963846
1169.9,2.262188016
1170.0,2.414016
1170.1000000000001,2.564628181
1170.2,2.714070685
1170.3,2.862524724
1170.4,3.010171514
1170.5,3.157192268
1170.6000000000001,3.3037682
1170.7,3.450080526
1170.8,3.596310458
1170.9,3.742639211
1171.0,3.889248
1171.1000000000001,4.036271913
1171.2,4.18366154
1171.3,4.331321345
1171.4,4.479155793
1171.5,4.627069349
1171.6000000000001,4.774966477
1171.7,4.922751641
1171.8,5.070329307
1171.9,5.217603938
1172.0,5.36448
1172.1000000000001,5.510911367
1172.2,5.657049556
1172.3,5.803095496
1172.4,5.949250113
1172.5,6.095714336
1172.6000000000001,6.242689092
1172.7,6.390375308
1172.8,6.538973913
1172.9,6.688685835
1173.0,6.839712
1173.1000000000001,6.99210182
1173.2,7.145298635
1173.3,7.298594272
1173.4,7.451280555
1173.5,7.602649308
1173.6000000000001,7.751992357
1173.7,7.898601526
1173.8,8.041768639
1173.9,8.180785522
1174.0,8.314944
1174.1000000000001,8.443734923
1174.2,8.567445246
1174.3,8.686560951
1174.4,8.801568019
1174.5,8.912952432
1174.6000000000001,9.021200169
1174.7,9.126797214
1174.8,9.230229546
1174.9,9.331983148
1175.0,9.432544
1175.1000000000001,9.532200537
1175.2,9.630451004
1175.3,9.726596099
1175.4,9.81993652
1175.5,9.909772966
1175.6000000000001,9.995406134
1175.7,10.07613672
1175.8,10.15126543
1175.9,10.22009296
1176.0,10.28192
1176.1000000000001,10.33619138
1176.2,10.3829284
1176.3,10.42229651
1176.4,10.45446113
1176.5,10.47958771
1176.6000000000001,10.49784166
1176.7,10.50938843
1176.8,10.51439346
1176.9,10.51302217
1177.0,10.50544
1177.1000000000001,10.49196989
1177.2,10.47356479
1177.3,10.45133517
1177.4,10.42639149
1177.5,10.39984421
1177.6000000000001,10.3728038
1177.7,10.3463807
1177.8,10.3216854
1177.9,10.29982834
1178.0,10.28192
1178.1000000000001,10.26856491
1178.2,10.25834395
1178.3,10.24933208
1178.4,10.23960426
1178.5,10.22723545
1178.6000000000001,10.21030059
1178.7,10.18687467
1178.8,10.15503262
1178.9,10.11284941
1179.0,10.0584
1179.1000000000001,9.99028439
1179.2,9.909202761
1179.3,9.816380337
1179.4,9.713042344
1179.5,9.600414005
1179.6000000000001,9.479720546
1179.7,9.352187191
1179.8,9.219039165
1179.9,9.081501694
1180.0,8.9408
1180.1000000000001,8.797995577
1180.2,8.653494989
1180.3,8.507541065
1180.4,8.360376636
1180.5,8.212244535
1180.6000000000001,8.06338759
1180.7,7.914048633
1180.8,7.764470496
1180.9,7.614896008
1181.0,7.465568
1181.1000000000001,7.316680373
1181.2,7.168231301
1181.3,7.020170028
1181.4,6.872445799
1181.5,6.725007857
1181.6000000000001,6.577805447
1181.7,6.430787812
1181.8,6.283904196
1181.9,6.137103844
1182.0,5.990336
1182.1000000000001,5.843551732
1182.2,5.696709409
1182.3,5.549769223
1182.4,5.402691368
1182.5,5.255436038
1182.6000000000001,5.107963424
1182.7,4.96023372
1182.8,4.812207119
1182.9,4.663843815
1183.0,4.515104
1183.1000000000001,4.365989499
1183.2,4.216668664
1183.3,4.067351479
1183.4,3.918247928
1183.5,3.769567993
1183.6000000000001,3.621521659
1183.7,3.474318909
1183.8,3.328169726
1183.9,3.183284096
1184.0,3.039872
1184.1000000000001,2.897975071
1184.2,2.756961533
1184.3,2.616031259
1184.4,2.474384121
1184.5,2.331219991
1184.6000000000001,2.185738741
1184.7,2.037140245
1184.8,1.884624375
1184.9,1.727391002
1185.0,1.56464
1185.1000000000001,1.396203016
1185.2,1.224438802
1185.3,1.052337884
1185.4,0.88289079
1185.5,0.719088045
1185.6000000000001,0.563920176
1185.7,0.42037771
1185.8,0.291451175
1185.9,0.180131096
1186.0,0.089408
1186.1000000000001,0.021299487
1186.2,0.0
1186.3,0.0
1186.4,0.0
1186.5,0.0
1186.6000000000001,0.0
1186.7,0.0
1186.8,0.0
1186.9,0.0
1187.0,0.0
1187.1000000000001,0.0
1187.2,0.0
1187.3,0.0
1187.4,0.0
1187.5,0.0
1187.6000000000001,0.0
1187.7,0.0
1187.8,0.0
1187.9,0.0
1188.0,0.0
1188.1000000000001,0.0
1188.2,0.0
1188.3,0.0
1188.4,0.0
1188.5,0.0
1188.6000000000001,0.0
1188.7,0.0
1188.8,0.0
1188.9,0.0
1189.0,0.0
1189.1000000000001,0.0
1189.2,0.0
1189.3,0.0
1189.4,0.0
1189.5,0.0
1189.6000000000001,0.0
1189.7,0.0
1189.8,0.0
1189.9,0.0
1190.0,0.0
1190.1000000000001,0.0
1190.2,0.0
1190.3,0.0
1190.4,0.0
1190.5,0.0
1190.6000000000001,0.0
1190.7,0.0
1190.8,0.0
1190.9,0.0
1191.0,0.0
1191.1000000000001,0.0
1191.2,0.0
1191.3,0.0
1191.4,0.0
1191.5,0.0
1191.6000000000001,0.0
1191.7,0.0
1191.8,0.0
1191.9,0.0
1192.0,0.0
1192.1000000000001,0.0
1192.2,0.0
1192.3,0.0
1192.4,0.0
1192.5,0.0
1192.6000000000001,0.0
1192.7,0.0
1192.8,0.0
1192.9,0.0
1193.0,0.0
1193.1000000000001,0.0
1193.2,0.0
1193.3,0.0
1193.4,0.0
1193.5,0.0
1193.6000000000001,0.0
1193.7,0.0
1193.8,0.0
1193.9,0.0
1194.0,0.0
1194.1000000000001,0.0
1194.2,0.0
1194.3,0.0
1194.4,0.0
1194.5,0.0
1194.6000000000001,0.0
1194.7,0.0
1194.8,0.0
1194.9,0.0
1195.0,0.0
1195.1000000000001,0.0
1195.2,0.0
1195.3,0.0
1195.4,0.0
1195.5,0.0
1195.6000000000001,0.0
1195.7,0.0
1195.8,0.0
1195.9,0.0
1196.0,0.0
1196.1000000000001,0.0
1196.2,0.0
1196.3,0.0
1196.4,0.0
1196.5,0.003100585
1196.6000000000001,0.010664595
1196.7,0.02231711
1196.8,0.038818361
1196.9,0.060928581
1197.0,0.089408
1197.1000000000001,0.124795651
1197.2,0.166745771
1197.3,0.214691396
1197.4,0.268065562
1197.5,0.326301307
1197.6000000000001,0.388831667
1197.7,0.45508968
1197.8,0.524508382
1197.9,0.59652081
1198.0,0.67056
1198.1000000000001,0.746225938
1198.2,0.8237864
1198.3,0.903676113
1198.4,0.9863298
1198.5,1.072182187
1198.6000000000001,1.161667999
1198.7,1.255221961
1198.8,1.353278799
1198.9,1.456273237
1199.0,1.56464
1199.1000000000001,1.678680149
1199.2,1.798160083
1199.3,1.922712537
1199.4,2.051970247
1199.5,2.185565945
1199.6000000000001,2.323132369
1199.7,2.464302251
1199.8,2.608708327
1199.9,2.755983332
1200.0,2.90576
1200.1000000000001,3.057591739
1200.2,3.210714643
1200.3,3.364285482
1200.4,3.517461022
1200.5,3.669398032
1200.6000000000001,3.819253279
1200.7,3.966183531
1200.8,4.109345557
1200.9,4.247896124
1201.0,4.380992
1201.1000000000001,4.507928001
1201.2,4.628551136
1201.3,4.742846464
1201.4,4.850799042
1201.5,4.952393928
1201.6000000000001,5.04761618
1201.7,5.136450855
1201.8,5.218883012
1201.9,5.294897708
1202.0,5.36448
1202.1000000000001,5.42767853
1202.2,5.484796267
1202.3,5.536199765
1202.4,5.582255576
1202.5,5.623330255
1202.6000000000001,5.659790352
1202.7,5.692002423
1202.8,5.720333019
1202.9,5.745148694
1203.0,5.766816
1203.1000000000001,5.78562204
1203.2,5.801536116
1203.3,5.814448076
1203.4,5.824247772
1203.5,5.830825053
1203.6000000000001,5.83406977
1203.7,5.833871773
1203.8,5.830120912
1203.9,5.822707038
1204.0,5.81152
1204.1000000000001,5.79661446
1204.2,5.778704326
1204.3,5.758668314
1204.4,5.737385144
1204.5,5.715733533
1204.6000000000001,5.694592199
1204.7,5.674839861
1204.8,5.657355236
1204.9,5.643017043
1205.0,5.632704
1205.1000000000001,5.627072662
1205.2,5.625890933
1205.3,5.628704554
1205.4,5.635059268
1205.5,5.644500815
1205.6000000000001,5.656574937
1205.7,5.670827375
1205.8,5.68680387
1205.9,5.704050165
1206.0,5.722112
1206.1000000000001,5.740543693
1206.2,5.758933863
1206.3,5.776879709
1206.4,5.793978425
1206.5,5.809827208
1206.6000000000001,5.824023254
1206.7,5.83616376
1206.8,5.845845922
1206.9,5.852666937
1207.0,5.856224
1207.1000000000001,5.856346872
1207.2,5.853795565
1207.3,5.849562659
1207.4,5.844640729
1207.5,5.840022354
1207.6000000000001,5.836700111
1207.7,5.835666576
1207.8,5.837914328
1207.9,5.844435943
1208.0,5.856224
1208.1000000000001,5.874047509
1208.2,5.897781219
1208.3,5.927076312
1208.4,5.96158397
1208.5,6.000955376
1208.6000000000001,6.044841712
1208.7,6.09289416
1208.8,6.144763902
1208.9,6.200102122
1209.0,6.25856
1209.1000000000001,6.31977986
1209.2,6.383368582
1209.3,6.448924189
1209.4,6.516044702
1209.5,6.584328142
1209.6000000000001,6.653372531
1209.7,6.722775889
1209.8,6.792136239
1209.9,6.861051603
1210.0,6.92912
1210.1000000000001,6.996064348
1210.2,7.062107139
1210.3,7.127595762
1210.4,7.192877605
1210.5,7.258300056
1210.6000000000001,7.324210502
1210.7,7.390956331
1210.8,7.458884932
1210.9,7.528343692
1211.0,7.59968
1211.1000000000001,7.673063453
1211.2,7.747952493
1211.3,7.823627769
1211.4,7.899369933
1211.5,7.974459636
1211.6000000000001,8.048177527
1211.7,8.119804259
1211.8,8.188620481
1211.9,8.253906844
1212.0,8.314944
1212.1000000000001,8.371285934
1212.2,8.423579977
1212.3,8.472746792
1212.4,8.519707046
1212.5,8.565381402
1212.6000000000001,8.610690526
1212.7,8.656555083
1212.8,8.703895737
1212.9,8.753633155
1213.0,8.806688
1213.1000000000001,8.863646537
1213.2,8.923757423
1213.3,8.985934917
1213.4,9.049093276
1213.5,9.112146757
1213.6000000000001,9.174009617
1213.7,9.233596115
1213.8,9.289820506
1213.9,9.341597049
1214.0,9.38784
1214.1000000000001,9.427767919
1214.2,9.46181657
1214.3,9.490726018
1214.4,9.515236329
1214.5,9.53608757
1214.6000000000001,9.554019804
1214.7,9.569773099
1214.8,9.584087519
1214.9,9.597703131
1215.0,9.61136
1215.1000000000001,9.625630651
1215.2,9.640417449
1215.3,9.655455218
1215.4,9.670478782
1215.5,9.685222964
1215.6000000000001,9.69942259
1215.7,9.712812482
1215.8,9.725127465
1215.9,9.736102363
1216.0,9.745472
1216.1000000000001,9.753024132
1216.2,9.75875824
1216.3,9.762726741
1216.4,9.764982047
1216.5,9.765576573
1216.6000000000001,9.764562733
1216.7,9.761992941
1216.8,9.757919612
1216.9,9.752395161
1217.0,9.745472
1217.1000000000001,9.737203062
1217.2,9.727643349
1217.3,9.716848379
1217.4,9.704873672
1217.5,9.691774745
1217.6000000000001,9.67760712
1217.7,9.662426313
1217.8,9.646287845
1217.9,9.629247234
1218.0,9.61136
1218.1000000000001,9.592760771
1218.2,9.57390062
1218.3,9.555309727
1218.4,9.537518275
1218.5,9.521056446
1218.6000000000001,9.506454421
1218.7,9.494242382
1218.8,9.484950511
1218.9,9.47910899
1219.0,9.477248
1219.1000000000001,9.479714876
1219.2,9.486125564
1219.3,9.49591316
1219.4,9.508510763
1219.5,9.523351471
1219.6000000000001,9.539868381
1219.7,9.557494591
1219.8,9.575663199
1219.9,9.593807303
1220.0,9.61136
1220.1000000000001,9.627870219
1220.2,9.643350213
1220.3,9.657928064
1220.4,9.671731855
1220.5,9.68488967
1220.6000000000001,9.697529591
1220.7,9.709779701
1220.8,9.721768084
1220.9,9.733622823
1221.0,9.745472
1221.1000000000001,9.757386743
1221.2,9.769210353
1221.3,9.780729177
1221.4,9.791729561
1221.5,9.80199785
1221.6000000000001,9.811320392
1221.7,9.819483532
1221.8,9.826273616
1221.9,9.83147699
1222.0,9.83488
1222.1000000000001,9.836336283
1222.2,9.835968632
1222.3,9.833967133
1222.4,9.830521871
1222.5,9.825822929
1222.6000000000001,9.820060394
1222.7,9.813424348
1222.8,9.806104878
1222.9,9.798292067
1223.0,9.790176
1223.1000000000001,9.781913375
1223.2,9.773527343
1223.3,9.765007666
1223.4,9.756344108
1223.5,9.747526432
1223.6000000000001,9.738544401
1223.7,9.72938778
1223.8,9.72004633
1223.9,9.710509816
1224.0,9.700768
1224.1000000000001,9.6908322
1224.2,9.680799948
1224.3,9.670790331
1224.4,9.660922434
1224.5,9.651315343
1224.6000000000001,9.642088145
1224.7,9.633359925
1224.8,9.62524977
1224.9,9.617876767
1225.0,9.61136
1225.1000000000001,9.605810432
1225.2,9.601306528
1225.3,9.597918627
1225.4,9.59571707
1225.5,9.594772197
1225.6000000000001,9.595154348
1225.7,9.596933864
1225.8,9.600181084
1225.9,9.60496635
1226.0,9.61136
1226.1000000000001,9.619219799
1226.2,9.627553205
1226.3,9.635155098
1226.4,9.640820359
1226.5,9.64334387
1226.6000000000001,9.641520511
1226.7,9.634145164
1226.8,9.620012709
1226.9,9.597918027
1227.0,9.566656
1227.1000000000001,9.525522307
1227.2,9.47581582
1227.3,9.419336213
1227.4,9.357883157
1227.5,9.293256322
1227.6000000000001,9.227255383
1227.7,9.161680009
1227.8,9.098329872
1227.9,9.039004646
1228.0,8.985504
1228.1000000000001,8.93917811
1228.2,8.899579161
1228.3,8.865809841
1228.4,8.836972838
1228.5,8.81217084
1228.6000000000001,8.790506535
1228.7,8.77108261
1228.8000000000002,8.753001754
1228.9,8.735366655
1229.0,8.71728
1229.1000000000001,8.698113477
1229.2,8.678314766
1229.3000000000002,8.658600549
1229.4,8.639687506
1229.5,8.622292317
1229.6000000000001,8.607131663
1229.7,8.594922224
1229.8000000000002,8.58638068
1229.9,8.582223712
1230.0,8.583168
1230.1000000000001,8.589661359
1230.2,8.601076141
1230.3000000000002,8.616515833
1230.4,8.63508392
1230.5,8.65588389
1230.6000000000001,8.678019229
1230.7,8.700593423
1230.8000000000002,8.722709958
1230.9,8.743472322
1231.0,8.761984
1231.1000000000001,8.777573791
1231.2,8.790471741
1231.3000000000002,8.801133207
1231.4,8.810013548
1231.5,8.817568121
1231.6000000000001,8.824252285
1231.7,8.830521397
1231.8000000000002,8.836830815
1231.9,8.843635896
1232.0,8.851392
1232.1000000000001,8.860413845
1232.2,8.8704536
1232.3000000000002,8.881122795
1232.4,8.89203296
1232.5,8.902795625
1232.6000000000001,8.91302232
1232.7,8.922324574
1232.8000000000002,8.930313919
1232.9,8.936601885
1233.0,8.9408
1233.1000000000001,8.9424547
1233.2,8.940852034
1233.3000000000002,8.935212956
1233.4,8.92475842
1233.5,8.908709379
1233.6000000000001,8.886286789
1233.7,8.856711602
1233.8000000000002,8.819204772
1233.9,8.772987253
1234.0,8.71728
1234.1000000000001,8.651660284
1234.2,8.577130649
1234.3000000000002,8.495049958
1234.4,8.406777073
1234.5,8.313670858
1234.6000000000001,8.217090173
1234.7,8.118393883
1234.8000000000002,8.018940849
1234.9,7.920089934
1235.0,7.8232
1235.1000000000001,7.729297926
1235.2,7.638082651
1235.3000000000002,7.548921133
1235.4,7.461180328
1235.5,7.37422719
1235.6000000000001,7.287428678
1235.7,7.200151747
1235.8000000000002,7.111763352
1235.9,7.021630451
1236.0,6.92912
1236.1000000000001,6.833676494
1236.2,6.735054586
1236.3000000000002,6.633086469
1236.4,6.527604337
1236.5,6.418440381
1236.6000000000001,6.305426795
1236.7,6.188395771
1236.8000000000002,6.067179502
1236.9,5.941610181
1237.0,5.81152
1237.1000000000001,5.676986499
1237.2,5.539068605
1237.3000000000002,5.39907059
1237.4,5.258296726
1237.5,5.118051286
1237.6000000000001,4.979638544
1237.7,4.844362771
1237.8000000000002,4.713528241
1237.9,4.588439226
1238.0,4.4704
1238.1000000000001,4.360326468
1238.2,4.257581074
1238.3000000000002,4.161137893
1238.4,4.069971001
1238.5,3.983054475
1238.6000000000001,3.899362391
1238.7,3.817868826
1238.8000000000002,3.737547854
1238.9,3.657373554
1239.0,3.57632
1239.1000000000001,3.493551787
1239.2,3.40899558
1239.3000000000002,3.32276856
1239.4,3.234987911
1239.5,3.145770814
1239.6000000000001,3.055234452
1239.7,2.963496007
1239.8000000000002,2.870672662
1239.9,2.776881599
1240.0,2.68224
1240.1000000000001,2.586938383
1240.2,2.491460608
1240.3000000000002,2.396363867
1240.4,2.302205357
1240.5,2.20954227
1240.6000000000001,2.118931802
1240.7,2.030931147
1240.8000000000002,1.946097498
1240.9,1.864988051
1241.0,1.78816
1241.1000000000001,1.7159102
1241.2,1.647494149
1241.3000000000002,1.58190701
1241.4,1.518143942
1241.5,1.455200104
1241.6000000000001,1.392070659
1241.7,1.327750765
1241.8000000000002,1.261235584
1241.9,1.191520276
1242.0,1.1176
1242.1000000000001,1.038856786
1242.2,0.956220138
1242.3000000000002,0.871006428
1242.4,0.784532029
1242.5,0.698113312
1242.6000000000001,0.61306665
1242.7,0.530708415
1242.8000000000002,0.452354981
1242.9,0.379322718
1243.0,0.312928
1243.1000000000001,0.254183551
1243.2,0.202887505
1243.3000000000002,0.158534349
1243.4,0.120618568
1243.5,0.088634649
1243.6000000000001,0.062077078
1243.7,0.040440341
1243.8000000000002,0.023218925
1243.9,0.009907316
1244.0,0.0
1244.1000000000001,0.0
1244.2,0.0
1244.3000000000002,0.0
1244.4,0.0
1244.5,0.0
1244.6000000000001,0.0
1244.7,0.0
1244.8000000000002,0.0
1244.9,0.0
1245.0,0.0
1245.1000000000001,0.0
1245.2,0.0
1245.3000000000002,0.0
1245.4,0.0
1245.5,0.0
1245.6000000000001,0.0
1245.7,0.0
1245.8000000000002,0.0
1245.9,0.0
1246.0,0.0
1246.1000000000001,0.0
1246.2,0.0
1246.3000000000002,0.0
1246.4,0.0
1246.5,0.0
1246.6000000000001,0.0
1246.7,0.0
1246.8000000000002,0.0
1246.9,0.0
1247.0,0.0
1247.1000000000001,0.0
1247.2,0.0
1247.3000000000002,0.0
1247.4,0.0
1247.5,0.0
1247.6000000000001,0.0
1247.7,0.0
1247.8000000000002,0.0
1247.9,0.0
1248.0,0.0
1248.1000000000001,0.0
1248.2,0.0
1248.3000000000002,0.0
1248.4,0.0
1248.5,0.0
1248.6000000000001,0.0
1248.7,0.0
1248.8000000000002,0.0
1248.9,0.0
1249.0,0.0
1249.1000000000001,0.0
1249.2,0.0
1249.3000000000002,0.0
1249.4,0.0
1249.5,0.0
1249.6000000000001,0.0
1249.7,0.0
1249.8000000000002,0.0
1249.9,0.0
1250.0,0.0
1250.1000000000001,0.0
1250.2,0.0
1250.3000000000002,0.0
1250.4,0.0
1250.5,0.0
1250.6000000000001,0.0
1250.7,0.0
1250.8000000000002,0.0
1250.9,0.0
1251.0,0.0
1251.1000000000001,0.032910807
1251.2,0.073673489
1251.3000000000002,0.120326359
1251.4,0.17090773
1251.5,0.223455915
1251.6000000000001,0.276009226
1251.7,0.326605978
1251.8000000000002,0.373284482
1251.9,0.414083052
1252.0,0.44704
1252.1000000000001,0.470726931
1252.2,0.485848611
1252.3000000000002,0.493643099
1252.4,0.495348453
1252.5,0.49220273
1252.6000000000001,0.485443989
1252.7,0.476310287
1252.8000000000002,0.466039683
1252.9,0.455870235
1253.0,0.44704
1253.1000000000001,0.44052931
1253.2,0.436287586
1253.3000000000002,0.434006524
1253.4,0.433377818
1253.5,0.434093165
1253.6000000000001,0.435844258
1253.7,0.438322793
1253.8000000000002,0.441220465
1253.9,0.444228969
1254.0,0.44704
1254.1000000000001,0.449395831
1254.2,0.451241046
1254.3000000000002,0.452570806
1254.4,0.453380274
1254.5,0.453664612
1254.6000000000001,0.45341898
1254.7,0.452638541
1254.8000000000002,0.451318457
1254.9,0.449453889
1255.0,0.44704
1255.1000000000001,0.444127367
1255.2,0.440988231
1255.3000000000002,0.437950251
1255.4,0.435341085
1255.5,0.433488389
1255.6000000000001,0.432719823
1255.7,0.433363043
1255.8000000000002,0.435745707
1255.9,0.440195474
1256.0,0.44704
1256.1000000000001,0.456602926
1256.2,0.469191821
1256.3000000000002,0.485110237
1256.4,0.504661723
1256.5,0.528149831
1256.6000000000001,0.555878113
1256.7,0.58815012
1256.8000000000002,0.625269403
1256.9,0.667539512
1257.0,0.715264
1257.1000000000001,0.768528256
1257.2,0.826545027
1257.3000000000002,0.888308899
1257.4,0.952814456
1257.5,1.019056285
1257.6000000000001,1.086028972
1257.7,1.152727101
1257.8000000000002,1.218145258
1257.9,1.281278029
1258.0,1.34112
1258.1000000000001,1.396916561
1258.2,1.448916326
1258.3000000000002,1.497618713
1258.4,1.543523141
1258.5,1.587129028
1258.6000000000001,1.628935792
1258.7,1.669442853
1258.8000000000002,1.709149629
1258.9,1.748555539
1259.0,1.78816
1259.1000000000001,1.828392635
1259.2,1.869403876
1259.3000000000002,1.911274361
1259.4,1.954084725
1259.5,1.997915604
1259.6000000000001,2.042847635
1259.7,2.088961454
1259.8000000000002,2.136337697
1259.9,2.185057
1260.0,2.2352
1260.1000000000001,2.286831012
1260.2,2.339949064
1260.3000000000002,2.394536867
1260.4,2.450577128
1260.5,2.508052557
1260.6000000000001,2.56694586
1260.7,2.627239748
1260.8000000000002,2.688916928
1260.9,2.751960109
1261.0,2.816352
1261.1000000000001,2.882120983
1261.2,2.949478138
1261.3000000000002,3.018680218
1261.4,3.089983977
1261.5,3.163646169
1261.6000000000001,3.239923548
1261.7,3.319072867
1261.8000000000002,3.401350879
1261.9,3.487014339
1262.0,3.57632
1262.1000000000001,3.669268832
1262.2,3.764838672
1262.3000000000002,3.861751573
1262.4,3.958729586
1262.5,4.054494766
1262.6000000000001,4.147769164
1262.7,4.237274833
1262.8000000000002,4.321733828
1262.9,4.399868199
1263.0,4.4704
1263.1000000000001,4.532268776
1263.2,4.585284037
1263.3000000000002,4.629472788
1263.4,4.66486203
1263.5,4.691478768
1263.6000000000001,4.709350005
1263.7,4.718502743
1263.8000000000002,4.718963987
1263.9,4.710760738
1264.0,4.69392
1264.1000000000001,4.668659265
1264.2,4.635957979
1264.3000000000002,4.596986077
1264.4,4.552913492
1264.5,4.50491016
1264.6000000000001,4.454146016
1264.7,4.401790993
1264.8000000000002,4.349015026
1264.9,4.29698805
1265.0,4.24688
1265.1000000000001,4.199551924
1265.2,4.154629326
1265.3000000000002,4.111428825
1265.4,4.06926704
1265.5,4.02746059
1265.6000000000001,3.985326092
1265.7,3.942180165
1265.8000000000002,3.897339429
1265.9,3.850120501
1266.0,3.79984
1266.1000000000001,3.746233744
1266.2,3.690714349
1266.3000000000002,3.635113631
1266.4,3.581263403
1266.5,3.530995481
1266.6000000000001,3.486141681
1266.7,3.448533818
1266.8000000000002,3.420003707
1266.9,3.402383162
1267.0,3.397504
1267.1000000000001,3.406679499
1267.2,3.429148797
1267.3000000000002,3.463632493
1267.4,3.508851189
1267.5,3.563525485
1267.6000000000001,3.626375982
1267.7,3.696123282
1267.8000000000002,3.771487984
1267.9,3.85119069
1268.0,3.933952
1268.1000000000001,4.018761635
1268.2,4.105685792
1268.3000000000002,4.19505979
1268.4,4.287218947
1268.5,4.382498579
1268.6000000000001,4.481234005
1268.7,4.583760542
1268.8000000000002,4.690413509
1268.9,4.801528222
1269.0,4.91744
1269.1000000000001,5.038328554
1269.2,5.163751171
1269.3000000000002,5.29310953
1269.4,5.425805313
1269.5,5.561240199
1269.6000000000001,5.69881587
1269.7,5.837934005
1269.8000000000002,5.977996285
1269.9,6.11840439
1270.0,6.25856
1270.1000000000001,6.397949878
1270.2,6.53640111
1270.3000000000002,6.673825866
1270.4,6.810136314
1270.5,6.945244623
1270.6000000000001,7.079062963
1270.7,7.211503501
1270.8000000000002,7.342478408
1270.9,7.471899851
1271.0,7.59968
1271.1000000000001,7.725680416
1271.2,7.84956023
1271.3000000000002,7.970927968
1271.4,8.089392152
1271.5,8.204561308
1271.6000000000001,8.316043959
1271.7,8.423448629
1271.8000000000002,8.526383844
1271.9,8.624458126
1272.0,8.71728
1272.1000000000001,8.804575339
1272.2,8.886539408
1272.3000000000002,8.963484823
1272.4,9.035724197
1272.5,9.103570145
1272.6000000000001,9.167335282
1272.7,9.227332221
1272.8000000000002,9.283873578
1272.9,9.337271966
1273.0,9.38784
1273.1000000000001,9.435829141
1273.2,9.481246232
1273.3000000000002,9.524036964
1273.4,9.564147026
1273.5,9.60152211
1273.6000000000001,9.636107905
1273.7,9.667850102
1273.8000000000002,9.696694389
1273.9,9.722586459
1274.0,9.745472
1274.1000000000001,9.765423971
1274.2,9.783024401
1274.3000000000002,9.798982586
1274.4,9.814007825
1274.5,9.828809413
1274.6000000000001,9.844096649
1274.7,9.860578828
1274.8000000000002,9.878965248
1274.9,9.899965207
1275.0,9.924288
1275.1000000000001,9.952418528
1275.2,9.983944102
1275.3000000000002,10.01822764
1275.4,10.05463204
1275.5,10.09252024
1275.6000000000001,10.13125513
1275.7,10.17019964
1275.8000000000002,10.20871668
1275.9,10.24616916
1276.0,10.28192
1276.1000000000001,10.31547657
1276.2,10.34692412
1276.3000000000002,10.37649234
1276.4,10.40441095
1276.5,10.43090964
1276.6000000000001,10.45621812
1276.7,10.48056609
1276.8000000000002,10.50418326
1276.9,10.52729933
1277.0,10.550144
1277.1000000000001,10.57290644
1277.2,10.59561369
1277.3000000000002,10.61825224
1277.4,10.64080857
1277.5,10.6632692
1277.6000000000001,10.68562061
1277.7,10.7078493
1277.8000000000002,10.72994177
1277.9,10.7518845
1278.0,10.773664
1278.1000000000001,10.79523973
1278.2,10.81646303
1278.3000000000002,10.83715823
1278.4,10.85714963
1278.5,10.87626155
1278.6000000000001,10.89431831
1278.7,10.91114422
1278.8000000000002,10.92656359
1278.9,10.94040075
1279.0,10.95248
1279.1000000000001,10.96264021
1279.2,10.97077839
1279.3000000000002,10.97680614
1279.4,10.98063501
1279.5,10.98217658
1279.6000000000001,10.98134243
1279.7,10.97804412
1279.8000000000002,10.97219323
1279.9,10.96370134
1280.0,10.95248
1280.1000000000001,10.93849907
1280.2,10.92196144
1280.3000000000002,10.90312829
1280.4,10.88226079
1280.5,10.85962011
1280.6000000000001,10.83546742
1280.7,10.81006389
1280.8000000000002,10.7836707
1280.9,10.75654901
1281.0,10.72896
1281.1000000000001,10.70118545
1281.2,10.67358961
1281.3000000000002,10.64655734
1281.4,10.62047351
1281.5,10.59572298
1281.6000000000001,10.57269061
1281.7,10.55176126
1281.8000000000002,10.5333198
1281.9,10.5177511
1282.0,10.50544
1282.1000000000001,10.49663065
1282.2,10.49100428
1282.3000000000002,10.48810138
1282.4,10.48746244
1282.5,10.48862797
1282.6000000000001,10.49113846
1282.7,10.49453442
1282.8000000000002,10.49835632
1282.9,10.50214469
1283.0,10.50544
1283.1000000000001,10.50787802
1283.2,10.50947551
1283.3000000000002,10.51034451
1283.4,10.51059704
1283.5,10.51034513
1283.6000000000001,10.50970081
1283.7,10.50877611
1283.8000000000002,10.50768306
1283.9,10.50653368
1284.0,10.50544
1284.1000000000001,10.50449728
1284.2,10.50373368
1284.3000000000002,10.50316059
1284.4,10.5027894
1284.5,10.5026315
1284.6000000000001,10.50269828
1284.7,10.50300113
1284.8000000000002,10.50355144
1284.9,10.5043606
1285.0,10.50544
1285.1000000000001,10.50677287
1285.2,10.50822978
1285.3000000000002,10.50965314
1285.4,10.51088537
1285.5,10.51176888
1285.6000000000001,10.51214608
1285.7,10.51185938
1285.8000000000002,10.51075119
1285.9,10.50866393
1286.0,10.50544
1286.1000000000001,10.50105125
1286.2,10.49598721
1286.3000000000002,10.49086684
1286.4,10.48630911
1286.5,10.48293297
1286.6000000000001,10.4813574
1286.7,10.48220136
1286.8000000000002,10.4860838
1286.9,10.49362369
1287.0,10.50544
1287.1000000000001,10.52188566
1287.2,10.54224956
1287.3000000000002,10.56555455
1287.4,10.59082348
1287.5,10.61707922
1287.6000000000001,10.64334462
1287.7,10.66864254
1287.8000000000002,10.69199584
1287.9,10.71242738
1288.0,10.72896
1288.1000000000001,10.74092536
1288.2,10.74889027
1288.3000000000002,10.7537303
1288.4,10.75632106
1288.5,10.75753814
1288.6000000000001,10.75825713
1288.7,10.75935362
1288.8000000000002,10.7617032
1288.9,10.76618146
1289.0,10.773664
1289.1000000000001,10.78477253
1289.2,10.79911328
1289.3000000000002,10.81603858
1289.4,10.83490077
1289.5,10.85505221
1289.6000000000001,10.87584523
1289.7,10.89663218
1289.8000000000002,10.91676539
1289.9,10.93559722
1290.0,10.95248
1290.1000000000001,10.96693634
1290.2,10.9791699
1290.3000000000002,10.98955458
1290.4,10.99846432
1290.5,11.00627301
1290.6000000000001,11.01335459
1290.7,11.02008296
1290.8000000000002,11.02683204
1290.9,11.03397575
1291.0,11.041888
1291.1000000000001,11.05087317
1291.2,11.06095747
1291.3000000000002,11.07209755
1291.4,11.08425008
1291.5,11.09737174
1291.6000000000001,11.11141917
1291.7,11.12634905
1291.8000000000002,11.14211804
1291.9,11.1586828
1292.0,11.176
1292.1000000000001,11.1940001
1292.2,11.21250872
1292.3000000000002,11.2313253
1292.4,11.25024926
1292.5,11.26908004
1292.6000000000001,11.28761705
1292.7,11.30565972
1292.8000000000002,11.32300749
1292.9,11.33945977
1293.0,11.354816
1293.1000000000001,11.36891586
1293.2,11.38176004
1293.3000000000002,11.39338951
1293.4,11.40384521
1293.5,11.41316812
1293.6000000000001,11.42139917
1293.7,11.42857933
1293.8000000000002,11.43474955
1293.9,11.43995079
1294.0,11.444224
1294.1000000000001,11.44765414
1294.2,11.45050219
1294.3000000000002,11.45307312
1294.4,11.4556719
1294.5,11.4586035
1294.6000000000001,11.4621729
1294.7,11.46668508
1294.8000000000002,11.47244501
1294.9,11.47975766
1295.0,11.488928
1295.1000000000001,11.50013416
1295.2,11.5130468
1295.3000000000002,11.52720976
1295.4,11.54216685
1295.5,11.55746188
1295.6000000000001,11.57263869
1295.7,11.58724108
1295.8000000000002,11.60081289
1295.9,11.61289792
1296.0,11.62304
1296.1000000000001,11.63097816
1296.2,11.63723226
1296.3000000000002,11.64251738
1296.4,11.64754859
1296.5,11.65304097
1296.6000000000001,11.65970959
1296.7,11.66826953
1296.8000000000002,11.67943586
1296.9,11.69392366
1297.0,11.712448
1297.1000000000001,11.73551702
1297.2,11.76281111
1297.3000000000002,11.79380371
1297.4,11.82796827
1297.5,11.86477825
1297.6000000000001,11.90370709
1297.7,11.94422823
1297.8000000000002,11.98581513
1297.9,12.02794124
1298.0,12.07008
1298.1000000000001,12.11175625
1298.2,12.1527004
1298.3000000000002,12.19269422
1298.4,12.2315195
1298.5,12.26895804
1298.6000000000001,12.30479161
1298.7,12.338802
1298.8000000000002,12.37077101
1298.9,12.40048041
1299.0,12.427712
1299.1000000000001,12.45238305
1299.2,12.4749528
1299.3000000000002,12.49601599
1299.4,12.51616735
1299.5,12.53600161
1299.6000000000001,12.55611349
1299.7,12.57709775
1299.8000000000002,12.59954909
1299.9,12.62406227
1300.0,12.651232
1300.1000000000001,12.6814173
1300.2,12.7140343
1300.3000000000002,12.74826341
1300.4,12.78328502
1300.5,12.81827954
1300.6000000000001,12.85242737
1300.7,12.88490893
1300.8000000000002,12.91490462
1300.9,12.94159484
1301.0,12.96416
1301.1000000000001,12.98200674
1301.2,12.99544668
1301.3000000000002,13.00501768
1301.4,13.01125758
1301.5,13.01470425
1301.6000000000001,13.01589554
1301.7,13.0153693
1301.8000000000002,13.0136634
1301.9,13.01131568
1302.0,13.008864
1302.1000000000001,13.00671342
1302.2,13.00473781
1302.3000000000002,13.00267824
1302.4,13.00027576
1302.5,12.99727147
1302.6000000000001,12.99340641
1302.7,12.98842167
1302.8000000000002,12.98205831
1302.9,12.97405739
1303.0,12.96416
1303.1000000000001,12.9519204
1303.2,12.93614569
1303.3000000000002,12.91545616
1303.4,12.88847213
1303.5,12.85381388
1303.6000000000001,12.81010173
1303.7,12.75595596
1303.8000000000002,12.68999688
1303.9,12.6108448
1304.0,12.51712
1304.1000000000001,12.40800984
1304.2,12.28496987
1304.3000000000002,12.15002268
1304.4,12.00519086
1304.5,11.852497
1304.6000000000001,11.69396371
1304.7,11.53161356
1304.8000000000002,11.36746917
1304.9,11.20355312
1305.0,11.041888
1305.1000000000001,10.88406906
1305.2,10.72998212
1305.3000000000002,10.57908567
1305.4,10.43083817
1305.5,10.28469811
1305.6000000000001,10.14012396
1305.7,9.9965742
1305.8000000000002,9.853507301
1305.9,9.710381742
1306.0,9.566656
1306.1000000000001,9.421902721
1306.2,9.276151236
1306.3000000000002,9.129545044
1306.4,8.982227648
1306.5,8.834342547
1306.6000000000001,8.686033242
1306.7,8.537443235
1306.8000000000002,8.388716025
1306.9,8.239995113
1307.0,8.091424
1307.1000000000001,7.943116857
1307.2,7.795070534
1307.3000000000002,7.647252553
1307.4,7.499630435
1307.5,7.352171699
1307.6000000000001,7.204843867
1307.7,7.057614461
1307.8000000000002,6.910451
1307.9,6.763321006
1308.0,6.616192
1308.1000000000001,6.469034651
1308.2,6.321832227
1308.3000000000002,6.174571143
1308.4,6.027237814
1308.5,5.879818657
1308.6000000000001,5.732300088
1308.7,5.584668522
1308.8000000000002,5.436910374
1308.9,5.289012062
1309.0,5.14096
1309.1000000000001,4.992757338
1309.2,4.844474158
1309.3000000000002,4.696197277
1309.4,4.548013509
1309.5,4.400009672
1309.6000000000001,4.252272582
1309.7,4.104889053
1309.8000000000002,3.957945903
1309.9,3.811529946
1310.0,3.665728
1310.1000000000001,3.520556797
1310.2,3.375752741
1310.3000000000002,3.230982151
1310.4,3.085911348
1310.5,2.940206653
1310.6000000000001,2.793534386
1310.7,2.645560866
1310.8000000000002,2.495952415
1310.9,2.344375353
1311.0,2.190496
1311.1000000000001,2.034244273
1311.2,1.876604479
1311.3000000000002,1.718824519
1311.4,1.562152297
1311.5,1.407835715
1311.6000000000001,1.257122675
1311.7,1.111261082
1311.8000000000002,0.971498836
1311.9,0.839083841
1312.0,0.715264
1312.1000000000001,0.601062877
1312.2,0.496606688
1312.3000000000002,0.401797309
1312.4,0.316536616
1312.5,0.240726488
1312.6000000000001,0.174268801
1312.7,0.117065431
1312.8000000000002,0.069018257
1312.9,0.030029154
1313.0,0.0
1313.1000000000001,0.0
1313.2,0.0
1313.3000000000002,0.0
1313.4,0.0
1313.5,0.0
1313.6000000000001,0.0
1313.7,0.0
1313.8000000000002,0.0
1313.9,0.0
1314.0,0.0
1314.1000000000001,0.0
1314.2,0.0
1314.3000000000002,0.0
1314.4,0.0
1314.5,0.0
1314.6000000000001,0.0
1314.7,0.0
1314.8000000000002,0.0
1314.9,0.0
1315.0,0.0
1315.1000000000001,0.0
1315.2,0.0
1315.3000000000002,0.0
1315.4,0.0
1315.5,0.0
1315.6000000000001,0.0
1315.7,0.0
1315.8000000000002,0.0
1315.9,0.0
1316.0,0.0
1316.1000000000001,0.0
1316.2,0.0
1316.3000000000002,0.0
1316.4,0.0
1316.5,0.0
1316.6000000000001,0.0
1316.7,0.0
1316.8000000000002,0.0
1316.9,0.0
1317.0,0.0
1317.1000000000001,0.0
1317.2,0.0
1317.3000000000002,0.0
1317.4,0.0
1317.5,0.0
1317.6000000000001,0.0
1317.7,0.0
1317.8000000000002,0.0
1317.9,0.0
1318.0,0.0
1318.1000000000001,0.0
1318.2,0.0
1318.3000000000002,0.0
1318.4,0.0
1318.5,0.0
1318.6000000000001,0.0
1318.7,0.0
1318.8000000000002,0.0
1318.9,0.0
1319.0,0.0
1319.1000000000001,0.0
1319.2,0.0
1319.3000000000002,0.0
1319.4,0.0
1319.5,0.0
1319.6000000000001,0.0
1319.7,0.0
1319.8000000000002,0.0
1319.9,0.0
1320.0,0.0
1320.1000000000001,0.0
1320.2,0.0
1320.3000000000002,0.0
1320.4,0.0
1320.5,0.0
1320.6000000000001,0.0
1320.7,0.0
1320.8000000000002,0.0
1320.9,0.0
1321.0,0.0
1321.1000000000001,0.0
1321.2,0.0
1321.3000000000002,0.0
1321.4,0.0
1321.5,0.0
1321.6000000000001,0.0
1321.7,0.0
1321.8000000000002,0.0
1321.9,0.0
1322.0,0.0
1322.1000000000001,0.0
1322.2,0.0
1322.3000000000002,0.0
1322.4,0.0
1322.5,0.0
1322.6000000000001,0.0
1322.7,0.0
1322.8000000000002,0.0
1322.9,0.0
1323.0,0.0
1323.1000000000001,0.0
1323.2,0.0
1323.3000000000002,0.0
1323.4,0.0
1323.5,0.0
1323.6000000000001,0.0
1323.7,0.0
1323.8000000000002,0.0
1323.9,0.0
1324.0,0.0
1324.1000000000001,0.0
1324.2,0.0
1324.3000000000002,0.0
1324.4,0.0
1324.5,0.0
1324.6000000000001,0.0
1324.7,0.0
1324.8000000000002,0.0
1324.9,0.0
1325.0,0.0
1325.1000000000001,0.0
1325.2,0.0
1325.3000000000002,0.0
1325.4,0.0
1325.5,0.0
1325.6000000000001,0.0
1325.7,0.0
1325.8000000000002,0.0
1325.9,0.0
1326.0,0.0
1326.1000000000001,0.0
1326.2,0.0
1326.3000000000002,0.0
1326.4,0.0
1326.5,0.0
1326.6000000000001,0.0
1326.7,0.0
1326.8000000000002,0.0
1326.9,0.0
1327.0,0.0
1327.1000000000001,0.0
1327.2,0.0
1327.3000000000002,0.0
1327.4,0.0
1327.5,0.0
1327.6000000000001,0.0
1327.7,0.0
1327.8000000000002,0.0
1327.9,0.0
1328.0,0.0
1328.1000000000001,0.0
1328.2,0.0
1328.3000000000002,0.0
1328.4,0.0
1328.5,0.0
1328.6000000000001,0.0
1328.7,0.0
1328.8000000000002,0.0
1328.9,0.0
1329.0,0.0
1329.1000000000001,0.0
1329.2,0.0
1329.3000000000002,0.0
1329.4,0.0
1329.5,0.0
1329.6000000000001,0.0
1329.7,0.0
1329.8000000000002,0.0
1329.9,0.0
1330.0,0.0
1330.1000000000001,0.0
1330.2,0.0
1330.3000000000002,0.0
1330.4,0.0
1330.5,0.0
1330.6000000000001,0.0
1330.7,0.0
1330.8000000000002,0.0
1330.9,0.0
1331.0,0.0
1331.1000000000001,0.0
1331.2,0.0
1331.3000000000002,0.0
1331.4,0.0
1331.5,0.0
1331.6000000000001,0.0
1331.7,0.0
1331.8000000000002,0.0
1331.9,0.0
1332.0,0.0
1332.1000000000001,0.0
1332.2,0.0
1332.3000000000002,0.0
1332.4,0.0
1332.5,0.0
1332.6000000000001,0.0
1332.7,0.0
1332.8000000000002,0.0
1332.9,0.0
1333.0,0.0
1333.1000000000001,0.0
1333.2,0.0
1333.3000000000002,0.0
1333.4,0.0
1333.5,0.0
1333.6000000000001,0.0
1333.7,0.0
1333.8000000000002,0.0
1333.9,0.0
1334.0,0.0
1334.1000000000001,0.0
1334.2,0.0
1334.3000000000002,0.0
1334.4,0.0
1334.5,0.0
1334.6000000000001,0.0
1334.7,0.0
1334.8000000000002,0.0
1334.9,0.0
1335.0,0.0
1335.1000000000001,0.0
1335.2,0.0
1335.3000000000002,0.0
1335.4,0.0
1335.5,0.0
1335.6000000000001,0.0
1335.7,0.0
1335.8000000000002,0.0
1335.9,0.0
1336.0,0.0
1336.1000000000001,0.0
1336.2,0.0
1336.3000000000002,0.0
1336.4,0.0
1336.5,0.0
1336.6000000000001,0.0
1336.7,0.0
1336.8000000000002,0.0
1336.9,0.0
1337.0,0.0
1337.1000000000001,0.026533414
1337.2,0.06120896
1337.3000000000002,0.104350221
1337.4,0.156280779
1337.5,0.217324218
1337.6000000000001,0.287804119
1337.7,0.368044065
1337.8000000000002,0.458367639
1337.9,0.559098423
1338.0,0.67056
1338.1000000000001,0.792775187
1338.2,0.924563739
1338.3000000000002,1.064444645
1338.4,1.210936894
1338.5,1.362559476
1338.6000000000001,1.51783138
1338.7,1.675271595
1338.8000000000002,1.83339911
1338.9,1.990732916
1339.0,2.145792
1339.1000000000001,2.297470926
1339.2,2.446166548
1339.3000000000002,2.592651296
1339.4,2.737697596
1339.5,2.882077878
1339.6000000000001,3.02656457
1339.7,3.1719301
1339.8000000000002,3.318946896
1339.9,3.468387386
1340.0,3.621024
1340.1000000000001,3.77723231
1340.2,3.935800468
1340.3000000000002,4.095119773
1340.4,4.253581522
1340.5,4.409577012
1340.6000000000001,4.561497541
1340.7,4.707734407
1340.8000000000002,4.846678907
1340.9,4.976722339
1341.0,5.096256
1341.1000000000001,5.204212475
1341.2,5.301689499
1341.3000000000002,5.390326093
1341.4,5.471761277
1341.5,5.547634075
1341.6000000000001,5.619583506
1341.7,5.689248593
1341.8000000000002,5.758268356
1341.9,5.828281818
1342.0,5.900928
1342.1000000000001,5.977463453
1342.2,6.057614847
1342.3000000000002,6.140726384
1342.4,6.226142265
1342.5,6.31320669
1342.6000000000001,6.401263859
1342.7,6.489657974
1342.8000000000002,6.577733235
1342.9,6.664833844
1343.0,6.750304
1343.1000000000001,6.833627122
1343.2,6.914843496
1343.3000000000002,6.994132626
1343.4,7.071674015
1343.5,7.147647167
1343.6000000000001,7.222231586
1343.7,7.295606775
1343.8000000000002,7.367952238
1343.9,7.439447478
1344.0,7.510272
1344.1000000000001,7.58056502
1344.2,7.650304609
1344.3000000000002,7.719428553
1344.4,7.787874635
1344.5,7.855580642
1344.6000000000001,7.922484357
1344.7,7.988523566
1344.8000000000002,8.053636052
1344.9,8.117759602
1345.0,8.180832
1345.1000000000001,8.242768255
1345.2,8.303392276
1345.3000000000002,8.362505196
1345.4,8.419908148
1345.5,8.475402265
1345.6000000000001,8.528788682
1345.7,8.57986853
1345.8000000000002,8.628442944
1345.9,8.674313056
1346.0,8.71728
1346.1000000000001,8.757276296
1346.2,8.794760016
1346.3000000000002,8.830320617
1346.4,8.864547557
1346.5,8.898030296
1346.6000000000001,8.931358291
1346.7,8.965121001
1346.8000000000002,8.999907883
1346.9,9.036308397
1347.0,9.074912
1347.1000000000001,9.116118304
1347.2,9.159567533
1347.3000000000002,9.204710065
1347.4,9.250996278
1347.5,9.29787655
1347.6000000000001,9.344801257
1347.7,9.391220778
1347.8000000000002,9.43658549
1347.9,9.480345772
1348.0,9.521952
1348.1000000000001,9.560946104
1348.2,9.59723622
1348.3000000000002,9.630822034
1348.4,9.661703233
1348.5,9.689879506
1348.6000000000001,9.715350537
1348.7,9.738116015
1348.8000000000002,9.758175627
1348.9,9.77552906
1349.0,9.790176
1349.1000000000001,9.802207999
1349.2,9.812084068
1349.3000000000002,9.820355079
1349.4,9.827571908
1349.5,9.834285428
1349.6000000000001,9.841046514
1349.7,9.84840604
1349.8000000000002,9.85691488
1349.9,9.867123909
1350.0,9.879584
1350.1000000000001,9.894610538
1350.2,9.911576949
1350.3000000000002,9.929621169
1350.4,9.947881135
1350.5,9.965494781
1350.6000000000001,9.981600045
1350.7,9.995334863
1350.8000000000002,10.00583717
1350.9,10.0122449
1351.0,10.013696
1351.1000000000001,10.00959734
1351.2,10.00043156
1351.3000000000002,9.986950259
1351.4,9.969905025
1351.5,9.950047446
1351.6000000000001,9.928129112
1351.7,9.904901611
1351.8000000000002,9.881116532
1351.9,9.857525465
1352.0,9.83488
1352.1000000000001,9.813762006
1352.2,9.794074477
1352.3000000000002,9.775550689
1352.4,9.757923916
1352.5,9.740927433
1352.6000000000001,9.724294516
1352.7,9.707758439
1352.8000000000002,9.691052477
1352.9,9.673909906
1353.0,9.656064
1353.1000000000001,9.637300336
1353.2,9.6176137
1353.3000000000002,9.597051178
1353.4,9.575659856
1353.5,9.553486822
1353.6000000000001,9.530579162
1353.7,9.506983963
1353.8000000000002,9.482748312
1353.9,9.457919295
1354.0,9.432544
1354.1000000000001,9.406674728
1354.2,9.380384642
1354.3000000000002,9.353752121
1354.4,9.326855541
1354.5,9.29977328
1354.6000000000001,9.272583718
1354.7,9.24536523
1354.8000000000002,9.218196196
1354.9,9.191154994
1355.0,9.16432
1355.1000000000001,9.137785839
1355.2,9.111712114
1355.3000000000002,9.086274676
1355.4,9.061649374
1355.5,9.038012057
1355.6000000000001,9.015538576
1355.7,8.99440478
1355.8000000000002,8.974786519
1355.9,8.956859642
1356.0,8.9408
1356.1000000000001,8.926623837
1356.2,8.913708981
1356.3000000000002,8.901273656
1356.4,8.888536085
1356.5,8.874714491
1356.6000000000001,8.859027098
1356.7,8.840692129
1356.8000000000002,8.818927807
1356.9,8.792952357
1357.0,8.761984
1357.1000000000001,8.725505501
1357.2,8.684057785
1357.3000000000002,8.638446316
1357.4,8.589476559
1357.5,8.537953978
1357.6000000000001,8.48468404
1357.7,8.430472208
1357.8000000000002,8.376123948
1357.9,8.322444723
1358.0,8.27024
1358.1000000000001,8.22013195
1358.2,8.172009575
1358.3000000000002,8.125578585
1358.4,8.080544688
1358.5,8.036613595
1358.6000000000001,7.993491014
1358.7,7.950882655
1358.8000000000002,7.908494226
1358.9,7.866031438
1359.0,7.8232
1359.1000000000001,7.779771915
1359.2,7.735784362
1359.3000000000002,7.691340817
1359.4,7.646544752
1359.5,7.601499642
1359.6000000000001,7.55630896
1359.7,7.511076181
1359.8000000000002,7.465904779
1359.9,7.420898227
1360.0,7.37616
1360.1000000000001,7.331756391
1360.2,7.287604976
1360.3000000000002,7.243586149
1360.4,7.199580304
1360.5,7.155467838
1360.6000000000001,7.111129145
1360.7,7.06644462
1360.8000000000002,7.021294657
1360.9,6.975559652
1361.0,6.92912
1361.1000000000001,6.881715
1361.2,6.832519575
1361.3000000000002,6.780567549
1361.4,6.72489275
1361.5,6.664529005
1361.6000000000001,6.598510139
1361.7,6.525869979
1361.8000000000002,6.445642352
1361.9,6.356861083
1362.0,6.25856
1362.1000000000001,6.150150967
1362.2,6.032558006
1362.3000000000002,5.907083175
1362.4,5.775028534
1362.5,5.637696142
1362.6000000000001,5.496388059
1362.7,5.352406343
1362.8000000000002,5.207053056
1362.9,5.061630255
1363.0,4.91744
1363.1000000000001,4.77553089
1363.2,4.635937682
1363.3000000000002,4.498441672
1363.4,4.362824155
1363.5,4.228866428
1363.6000000000001,4.096349787
1363.7,3.965055527
1363.8000000000002,3.834764946
1363.9,3.705259338
1364.0,3.57632
1364.1000000000001,3.44778288
1364.2,3.31970253
1364.3000000000002,3.192188154
1364.4,3.065348959
1364.5,2.939294147
1364.6000000000001,2.814132923
1364.7,2.689974492
1364.8000000000002,2.566928058
1364.9,2.445102826
1365.0,2.324608
1365.1000000000001,2.205453527
1365.2,2.087252327
1365.3000000000002,1.969518062
1365.4,1.851764394
1365.5,1.733504985
1365.6000000000001,1.614253497
1365.7,1.493523592
1365.8000000000002,1.370828933
1365.9,1.245683182
1366.0,1.1176
1366.1000000000001,0.986524835
1366.2,0.854130273
1366.3000000000002,0.722520684
1366.4,0.593800441
1366.5,0.470073913
1366.6000000000001,0.353445473
1366.7,0.24601949
1366.8000000000002,0.149900336
1366.9,0.067192383
1367.0,0.0
1367.1000000000001,0.0
1367.2,0.0
1367.3000000000002,0.0
1367.4,0.0
1367.5,0.0
1367.6000000000001,0.0
1367.7,0.0
1367.8000000000002,0.0
1367.9,0.0
1368.0,0.0
1368.1000000000001,0.0
1368.2,0.0
1368.3000000000002,0.0
1368.4,0.0
1368.5,0.0
1368.6000000000001,0.0
1368.7,0.0
1368.8000000000002,0.0
1368.9,0.0
1369.0,0.0
