time_s,speed_mps
0.0,0.0
0.1,0.0
0.2,0.0
0.30000000000000004,0.0
0.4,0.0
0.5,0.0
0.6000000000000001,0.0
0.7000000000000001,0.0
0.8,0.0
0.9,0.0
1.0,0.0
1.1,0.0
1.2000000000000002,0.0
1.3,0.0
1.4000000000000001,0.0
1.5,0.0
1.6,0.0
1.7000000000000002,0.0
1.8,0.0
1.9000000000000001,0.0
2.0,0.0
2.1,0.0
2.2,0.0
2.3000000000000003,0.0
2.4000000000000004,0.0
2.5,0.0
2.6,0.0
2.7,0.0
2.8000000000000003,0.0
2.9000000000000004,0.0
3.0,0.0
3.1,0.0
3.2,0.0
3.3000000000000003,0.0
3.4000000000000004,0.0
3.5,0.0
3.6,0.0
3.7,0.0
3.8000000000000003,0.0
3.9000000000000004,0.0
4.0,0.0
4.1000000000000005,0.0
4.2,0.0
4.3,0.0
4.4,0.0
4.5,0.0
4.6000000000000005,0.0
4.7,0.0
4.800000000000001,0.0
4.9,0.0
5.0,0.0
5.1000000000000005,0.003218086
5.2,0.007470797
5.300000000000001,0.012846975
5.4,0.019435462
5.5,0.0273251
5.6000000000000005,0.036604729
5.7,0.047363192
5.800000000000001,0.05968933
5.9,0.073671986
6.0,0.0894
6.1000000000000005,0.106912895
6.2,0.126052911
6.300000000000001,0.146612971
6.4,0.168385996
6.5,0.191164906
6.6000000000000005,0.214742624
6.7,0.238912071
6.800000000000001,0.263466169
6.9,0.288197838
7.0,0.3129
7.1000000000000005,0.337344535
7.2,0.361219158
7.300000000000001,0.38419054
7.4,0.405925355
7.5,0.426090275
7.6000000000000005,0.444351973
7.7,0.460377122
7.800000000000001,0.473832395
7.9,0.484384463
8.0,0.4917
8.1,0.495892064
8.200000000000001,0.498859258
8.3,0.502946569
8.4,0.510498985
8.5,0.523861493
8.6,0.545379082
8.700000000000001,0.57739674
8.8,0.622259453
8.9,0.682312211
9.0,0.7599
9.1,0.857033707
9.200000000000001,0.97438781
9.3,1.112302684
9.4,1.271118706
9.5,1.451176252
9.600000000000001,1.652815698
9.700000000000001,1.87637742
9.8,2.122201793
9.9,2.390629195
10.0,2.682
10.100000000000001,2.995935407
10.200000000000001,3.329179903
10.3,3.677758794
10.4,4.03769739
10.5,4.405020998
10.600000000000001,4.775754926
10.700000000000001,5.145924482
10.8,5.511554974
10.9,5.868671711
11.0,6.2133
11.100000000000001,6.542530363
11.200000000000001,6.857714179
11.3,7.161268039
11.4,7.455608534
11.5,7.743152257
11.600000000000001,8.0263158
11.700000000000001,8.307515753
11.8,8.58916871
11.9,8.873691262
12.0,9.1635
12.100000000000001,9.459615439
12.200000000000001,9.757473781
12.3,10.05111515
12.4,10.33457967
12.5,10.60190747
12.600000000000001,10.84713868
12.700000000000001,11.06431341
12.8,11.24747179
12.9,11.39065394
13.0,11.4879
13.100000000000001,11.53580238
13.200000000000001,11.5411627
13.3,11.51333486
13.4,11.46167277
13.5,11.39553035
13.600000000000001,11.3242615
13.700000000000001,11.25722013
13.8,11.20376015
13.9,11.17323547
14.0,11.175
14.100000000000001,11.21607604
14.200000000000001,11.29415943
14.3,11.40461442
14.4,11.54280525
14.5,11.70409614
14.600000000000001,11.88385134
14.700000000000001,12.07743509
14.8,12.28021163
14.9,12.48754518
15.0,12.6948
15.100000000000001,12.89803527
15.200000000000001,13.09608997
15.3,13.28849805
15.4,13.47479344
15.5,13.65451009
15.600000000000001,13.82718193
15.700000000000001,13.9923429
15.8,14.14952695
15.9,14.298268
16.0,14.4381
16.1,14.5687792
16.2,14.69095109
16.3,14.80548348
16.400000000000002,14.91324418
16.5,15.015101
16.6,15.11192173
16.7,15.20457419
16.8,15.29392619
16.900000000000002,15.38084552
17.0,15.4662
17.1,15.55074834
17.2,15.63481286
17.3,15.71860681
17.400000000000002,15.80234342
17.5,15.88623592
17.6,15.97049754
17.7,16.05534153
17.8,16.14098111
17.900000000000002,16.22762952
18.0,16.3155
18.1,16.40466225
18.2,16.49461185
18.3,16.58470086
18.400000000000002,16.67428134
18.5,16.76270534
18.6,16.8493249
18.7,16.9334921
18.8,17.01455898
18.900000000000002,17.09187759
19.0,17.1648
19.1,17.23300387
19.200000000000003,17.29746933
19.3,17.35950213
19.400000000000002,17.42040802
19.5,17.48149274
19.6,17.54406204
19.700000000000003,17.60942167
19.8,17.67887738
19.900000000000002,17.7537349
20.0,17.8353
20.1,17.92443468
20.200000000000003,18.02022603
20.3,18.12131741
20.400000000000002,18.22635219
20.5,18.3339737
20.6,18.44282532
20.700000000000003,18.55155041
20.8,18.65879231
20.900000000000002,18.76319439
21.0,18.8634
21.1,18.95829492
21.200000000000003,19.04773455
21.3,19.13181671
21.400000000000002,19.21063924
21.5,19.28429995
21.6,19.35289666
21.700000000000003,19.4165272
21.8,19.47528939
21.900000000000002,19.52928105
22.0,19.5786
22.1,19.62326516
22.200000000000003,19.66297979
22.3,19.69736823
22.400000000000002,19.72605486
22.5,19.74866401
22.6,19.76482004
22.700000000000003,19.7741473
22.8,19.77627014
22.900000000000002,19.77081293
23.0,19.7574
23.1,19.73595245
23.200000000000003,19.70757831
23.3,19.67368235
23.400000000000002,19.63566933
23.5,19.59494403
23.6,19.5529112
23.700000000000003,19.51097561
23.8,19.47054204
23.900000000000002,19.43301525
24.0,19.3998
24.1,19.37172943
24.200000000000003,19.34735016
24.3,19.32463716
24.400000000000002,19.30156541
24.5,19.27610989
24.6,19.24624558
24.700000000000003,19.20994745
24.8,19.1651905
24.900000000000002,19.10994969
25.0,19.0422
25.1,18.96069931
25.200000000000003,18.86733704
25.3,18.76478551
25.400000000000002,18.65571703
25.5,18.54280392
25.6,18.4287185
25.700000000000003,18.31613308
25.8,18.20771998
25.900000000000002,18.10615151
26.0,18.0141
26.1,17.93355523
26.200000000000003,17.86377688
26.3,17.80334211
26.400000000000002,17.75082808
26.5,17.70481194
26.6,17.66387084
26.700000000000003,17.62658194
26.8,17.5915224
26.900000000000002,17.55726936
27.0,17.5224
27.1,17.48582948
27.200000000000003,17.44782503
27.3,17.40899194
27.400000000000002,17.36993545
27.5,17.33126084
27.6,17.29357336
27.700000000000003,17.25747827
27.8,17.22358084
27.900000000000002,17.19248633
28.0,17.1648
28.1,17.14108337
28.200000000000003,17.12172298
28.3,17.10706163
28.400000000000002,17.0974421
28.5,17.09320721
28.6,17.09469974
28.700000000000003,17.10226248
28.8,17.11623825
28.900000000000002,17.13696982
29.0,17.1648
29.1,17.19968504
29.200000000000003,17.24003504
29.3,17.28387355
29.400000000000002,17.32922413
29.5,17.37411033
29.6,17.4165557
29.700000000000003,17.4545838
29.8,17.48621818
29.900000000000002,17.50948239
30.0,17.5224
30.1,17.52369046
30.200000000000003,17.51485685
30.3,17.49809816
30.400000000000002,17.47561337
30.5,17.44960148
30.6,17.42226148
30.700000000000003,17.39579234
30.8,17.37239305
30.900000000000002,17.35426261
31.0,17.3436
31.1,17.34181633
31.200000000000003,17.34717116
31.3,17.35713622
31.400000000000002,17.36918317
31.5,17.38078374
31.6,17.3894096
31.700000000000003,17.39253246
31.8,17.38762402
31.900000000000002,17.37215597
32.0,17.3436
32.1,17.29996134
32.2,17.24137929
32.300000000000004,17.16852668
32.4,17.08207633
32.5,16.98270107
32.6,16.87107372
32.7,16.74786712
32.800000000000004,16.61375408
32.9,16.46940743
33.0,16.3155
33.1,16.15274411
33.2,15.98201007
33.300000000000004,15.80420766
33.4,15.6202467
33.5,15.43103699
33.6,15.23748831
33.7,15.04051047
33.800000000000004,14.84101328
33.9,14.63990652
34.0,14.4381
34.1,14.23625901
34.2,14.03407084
34.300000000000004,13.83097826
34.4,13.62642405
34.5,13.41985099
34.6,13.21070184
34.7,12.99841939
34.800000000000004,12.78244642
34.9,12.56222569
35.0,12.3372
35.1,12.10708013
35.2,11.87264896
35.300000000000004,11.63495738
35.4,11.39505628
35.5,11.15399657
35.6,10.91282913
35.7,10.67260486
35.800000000000004,10.43437465
35.9,10.1991894
36.0,9.9681
36.1,9.741776769
36.2,9.51936773
36.300000000000004,9.29964033
36.4,9.081362016
36.5,8.863300236
36.6,8.644222437
36.7,8.422896067
36.800000000000004,8.198088572
36.9,7.968567401
37.0,7.7331
37.1,7.490814095
37.2,7.242278524
37.300000000000004,6.988422405
37.4,6.730174853
37.5,6.468464986
37.6,6.20422192
37.7,5.938374772
37.800000000000004,5.671852658
37.9,5.405584695
38.0,5.1405
38.1,4.877361151
38.2,4.616264573
38.300000000000004,4.357140151
38.400000000000006,4.099917771
38.5,3.84452732
38.6,3.590898683
38.7,3.338961747
38.800000000000004,3.088646397
38.900000000000006,2.839882519
39.0,2.5926
39.1,2.347079301
39.2,2.105003185
39.300000000000004,1.868404993
39.400000000000006,1.639318063
39.5,1.419775735
39.6,1.211811348
39.7,1.017458242
39.800000000000004,0.838749755
39.900000000000006,0.677719228
40.0,0.5364
40.1,0.416170746
40.2,0.315791486
40.300000000000004,0.233367578
40.400000000000006,0.167004377
40.5,0.114807241
40.6,0.074881525
40.7,0.045332586
40.800000000000004,0.024265782
40.900000000000006,0.009786467
41.0,0.0
41.1,0.0
41.2,0.0
41.300000000000004,0.0
41.400000000000006,0.0
41.5,0.0
41.6,0.0
41.7,0.0
41.800000000000004,0.0
41.900000000000006,0.0
42.0,0.0
42.1,0.0
42.2,0.0
42.300000000000004,0.0
42.400000000000006,0.0
42.5,0.0
42.6,0.0
42.7,0.0
42.800000000000004,0.0
42.900000000000006,0.0
43.0,0.0
43.1,0.0
43.2,0.0
43.300000000000004,0.0
43.400000000000006,0.0
43.5,0.0
43.6,0.0
43.7,0.0
43.800000000000004,0.0
43.900000000000006,0.0
44.0,0.0
44.1,0.0
44.2,0.0
44.300000000000004,0.0
44.400000000000006,0.0
44.5,0.0
44.6,0.0
44.7,0.0
44.800000000000004,0.0
44.900000000000006,0.0
45.0,0.0
45.1,0.0
45.2,0.0
45.300000000000004,0.0
45.400000000000006,0.0
45.5,0.0
45.6,0.0
45.7,0.0
45.800000000000004,0.0
45.900000000000006,0.0
46.0,0.0
46.1,0.0
46.2,0.0
46.300000000000004,0.0
46.400000000000006,0.0
46.5,0.0
46.6,0.0
46.7,0.0
46.800000000000004,0.0
46.900000000000006,0.0
47.0,0.0
47.1,0.0
47.2,0.0
47.300000000000004,0.0
47.400000000000006,0.0
47.5,0.0
47.6,0.0
47.7,0.0
47.800000000000004,0.0
47.900000000000006,0.0
48.0,0.0
48.1,0.0
48.2,0.0
48.300000000000004,0.0
48.400000000000006,0.0
48.5,0.0
48.6,0.0
48.7,0.0
48.800000000000004,0.02566091
48.900000000000006,0.16454122
49.0,0.3576
49.1,0.609304428
49.2,0.913155616
49.300000000000004,1.25991316
49.400000000000006,1.640336657
49.5,2.045185701
49.6,2.465219889
49.7,2.891198817
49.800000000000004,3.313882081
49.900000000000006,3.724029277
50.0,4.1124
50.1,4.471648634
50.2,4.802008714
50.300000000000004,5.105608561
50.400000000000006,5.384576496
50.5,5.641040843
50.6,5.877129922
50.7,6.094972055
50.800000000000004,6.296695565
50.900000000000006,6.484428773
51.0,6.6603
51.1,6.826338135
51.2,6.984174328
51.300000000000004,7.135340297
51.400000000000006,7.281367757
51.5,7.423788427
51.6,7.564134023
51.7,7.703936261
51.800000000000004,7.844726859
51.900000000000006,7.988037533
52.0,8.1354
52.1,8.288100526
52.2,8.446443574
52.300000000000004,8.610488152
52.400000000000006,8.780293274
52.5,8.955917948
52.6,9.137421187
52.7,9.324862001
52.800000000000004,9.518299401
52.900000000000006,9.717792397
53.0,9.9234
53.1,10.13501086
53.2,10.35183218
53.300000000000004,10.57290079
53.400000000000006,10.79725355
53.5,11.02392728
53.6,11.25195883
53.7,11.48038504
53.800000000000004,11.70824274
53.900000000000006,11.93456878
54.0,12.1584
54.1,12.37876143
54.2,12.59463092
54.300000000000004,12.80497447
54.400000000000006,13.00875814
54.5,13.20494794
54.6,13.3925099
54.7,13.57041006
54.800000000000004,13.73761444
54.900000000000006,13.89308908
55.0,14.0358
55.1,14.1652884
55.2,14.28339616
55.300000000000004,14.39254031
55.400000000000006,14.49513791
55.5,14.59360598
55.6,14.69036157
55.7,14.78782173
55.800000000000004,14.88840349
55.900000000000006,14.9945239
56.0,15.1086
56.1,15.23245856
56.2,15.36556524
56.300000000000004,15.50679547
56.400000000000006,15.65502464
56.5,15.80912815
56.6,15.96798141
56.7,16.13045982
56.800000000000004,16.29543879
56.900000000000006,16.46179371
57.0,16.6284
57.1,16.79430978
57.2,16.95928206
57.300000000000004,17.1232526
57.400000000000006,17.28615714
57.5,17.44793142
57.6,17.60851119
57.7,17.76783218
57.800000000000004,17.92583015
57.900000000000006,18.08244085
58.0,18.2376
58.1,18.39121614
58.2,18.54308891
58.300000000000004,18.69299072
58.400000000000006,18.840694
58.5,18.98597117
58.6,19.12859465
58.7,19.26833685
58.800000000000004,19.40497019
58.900000000000006,19.5382671
59.0,19.668
59.1,19.79391816
59.2,19.9156783
59.300000000000004,20.03291401
59.400000000000006,20.14525884
59.5,20.25234639
59.6,20.35381023
59.7,20.44928393
59.800000000000004,20.53840108
59.900000000000006,20.62079524
60.0,20.6961
60.1,20.76424752
60.2,20.82636428
60.300000000000004,20.88387536
60.400000000000006,20.93820583
60.5,20.99078077
60.6,21.04302524
60.7,21.09636433
60.800000000000004,21.1522231
60.900000000000006,21.21202664
61.0,21.2772
61.1,21.34875698
61.2,21.42606619
61.300000000000004,21.50808497
61.400000000000006,21.59377065
61.5,21.68208055
61.6,21.771972
61.7,21.86240235
61.800000000000004,21.95232891
61.900000000000006,22.04070902
62.0,22.1265
62.1,22.20893297
62.2,22.28833415
62.300000000000004,22.36530356
62.400000000000006,22.44044119
62.5,22.51434704
62.6,22.58762114
62.7,22.66086348
62.800000000000004,22.73467406
62.900000000000006,22.8096529
63.0,22.8864
63.1,22.96532324
63.2,23.04606199
63.300000000000004,23.1280635
63.400000000000006,23.21077501
63.5,23.29364378
63.6,23.37611704
63.7,23.45764205
63.800000000000004,23.53766605
63.900000000000006,23.61563628
64.0,23.691
64.10000000000001,23.76334157
64.2,23.83279389
64.3,23.89962695
64.4,23.96411076
64.5,24.02651534
64.60000000000001,24.08711069
64.7,24.14616683
64.8,24.20395375
64.9,24.26074147
65.0,24.3168
65.10000000000001,24.37235586
65.2,24.42746166
65.3,24.48212651
65.4,24.53635954
65.5,24.59016985
65.60000000000001,24.64356658
65.7,24.69655884
65.8,24.74915575
65.9,24.80136643
66.0,24.8532
66.10000000000001,24.90452357
66.2,24.95463627
66.3,25.00269521
66.4,25.04785749
66.5,25.08928024
66.60000000000001,25.12612058
66.7,25.1575356
66.8,25.18268244
66.9,25.2007182
67.0,25.2108
67.10000000000001,25.21247294
67.2,25.20683405
67.3,25.19536836
67.4,25.1795609
67.5,25.16089667
67.60000000000001,25.14086071
67.7,25.12093805
67.8,25.10261369
67.9,25.08737267
68.0,25.0767
68.10000000000001,25.07165417
68.2,25.07158752
68.3,25.07542584
68.4,25.08209493
68.5,25.09052057
68.60000000000001,25.09962856
68.7,25.10834471
68.8,25.1155948
68.9,25.12030463
69.0,25.1214
69.10000000000001,25.11805206
69.2,25.11041345
69.3,25.09888217
69.4,25.0838562
69.5,25.06573356
69.60000000000001,25.04491223
69.7,25.02179021
69.8,24.9967655
69.9,24.9702361
70.0,24.9426
70.10000000000001,24.91419197
70.2,24.88509386
70.3,24.85532429
70.4,24.82490187
70.5,24.79384521
70.60000000000001,24.76217293
70.7,24.72990366
70.8,24.697056
70.9,24.66364858
71.0,24.6297
71.10000000000001,24.59528114
71.2,24.56067189
71.3,24.52620437
71.4,24.49221074
71.5,24.45902311
71.60000000000001,24.42697364
71.7,24.39639446
71.8,24.3676177
71.9,24.3409755
72.0,24.3168
72.10000000000001,24.29536695
72.2,24.27672658
72.3,24.26087271
72.4,24.24779919
72.5,24.23749984
72.60000000000001,24.2299685
72.7,24.22519902
72.8,24.22318521
72.9,24.22392093
73.0,24.2274
73.10000000000001,24.23352134
73.2,24.24180419
73.3,24.25167288
73.4,24.26255172
73.5,24.27386503
73.60000000000001,24.28503714
73.7,24.29549237
73.8,24.30465505
73.9,24.31194948
74.0,24.3168
74.10000000000001,24.31875408
74.2,24.31785185
74.3,24.31425658
74.4,24.30813155
74.5,24.29964004
74.60000000000001,24.28894532
74.7,24.27621069
74.8,24.2615994
74.9,24.24527474
75.0,24.2274
75.10000000000001,24.20805362
75.2,24.1869748
75.3,24.1638179
75.4,24.13823728
75.5,24.10988731
75.60000000000001,24.07842236
75.7,24.04349679
75.8,24.00476496
75.9,23.96188124
76.0,23.9145
76.10000000000001,23.86253642
76.2,23.80694894
76.3,23.74895682
76.4,23.68977932
76.5,23.63063571
76.60000000000001,23.57274524
76.7,23.51732717
76.80000000000001,23.46560077
76.9,23.41878529
77.0,23.3781
77.10000000000001,23.34443151
77.2,23.31733585
77.30000000000001,23.29603643
77.4,23.27975663
77.5,23.26771985
77.60000000000001,23.25914948
77.7,23.25326892
77.80000000000001,23.24930156
77.9,23.24647079
78.0,23.244
78.10000000000001,23.24124366
78.2,23.23808046
78.30000000000001,23.23452017
78.4,23.23057256
78.5,23.22624739
78.60000000000001,23.22155443
78.7,23.21650345
78.80000000000001,23.2111042
78.9,23.20536646
79.0,23.1993
79.10000000000001,23.19294647
79.2,23.18647512
79.30000000000001,23.1800871
79.4,23.17398354
79.5,23.16836559
79.60000000000001,23.1634344
79.7,23.1593911
79.80000000000001,23.15643684
79.9,23.15477276
80.0,23.1546
80.10000000000001,23.15603986
80.2,23.15889426
80.30000000000001,23.16288524
80.4,23.16773488
80.5,23.17316524
80.60000000000001,23.17889838
80.7,23.18465637
80.80000000000001,23.19016125
80.9,23.19513511
81.0,23.1993
81.10000000000001,23.20248667
81.2,23.20496065
81.30000000000001,23.20709613
81.4,23.20926732
81.5,23.21184843
81.60000000000001,23.21521367
81.7,23.21973724
81.80000000000001,23.22579335
81.9,23.2337562
82.0,23.244
82.10000000000001,23.25681224
82.2,23.27213355
82.30000000000001,23.28981785
82.4,23.30971903
82.5,23.33169102
82.60000000000001,23.35558773
82.7,23.38126307
82.80000000000001,23.40857096
82.9,23.43736529
83.0,23.4675
83.10000000000001,23.49888836
83.2,23.53168114
83.30000000000001,23.56608849
83.4,23.60232055
83.5,23.64058748
83.60000000000001,23.6810994
83.7,23.72406647
83.80000000000001,23.76969883
83.9,23.81820662
84.0,23.8698
84.10000000000001,23.92462773
84.2,23.98259309
84.30000000000001,24.04353799
84.4,24.10730435
84.5,24.17373408
84.60000000000001,24.24266907
84.7,24.31395125
84.80000000000001,24.38742253
84.9,24.46292481
85.0,24.5403
85.10000000000001,24.61939733
85.2,24.70009531
85.30000000000001,24.78227974
85.4,24.86583644
85.5,24.95065122
85.60000000000001,25.03660991
85.7,25.12359832
85.80000000000001,25.21150226
85.9,25.30020755
86.0,25.3896
86.10000000000001,25.47955284
86.2,25.56988888
86.30000000000001,25.66041836
86.4,25.7509515
86.5,25.84129853
86.60000000000001,25.93126968
86.7,26.02067517
86.80000000000001,26.10932524
86.9,26.19703011
87.0,26.2836
87.10000000000001,26.36888822
87.2,26.45292038
87.30000000000001,26.53576514
87.4,26.61749117
87.5,26.69816716
87.60000000000001,26.77786178
87.7,26.85664369
87.80000000000001,26.93458159
87.9,27.01174413
88.0,27.0882
88.10000000000001,27.16403697
88.2,27.23941921
88.30000000000001,27.31453
88.4,27.38955262
88.5,27.46467033
88.60000000000001,27.54006642
88.7,27.61592415
88.80000000000001,27.69242681
88.9,27.76975767
89.0,27.8481
89.10000000000001,27.927607
89.2,28.00831158
89.30000000000001,28.09021656
89.4,28.17332476
89.5,28.25763902
89.60000000000001,28.34316215
89.7,28.42989699
89.80000000000001,28.51784636
89.9,28.60701309
90.0,28.6974
90.10000000000001,28.78893232
90.2,28.88122487
90.30000000000001,28.97381487
90.4,29.06623954
90.5,29.15803611
90.60000000000001,29.24874178
90.7,29.33789379
90.80000000000001,29.42502935
90.9,29.50968568
91.0,29.5914
91.10000000000001,29.66987121
91.2,29.74544494
91.30000000000001,29.81862845
91.4,29.88992906
91.5,29.95985405
91.60000000000001,30.02891072
91.7,30.09760636
91.80000000000001,30.16644825
91.9,30.2359437
92.0,30.3066
92.10000000000001,30.37875762
92.2,30.45208979
92.30000000000001,30.52610291
92.4,30.60030341
92.5,30.67419768
92.60000000000001,30.74729213
92.7,30.81909318
92.80000000000001,30.88910724
92.9,30.95684071
93.0,31.0218
93.10000000000001,31.0835501
93.2,31.14189031
93.30000000000001,31.19667849
93.4,31.24777251
93.5,31.29503025
93.60000000000001,31.33830956
93.7,31.37746832
93.80000000000001,31.4123644
93.9,31.44285567
94.0,31.4688
94.10000000000001,31.49016656
94.2,31.50736976
94.30000000000001,31.52093532
94.4,31.53138894
94.5,31.53925634
94.60000000000001,31.54506324
94.7,31.54933534
94.80000000000001,31.55259836
94.9,31.55537801
95.0,31.5582
95.10000000000001,31.56148855
95.2,31.56526183
95.30000000000001,31.56943653
95.4,31.57392932
95.5,31.57865688
95.60000000000001,31.58353589
95.7,31.58848303
95.80000000000001,31.59341497
95.9,31.59824841
96.0,31.6029
96.10000000000001,31.60708945
96.2,31.60974852
96.30000000000001,31.60961197
96.4,31.60541459
96.5,31.59589114
96.60000000000001,31.5797764
96.7,31.55580515
96.80000000000001,31.52271215
96.9,31.47923217
97.0,31.4241
97.10000000000001,31.35658225
97.2,31.2780729
97.30000000000001,31.19049778
97.4,31.09578272
97.5,30.99585355
97.60000000000001,30.89263609
97.7,30.78805618
97.80000000000001,30.68403965
97.9,30.58251231
98.0,30.4854
98.10000000000001,30.39417326
98.2,30.3084815
98.30000000000001,30.22751882
98.4,30.15047934
98.5,30.07655717
98.60000000000001,30.00494642
98.7,29.93484122
98.80000000000001,29.86543567
98.9,29.7959239
99.0,29.7255
99.10000000000001,29.6535746
99.2,29.58042431
99.30000000000001,29.50654225
99.4,29.43242154
99.5,29.35855529
99.60000000000001,29.28543661
99.7,29.21355863
99.80000000000001,29.14341446
99.9,29.07549721
100.0,29.0103
100.10000000000001,28.94817343
100.2,28.88889805
100.30000000000001,28.83211186
100.4,28.7774529
100.5,28.72455918
100.60000000000001,28.67306873
100.7,28.62261956
100.80000000000001,28.5728497
100.9,28.52339718
101.0,28.4739
101.10000000000001,28.42403686
101.2,28.37364909
101.30000000000001,28.32261869
101.4,28.27082766
101.5,28.21815799
101.60000000000001,28.16449168
101.7,28.10971072
101.80000000000001,28.05369713
101.9,27.99633289
102.0,27.9375
102.10000000000001,27.87710502
102.2,27.81515279
102.30000000000001,27.75167267
102.4,27.68669408
102.5,27.62024638
102.60000000000001,27.55235897
102.7,27.48306124
102.80000000000001,27.41238258
102.9,27.34035237
103.0,27.267
103.10000000000001,27.19239474
103.2,27.11676536
103.30000000000001,27.04038051
103.4,26.96350884
103.5,26.886419
103.60000000000001,26.80937965
103.7,26.73265942
103.80000000000001,26.65652696
103.9,26.58125094
104.0,26.5071
104.10000000000001,26.43424811
104.2,26.36249057
104.30000000000001,26.29152798
104.4,26.22106095
104.5,26.1507901
104.60000000000001,26.08041605
104.7,26.0096394
104.80000000000001,25.93816077
104.9,25.86568076
105.0,25.7919
105.10000000000001,25.71663441
105.2,25.64016117
105.30000000000001,25.56287279
105.4,25.48516176
105.5,25.40742058
105.60000000000001,25.33004176
105.7,25.25341779
105.80000000000001,25.17794117
105.9,25.10400441
106.0,25.032
106.10000000000001,24.96217736
106.2,24.89421355
106.30000000000001,24.82764258
106.4,24.76199842
106.5,24.69681507
106.60000000000001,24.63162651
106.7,24.56596674
106.80000000000001,24.49936974
106.9,24.43136949
107.0,24.3615
107.10000000000001,24.28943937
107.2,24.21544222
107.30000000000001,24.13990731
107.4,24.06323336
107.5,23.98581914
107.60000000000001,23.90806339
107.7,23.83036486
107.80000000000001,23.75312228
107.9,23.67673441
108.0,23.6016
108.10000000000001,23.52799727
108.2,23.45572236
108.30000000000001,23.3844509
108.4,23.31385852
108.5,23.24362085
108.60000000000001,23.17341351
108.7,23.10291213
108.80000000000001,23.03179233
108.9,22.95972975
109.0,22.8864
109.10000000000001,22.81159317
109.2,22.73555715
109.30000000000001,22.65865429
109.4,22.58124694
109.5,22.50369745
109.60000000000001,22.42636816
109.7,22.34962142
109.80000000000001,22.27381958
109.9,22.19932499
110.0,22.1265
110.10000000000001,22.05559316
110.2,21.98639784
110.30000000000001,21.91859363
110.4,21.85186011
110.5,21.78587686
110.60000000000001,21.72032346
110.7,21.65487949
110.80000000000001,21.58922454
110.9,21.52303818
111.0,21.456
111.10000000000001,21.3878174
111.2,21.31830909
111.30000000000001,21.24732159
111.4,21.17470142
111.5,21.10029512
111.60000000000001,21.02394921
111.7,20.94551022
111.80000000000001,20.86482467
111.9,20.78173909
112.0,20.6961
112.10000000000001,20.60775643
112.2,20.5165674
112.30000000000001,20.42239442
112.4,20.325099
112.5,20.22454265
112.60000000000001,20.12058689
112.7,20.01309323
112.80000000000001,19.90192319
112.9,19.78693827
113.0,19.668
113.10000000000001,19.54511087
113.2,19.41883731
113.30000000000001,19.28988674
113.4,19.15896659
113.5,19.02678428
113.60000000000001,18.89404723
113.7,18.76146285
113.80000000000001,18.62973858
113.9,18.49958182
114.0,18.3717
114.10000000000001,18.24677051
114.2,18.12535058
114.30000000000001,18.00796742
114.4,17.89514823
114.5,17.78742022
114.60000000000001,17.68531059
114.7,17.58934655
114.80000000000001,17.50005531
114.9,17.41796405
115.0,17.3436
115.10000000000001,17.27720131
115.2,17.21784999
115.30000000000001,17.16433899
115.4,17.11546129
115.5,17.07000984
115.60000000000001,17.0267776
115.7,16.98455753
115.80000000000001,16.9421426
115.9,16.89832577
116.0,16.8519
116.10000000000001,16.80203985
116.2,16.74944627
116.30000000000001,16.69520181
116.4,16.64038901
116.5,16.58609044
116.60000000000001,16.53338863
116.7,16.48336613
116.80000000000001,16.43710549
116.9,16.39568927
117.0,16.3602
117.10000000000001,16.33092989
117.2,16.30500974
117.30000000000001,16.27877997
117.4,16.24858105
117.5,16.21075341
117.60000000000001,16.1616375
117.7,16.09757376
117.80000000000001,16.01490264
117.9,15.90996457
118.0,15.7791
118.10000000000001,15.61981998
118.2,15.43431799
118.30000000000001,15.22595809
118.4,14.99810437
118.5,14.7541209
118.60000000000001,14.49737176
118.7,14.23122102
118.80000000000001,13.95903277
118.9,13.68417107
119.0,13.41
119.10000000000001,13.13934407
119.2,12.8728695
119.30000000000001,12.61070295
119.4,12.35297105
119.5,12.09980047
119.60000000000001,11.85131785
119.7,11.60764984
119.80000000000001,11.3689231
119.9,11.13526427
120.0,10.9068
120.10000000000001,10.68357183
120.2,10.46528079
120.30000000000001,10.25154281
120.4,10.04197381
120.5,9.836189716
120.60000000000001,9.633806441
120.7,9.43443991
120.80000000000001,9.237706046
120.9,9.043220768
121.0,8.8506
121.10000000000001,8.659445719
121.2,8.469304132
121.30000000000001,8.279707502
121.4,8.090188093
121.5,7.900278167
121.60000000000001,7.709509987
121.7,7.517415817
121.80000000000001,7.323527921
121.9,7.127378561
122.0,6.9285
122.10000000000001,6.726565396
122.2,6.52181148
122.30000000000001,6.314615878
122.4,6.105356216
122.5,5.894410118
122.60000000000001,5.682155211
122.7,5.46896912
122.80000000000001,5.255229471
122.9,5.041313889
123.0,4.8276
123.10000000000001,4.614496897
123.2,4.402539548
123.30000000000001,4.192294385
123.4,3.984327845
123.5,3.779206361
123.60000000000001,3.577496369
123.7,3.379764302
123.80000000000001,3.186576595
123.9,2.998499683
124.0,2.8161
124.10000000000001,2.639945415
124.2,2.470609529
124.30000000000001,2.30866738
124.4,2.154694004
124.5,2.009264437
124.60000000000001,1.872953714
124.7,1.746336873
124.80000000000001,1.629988949
124.9,1.52448498
125.0,1.4304
125.10000000000001,1.348003644
125.2,1.276343935
125.30000000000001,1.214163493
125.4,1.160204939
125.5,1.113210893
125.60000000000001,1.071923975
125.7,1.035086807
125.80000000000001,1.001442008
125.9,0.969732199
126.0,0.9387
126.10000000000001,0.907235409
126.2,0.874817931
126.30000000000001,0.841074448
126.4,0.805631841
126.5,0.768116993
126.60000000000001,0.728156786
126.7,0.685378101
126.80000000000001,0.63940782
126.9,0.589872826
127.0,0.5364
127.10000000000001,0.478913219
127.2,0.418524341
127.30000000000001,0.356642216
127.4,0.294675697
127.5,0.234033635
127.60000000000001,0.176124882
127.7,0.122358291
127.80000000000001,0.074142712
127.9,0.032886998
128.0,0.0
128.1,0.0
128.20000000000002,0.0
128.3,0.0
128.4,0.0
128.5,0.0
128.6,0.0
128.70000000000002,0.0
128.8,0.0
128.9,0.0
129.0,0.0
129.1,0.0
129.20000000000002,0.0
129.3,0.0
129.4,0.0
129.5,0.0
129.6,0.0
129.70000000000002,0.0
129.8,0.0
129.9,0.0
130.0,0.0
130.1,0.0
130.20000000000002,0.0
130.3,0.0
130.4,0.0
130.5,0.0
130.6,0.0
130.70000000000002,0.0
130.8,0.0
130.9,0.0
131.0,0.0
131.1,0.0
131.20000000000002,0.0
131.3,0.0
131.4,0.0
131.5,0.0
131.6,0.0
131.70000000000002,0.0
131.8,0.0
131.9,0.0
132.0,0.0
132.1,0.0
132.20000000000002,0.0
132.3,0.0
132.4,0.0
132.5,0.0
132.6,0.0
132.70000000000002,0.0
132.8,0.0
132.9,0.0
133.0,0.0
133.1,0.0
133.20000000000002,0.0
133.3,0.0
133.4,0.0
133.5,0.0
133.6,0.0
133.70000000000002,0.0
133.8,0.0
133.9,0.0
134.0,0.0
134.1,0.0
134.20000000000002,0.0
134.3,0.0
134.4,0.0
134.5,0.0
134.6,0.0
134.70000000000002,0.0
134.8,0.0
134.9,0.0
135.0,0.0
135.1,0.045200054
135.20000000000002,0.104646391
135.3,0.179287483
135.4,0.270071804
135.5,0.377947826
135.6,0.503864022
135.70000000000002,0.648768865
135.8,0.813610827
135.9,0.999338381
136.0,1.2069
136.1,1.436664503
136.20000000000002,1.686682094
136.3,1.954423323
136.4,2.23735874
136.5,2.532958895
136.6,2.838694339
136.70000000000002,3.152035621
136.8,3.470453292
136.9,3.791417901
137.0,4.1124
137.1,4.431300134
137.20000000000002,4.747738834
137.3,5.061766626
137.4,5.373434037
137.5,5.682791594
137.6,5.989889824
137.70000000000002,6.294779253
137.8,6.597510407
137.9,6.898133814
138.0,7.1967
138.1,7.493326061
138.20000000000002,7.788395371
138.3,8.082357874
138.4,8.375663512
138.5,8.668762228
138.6,8.962103966
138.70000000000002,9.256138669
138.8,9.55131628
138.9,9.848086743
139.0,10.1469
139.1,10.44791202
139.20000000000002,10.75010288
139.3,11.05215868
139.4,11.35276552
139.5,11.65060949
139.6,11.94437671
139.70000000000002,12.23275327
139.8,12.51442527
139.9,12.78807881
140.0,13.0524
140.1,13.30646905
140.20000000000002,13.55094271
140.3,13.78687181
140.4,14.01530722
140.5,14.2372998
140.6,14.45390039
140.70000000000002,14.66615985
140.8,14.87512903
140.9,15.0818588
141.0,15.2874
141.1,15.49263846
141.20000000000002,15.69779989
141.3,15.90294497
141.4,16.10813439
141.5,16.31342882
141.6,16.51888894
141.70000000000002,16.72457544
141.8,16.93054899
141.9,17.13687029
142.0,17.3436
142.1,17.5505731
142.20000000000002,17.75672173
142.3,17.96075229
142.4,18.16137122
142.5,18.35728494
142.6,18.54719986
142.70000000000002,18.7298224
142.8,18.90385899
142.9,19.06801605
143.0,19.221
143.1,19.36191463
143.20000000000002,19.4914532
143.3,19.61070635
143.4,19.72076472
143.5,19.82271893
143.6,19.91765964
143.70000000000002,20.00667746
143.8,20.09086304
143.9,20.17130701
144.0,20.2491
144.1,20.32513109
144.20000000000002,20.39948308
144.3,20.4720372
144.4,20.54267471
144.5,20.61127682
144.6,20.6777248
144.70000000000002,20.74189986
144.8,20.80368326
144.9,20.86295623
145.0,20.9196
145.1,20.97363652
145.20000000000002,21.02565049
145.3,21.07636734
145.4,21.12651246
145.5,21.17681127
145.6,21.22798917
145.70000000000002,21.28077159
145.8,21.33588393
145.9,21.39405159
146.0,21.456
146.1,21.52213804
146.20000000000002,21.59160855
146.3,21.66323785
146.4,21.73585227
146.5,21.80827811
146.6,21.87934171
146.70000000000002,21.94786937
146.8,22.01268743
146.9,22.0726222
147.0,22.1265
147.1,22.17355732
147.20000000000002,22.2146713
147.3,22.25112925
147.4,22.28421848
147.5,22.31522629
147.6,22.34544001
147.70000000000002,22.37614692
147.8,22.40863436
147.9,22.44418961
148.0,22.4841
148.1,22.52926738
148.20000000000002,22.57905185
148.3,22.63242805
148.4,22.68837063
148.5,22.74585422
148.6,22.80385347
148.70000000000002,22.86134303
148.8,22.91729755
148.9,22.97069165
149.0,23.0205
149.1,23.06593484
149.20000000000002,23.10715888
149.3,23.14457243
149.4,23.17857581
149.5,23.20956933
149.6,23.2379533
149.70000000000002,23.26412804
149.8,23.28849386
149.9,23.31145107
150.0,23.3334
150.1,23.35466765
150.20000000000002,23.37528782
150.3,23.39522101
150.4,23.41442773
150.5,23.43286847
150.6,23.45050373
150.70000000000002,23.46729401
150.8,23.48319982
150.9,23.49818165
151.0,23.5122
151.1,23.52531567
151.20000000000002,23.53799065
151.3,23.55078722
151.4,23.56426768
151.5,23.57899431
151.6,23.59552939
151.70000000000002,23.61443521
151.8,23.63627406
151.9,23.66160823
152.0,23.691
152.1,23.72472847
152.20000000000002,23.76193999
152.3,23.80149769
152.4,23.84226475
152.5,23.88310431
152.6,23.92287953
152.70000000000002,23.96045355
152.8,23.99468954
152.9,24.02445063
153.0,24.0486
153.1,24.06631804
153.20000000000002,24.07805421
153.3,24.0845752
153.4,24.08664771
153.5,24.08503844
153.60000000000002,24.0805141
153.70000000000002,24.07384139
153.8,24.065787
153.9,24.05711763
154.0,24.0486
154.10000000000002,24.04090895
154.20000000000002,24.03435197
154.3,24.02914471
154.4,24.02550281
154.5,24.02364191
154.60000000000002,24.02377766
154.70000000000002,24.0261257
154.8,24.03090168
154.9,24.03832123
155.0,24.0486
155.10000000000002,24.06200375
155.20000000000002,24.07899869
155.3,24.10010115
155.4,24.12582744
155.5,24.1566939
155.60000000000002,24.19321685
155.70000000000002,24.23591261
155.8,24.2852975
155.9,24.34188786
156.0,24.4062
156.10000000000002,24.47832874
156.20000000000002,24.55668285
156.3,24.63924959
156.4,24.72401621
156.5,24.80896998
156.60000000000002,24.89209815
156.70000000000002,24.97138798
156.8,25.04482672
156.9,25.11040164
157.0,25.1661
157.10000000000002,25.21060628
157.20000000000002,25.2453939
157.3,25.27263349
157.4,25.2944957
157.5,25.31315118
157.60000000000002,25.33077056
157.70000000000002,25.34952449
157.8,25.37158361
157.9,25.39911857
158.0,25.4343
158.10000000000002,25.47858504
158.20000000000002,25.53057677
158.3,25.58816476
158.4,25.64923858
158.5,25.7116878
158.60000000000002,25.77340201
158.70000000000002,25.83227076
158.8,25.88618362
158.9,25.93303018
159.0,25.9707
159.10000000000002,25.99780907
159.20000000000002,26.01587904
159.3,26.02715799
159.4,26.03389399
159.5,26.03833511
159.60000000000002,26.04272941
159.70000000000002,26.04932499
159.8,26.06036989
159.9,26.07811221
160.0,26.1048
160.10000000000002,26.14196429
160.20000000000002,26.18826787
160.3,26.24165648
160.4,26.30007587
160.5,26.36147177
160.60000000000002,26.42378994
160.70000000000002,26.4849761
160.8,26.542976
160.9,26.59573539
161.0,26.6412
161.10000000000002,26.67784818
161.20000000000002,26.70628869
161.3,26.72766288
161.4,26.74311213
161.5,26.7537778
161.60000000000002,26.76080124
161.70000000000002,26.76532382
161.8,26.76848689
161.9,26.77143183
162.0,26.7753
162.10000000000002,26.78102629
162.20000000000002,26.78871978
162.3,26.79828308
162.4,26.8096188
162.5,26.82262954
162.60000000000002,26.83721791
162.70000000000002,26.85328654
162.8,26.87073802
162.9,26.88947497
163.0,26.9094
163.10000000000002,26.93030665
163.20000000000002,26.95155218
163.3,26.97238479
163.4,26.99205269
163.5,27.00980406
163.60000000000002,27.02488711
163.70000000000002,27.03655003
163.8,27.04404102
163.9,27.04660828
164.0,27.0435
164.10000000000002,27.03411542
164.20000000000002,27.01845791
164.3,26.99668185
164.4,26.96894166
164.5,26.93539173
164.60000000000002,26.89618646
164.70000000000002,26.85148026
164.8,26.80142751
164.9,26.74618263
165.0,26.6859
165.10000000000002,26.62095417
165.20000000000002,26.5526002
165.3,26.4823133
165.4,26.41156867
165.5,26.34184151
165.60000000000002,26.27460704
165.70000000000002,26.21134044
165.8,26.15351694
165.9,26.10261172
166.0,26.0601
166.10000000000002,26.02700651
166.20000000000002,26.0025541
166.3,25.98551516
166.4,25.97466207
166.5,25.96876722
166.60000000000002,25.96660299
166.70000000000002,25.96694177
166.8,25.96855594
166.9,25.97021789
167.0,25.9707
167.10000000000002,25.9689707
167.20000000000002,25.9647826
167.3,25.95808437
167.4,25.94882465
167.5,25.9369521
167.60000000000002,25.92241539
167.70000000000002,25.90516316
167.8,25.88514409
167.9,25.86230681
168.0,25.8366
168.10000000000002,25.80817499
168.20000000000002,25.77799389
168.3,25.74722148
168.4,25.71702254
168.5,25.68856187
168.60000000000002,25.66300425
168.70000000000002,25.64151447
168.8,25.62525731
168.9,25.61539756
169.0,25.6131
169.10000000000002,25.61896963
169.20000000000002,25.63137224
169.3,25.64811382
169.4,25.66700038
169.5,25.6858379
169.60000000000002,25.7024324
169.70000000000002,25.71458986
169.8,25.72011628
169.9,25.71681766
170.0,25.7025
170.10000000000002,25.67579889
170.20000000000002,25.63866837
170.3,25.59389204
170.4,25.54425355
170.5,25.49253651
170.60000000000002,25.44152455
170.70000000000002,25.39400129
170.8,25.35275036
170.9,25.32055539
171.0,25.3002
171.10000000000002,25.29358659
171.20000000000002,25.2990927
171.3,25.31421461
171.4,25.33644863
171.5,25.36329107
171.60000000000002,25.39223822
171.70000000000002,25.42078638
171.8,25.44643187
171.9,25.46667097
172.0,25.479
172.10000000000002,25.48159903
172.20000000000002,25.47538325
172.3,25.46195163
172.4,25.44290313
172.5,25.41983673
172.60000000000002,25.39435139
172.70000000000002,25.36804608
172.8,25.34251977
172.9,25.31937142
173.0,25.3002
173.10000000000002,25.28618099
173.20000000000002,25.27679591
173.3,25.27110279
173.4,25.26815965
173.5,25.26702452
173.60000000000002,25.26675542
173.70000000000002,25.2664104
173.8,25.26504747
173.9,25.26172466
174.0,25.2555
174.10000000000002,25.2457265
174.20000000000002,25.2329371
174.3,25.21795972
174.4,25.20162228
174.5,25.18475271
174.60000000000002,25.16817892
174.70000000000002,25.15272883
174.8,25.13923036
174.9,25.12851145
175.0,25.1214
175.10000000000002,25.1185039
175.20000000000002,25.11955088
175.3,25.12404862
175.4,25.13150482
175.5,25.14142715
175.60000000000002,25.15332331
175.70000000000002,25.16670099
175.8,25.18106788
175.9,25.19593165
176.0,25.2108
176.10000000000002,25.22522939
176.20000000000002,25.23897138
176.3,25.25182629
176.4,25.26359445
176.5,25.27407618
176.60000000000002,25.28307182
176.70000000000002,25.2903817
176.8,25.29580614
176.9,25.29914546
177.0,25.3002
177.10000000000002,25.29883973
177.20000000000002,25.29521321
177.3,25.28953863
177.4,25.2820342
177.5,25.27291812
177.60000000000002,25.26240859
177.70000000000002,25.25072381
177.8,25.23808198
177.9,25.22470131
178.0,25.2108
178.10000000000002,25.19658179
178.20000000000002,25.1821926
178.3,25.1677639
178.4,25.15342717
178.5,25.13931385
178.60000000000002,25.12555543
178.70000000000002,25.11228337
178.8,25.09962913
178.9,25.08772419
179.0,25.0767
179.10000000000002,25.06667622
179.20000000000002,25.05772519
179.3,25.04990746
179.4,25.04328354
179.5,25.03791398
179.60000000000002,25.03385929
179.70000000000002,25.03118002
179.8,25.0299367
179.9,25.03018984
180.0,25.032
180.10000000000002,25.03526594
180.20000000000002,25.03923942
180.3,25.04301046
180.4,25.04566907
180.5,25.04630524
180.60000000000002,25.044009
180.70000000000002,25.03787034
180.8,25.02697929
180.9,25.01042584
181.0,24.9873
181.10000000000002,24.95699303
181.20000000000002,24.92010111
181.3,24.87752169
181.4,24.83015219
181.5,24.77889005
181.60000000000002,24.72463272
181.70000000000002,24.66827761
181.8,24.61072216
181.9,24.55286381
182.0,24.4956
182.10000000000002,24.43990246
182.20000000000002,24.38704014
182.3,24.33835629
182.4,24.29519417
182.5,24.25889704
182.60000000000002,24.23080814
182.70000000000002,24.21227074
182.8,24.20462807
182.9,24.20922341
183.0,24.2274
183.10000000000002,24.25945565
183.20000000000002,24.30150635
183.3,24.34862265
183.4,24.39587512
183.5,24.43833429
183.60000000000002,24.47107072
183.70000000000002,24.48915495
183.8,24.48765755
183.9,24.46164904
184.0,24.4062
184.10000000000002,24.31856636
184.20000000000002,24.20474568
184.3,24.07292089
184.4,23.93127495
184.5,23.7879908
184.60000000000002,23.65125138
184.70000000000002,23.52923965
184.8,23.43013854
184.9,23.36213101
185.0,23.3334
185.10000000000002,23.34957281
185.20000000000002,23.40605414
185.3,23.49569308
185.4,23.61133868
185.5,23.74584002
185.60000000000002,23.89204615
185.70000000000002,24.04280615
185.8,24.19096908
185.9,24.329384
186.0,24.4509
186.10000000000002,24.55010061
186.20000000000002,24.62850735
186.3,24.68937619
186.4,24.73596312
186.5,24.77152414
186.60000000000002,24.79931523
186.70000000000002,24.82259237
186.8,24.84461155
186.9,24.86862877
187.0,24.8979
187.10000000000002,24.93496434
187.20000000000002,24.97949326
187.3,25.03044136
187.4,25.08676322
187.5,25.14741342
187.60000000000002,25.21134655
187.70000000000002,25.27751718
187.8,25.34487991
187.9,25.41238933
188.0,25.479
188.10000000000002,25.54372684
188.20000000000002,25.605826
188.3,25.66461396
188.4,25.7194072
188.5,25.76952218
188.60000000000002,25.81427539
188.70000000000002,25.8529833
188.8,25.88496239
188.9,25.90952913
189.0,25.926
189.10000000000002,25.93416711
189.20000000000002,25.93572514
189.3,25.9328444
189.4,25.9276952
189.5,25.92244786
189.60000000000002,25.91927269
189.70000000000002,25.92034
189.8,25.92782012
189.9,25.94388335
190.0,25.9707
190.10000000000002,26.00968442
190.20000000000002,26.05922705
190.3,26.11696236
190.4,26.18052481
190.5,26.24754889
190.60000000000002,26.31566905
190.70000000000002,26.38251978
190.8,26.44573553
190.9,26.50295078
191.0,26.5518
191.10000000000002,26.59063321
191.20000000000002,26.62066267
191.3,26.64381618
191.4,26.66202155
191.5,26.67720659
191.60000000000002,26.6912991
191.70000000000002,26.70622689
191.8,26.72391776
191.9,26.74629953
192.0,26.7753
192.10000000000002,26.81226053
192.20000000000002,26.85617666
192.3,26.90545751
192.4,26.95851218
192.5,27.01374976
192.60000000000002,27.06957936
192.70000000000002,27.12441008
192.8,27.17665103
192.9,27.2247113
193.0,27.267
193.10000000000002,27.30234958
193.20000000000002,27.33128587
193.3,27.35475806
193.4,27.37371534
193.5,27.38910688
193.60000000000002,27.40188187
193.70000000000002,27.41298949
193.8,27.42337893
193.9,27.43399937
194.0,27.4458
194.10000000000002,27.45956176
194.20000000000002,27.47539265
194.3,27.49323243
194.4,27.51302087
194.5,27.53469773
194.60000000000002,27.55820277
194.70000000000002,27.58347576
194.8,27.61045645
194.9,27.63908461
195.0,27.6693
195.10000000000002,27.70093439
195.20000000000002,27.73338753
195.3,27.7659512
195.4,27.79791717
195.5,27.82857719
195.60000000000002,27.85722304
195.70000000000002,27.88314648
195.8,27.90563927
195.9,27.92399319
196.0,27.9375
196.10000000000002,27.9457388
196.20000000000002,27.94943803
196.3,27.94961345
196.4,27.94728086
196.5,27.943456
196.60000000000002,27.93915467
196.70000000000002,27.93539263
196.8,27.93318566
196.9,27.93354952
197.0,27.9375
197.10000000000002,27.94568202
197.20000000000002,27.95725717
197.3,27.97101618
197.4,27.98574981
197.5,28.00024879
197.60000000000002,28.01330387
197.70000000000002,28.02370579
197.8,28.03024529
197.9,28.03171311
198.0,28.0269
198.10000000000002,28.01503282
198.20000000000002,27.99708291
198.3,27.97445771
198.4,27.9485647
198.5,27.92081133
198.60000000000002,27.89260505
198.70000000000002,27.86535332
198.8,27.8404636
198.9,27.81934334
199.0,27.8034
199.10000000000002,27.7937402
199.20000000000002,27.79026721
199.3,27.79258346
199.4,27.80029138
199.5,27.81299339
199.60000000000002,27.83029193
199.70000000000002,27.85178944
199.8,27.87708833
199.9,27.90579104
200.0,27.9375
200.10000000000002,27.97169087
200.20000000000002,28.00733225
200.3,28.04326595
200.4,28.07833379
200.5,28.11137761
200.60000000000002,28.14123922
200.70000000000002,28.16676044
200.8,28.18678309
200.9,28.20014901
201.0,28.2057
201.10000000000002,28.20272821
201.20000000000002,28.192327
201.3,28.17604005
201.4,28.15541105
201.5,28.13198367
201.60000000000002,28.1073016
201.70000000000002,28.08290852
201.8,28.0603481
201.9,28.04116404
202.0,28.0269
202.10000000000002,28.0186768
202.20000000000002,28.01592377
202.3,28.01764736
202.4,28.02285402
202.5,28.03055021
202.60000000000002,28.03974238
202.70000000000002,28.04943699
202.8,28.05864049
202.9,28.06635935
203.0,28.0716
203.10000000000002,28.07376078
203.20000000000002,28.07380753
203.3,28.07309793
203.4,28.07298969
203.5,28.0748405
203.60000000000002,28.08000808
203.70000000000002,28.08985012
203.8,28.10572432
203.9,28.12898838
204.0,28.161
204.10000000000002,28.20250866
204.20000000000002,28.25183092
204.3,28.30667514
204.4,28.36474964
204.5,28.42376278
204.60000000000002,28.4814229
204.70000000000002,28.53543833
204.8,28.58351743
204.9,28.62336854
205.0,28.6527
205.10000000000002,28.66992018
205.20000000000002,28.67623758
205.3,28.67356073
205.4,28.66379816
205.5,28.64885838
205.60000000000002,28.63064994
205.70000000000002,28.61108135
205.8,28.59206114
205.9,28.57549785
206.0,28.5633
206.10000000000002,28.55692752
206.20000000000002,28.55604595
206.3,28.55987224
206.4,28.56762334
206.5,28.5785162
206.60000000000002,28.59176776
206.70000000000002,28.60659497
206.8,28.62221479
206.9,28.63784415
207.0,28.6527
207.10000000000002,28.66615495
207.20000000000002,28.67820423
207.3,28.68899871
207.4,28.69868928
207.5,28.70742683
207.60000000000002,28.71536223
207.70000000000002,28.72264636
207.8,28.72943011
207.9,28.73586436
208.0,28.7421
208.10000000000002,28.74829267
208.20000000000002,28.75461714
208.3,28.76125291
208.4,28.76837952
208.5,28.77617649
208.60000000000002,28.78482334
208.70000000000002,28.79449959
208.8,28.80538477
208.9,28.8176584
209.0,28.8315
209.10000000000002,28.84700375
209.20000000000002,28.86392242
209.3,28.88192344
209.4,28.90067423
209.5,28.91984221
209.60000000000002,28.93909482
209.70000000000002,28.95809948
209.8,28.97652361
209.9,28.99403464
210.0,29.0103
210.10000000000002,29.02514493
210.20000000000002,29.03902598
210.3,29.05255754
210.4,29.06635397
210.5,29.08102966
210.60000000000002,29.09719897
210.70000000000002,29.11547628
210.8,29.13647597
210.9,29.16081242
211.0,29.1891
211.10000000000002,29.22163063
211.20000000000002,29.25740644
211.3,29.2951071
211.4,29.33341229
211.5,29.37100166
211.60000000000002,29.40655491
211.70000000000002,29.43875169
211.8,29.46627169
211.9,29.48779457
212.0,29.502
212.10000000000002,29.50811854
212.20000000000002,29.50758424
212.3,29.50238205
212.4,29.49449688
212.5,29.48591369
212.60000000000002,29.4786174
212.70000000000002,29.47459295
212.8,29.47582528
212.9,29.48429932
213.0,29.502
213.10000000000002,29.52996991
213.20000000000002,29.56548218
213.3,29.60486761
213.4,29.64445698
213.5,29.68058108
213.60000000000002,29.70957069
213.70000000000002,29.7277566
213.8,29.7314696
213.9,29.71704047
214.0,29.6808
214.10000000000002,29.62042013
214.20000000000002,29.53893743
214.3,29.44072962
214.4,29.3301744
214.5,29.21164951
214.60000000000002,29.08953265
214.70000000000002,28.96820155
214.8,28.85203393
214.9,28.74540751
215.0,28.6527
215.10000000000002,28.57726406
215.20000000000002,28.51835209
215.3,28.47419143
215.4,28.44300942
215.5,28.4230334
215.60000000000002,28.41249071
215.70000000000002,28.40960868
215.8,28.41261466
215.9,28.41973599
216.0,28.4292
216.10000000000002,28.43953463
216.20000000000002,28.45047021
216.3,28.46203766
216.4,28.47426792
216.5,28.48719189
216.60000000000002,28.50084051
216.70000000000002,28.51524471
216.8,28.53043541
216.9,28.54644353
217.0,28.5633
217.10000000000002,28.58090312
217.20000000000002,28.59862067
217.3,28.61568781
217.4,28.63133972
217.5,28.64481154
217.60000000000002,28.65533843
217.70000000000002,28.66215557
217.8,28.6644981
217.9,28.66160119
218.0,28.6527
218.10000000000002,28.6374384
218.20000000000002,28.61709512
218.3,28.59335758
218.4,28.56791322
218.5,28.54244946
218.60000000000002,28.51865376
218.70000000000002,28.49821352
218.8,28.4828162
218.9,28.47414921
219.0,28.4739
219.10000000000002,28.48319247
219.20000000000002,28.50089646
219.3,28.52531827
219.4,28.55476422
219.5,28.5875406
219.60000000000002,28.62195374
219.70000000000002,28.65630994
219.8,28.68891551
219.9,28.71807676
220.0,28.7421
220.10000000000002,28.75966181
220.20000000000002,28.77091984
220.3,28.77640203
220.4,28.77663631
220.5,28.77215062
220.60000000000002,28.76347287
220.70000000000002,28.751131
220.8,28.73565295
220.9,28.71756664
221.0,28.6974
221.10000000000002,28.6757468
221.20000000000002,28.65346418
221.3,28.6314751
221.4,28.61070252
221.5,28.59206943
221.60000000000002,28.57649878
221.70000000000002,28.56491354
221.8,28.55823669
221.9,28.55739118
222.0,28.5633
222.10000000000002,28.57638658
222.20000000000002,28.59507624
222.3,28.61729478
222.4,28.64096799
222.5,28.66402167
222.60000000000002,28.68438162
222.70000000000002,28.69997364
222.8,28.70872351
222.9,28.70855703
223.0,28.6974
223.10000000000002,28.67399299
223.20000000000002,28.64033567
223.3,28.5992425
223.4,28.55352792
223.5,28.50600638
223.60000000000002,28.45949232
223.70000000000002,28.41680021
223.8,28.38074449
223.9,28.3541396
224.0,28.3398
224.10000000000002,28.33965796
224.20000000000002,28.35211707
224.3,28.37469872
224.4,28.40492434
224.5,28.44031532
224.60000000000002,28.47839308
224.70000000000002,28.51667902
224.8,28.55269454
224.9,28.58396107
225.0,28.608
225.10000000000002,28.62299046
225.20000000000002,28.62974246
225.3,28.62972371
225.4,28.62440193
225.5,28.61524484
225.60000000000002,28.60372017
225.70000000000002,28.59129563
225.8,28.57943894
225.9,28.56961782
226.0,28.5633
226.10000000000002,28.56154549
226.20000000000002,28.5637835
226.3,28.56903555
226.4,28.57632315
226.5,28.58466782
226.60000000000002,28.59309105
226.70000000000002,28.60061438
226.8,28.6062593
226.9,28.60904734
227.0,28.608
227.10000000000002,28.60248608
227.20000000000002,28.59326354
227.3,28.58143758
227.4,28.56811346
227.5,28.5543964
227.60000000000002,28.54139162
227.70000000000002,28.53020436
227.8,28.52193985
227.9,28.51770332
228.0,28.5186
228.10000000000002,28.52529008
228.20000000000002,28.53665356
228.3,28.55112541
228.4,28.5671406
228.5,28.5831341
228.60000000000002,28.59754087
228.70000000000002,28.60879588
228.8,28.61533409
228.9,28.61559048
229.0,28.608
229.10000000000002,28.59153651
229.20000000000002,28.56732944
229.3,28.53704707
229.4,28.50235772
229.5,28.46492969
229.60000000000002,28.42643129
229.70000000000002,28.38853081
229.8,28.35289657
229.9,28.32119687
230.0,28.2951
230.10000000000002,28.27590477
230.20000000000002,28.26343189
230.3,28.2571326
230.4,28.2564581
230.5,28.26085962
230.60000000000002,28.26978837
230.70000000000002,28.28269556
230.8,28.29903242
230.9,28.31825016
231.0,28.3398
231.10000000000002,28.36313362
231.20000000000002,28.38770459
231.3,28.41296693
231.4,28.43837466
231.5,28.46338182
231.60000000000002,28.48744244
231.70000000000002,28.51001054
231.8,28.53054014
231.9,28.54848529
232.0,28.5633
232.10000000000002,28.57462714
232.20000000000002,28.58286495
232.3,28.5886005
232.4,28.59242085
232.5,28.59491309
232.60000000000002,28.59666428
232.70000000000002,28.59826149
232.8,28.6002918
232.9,28.60334228
233.0,28.608
233.10000000000002,28.614722
233.20000000000002,28.6234452
233.3,28.63397648
233.4,28.64612273
233.5,28.65969082
233.60000000000002,28.67448765
233.70000000000002,28.6903201
233.8,28.70699505
233.9,28.72431939
234.0,28.7421
234.10000000000002,28.76020685
234.20000000000002,28.77876225
234.3,28.79795158
234.4,28.81796025
234.5,28.83897363
234.60000000000002,28.86117712
234.70000000000002,28.88475611
234.8,28.909896
234.9,28.93678216
235.0,28.9656
235.10000000000002,28.9962338
235.20000000000002,29.02736341
235.3,29.05736759
235.4,29.08462509
235.5,29.10751467
235.60000000000002,29.12441507
235.70000000000002,29.13370505
235.8,29.13376337
235.9,29.12296876
236.0,29.0997
236.10000000000002,29.06311957
236.20000000000002,29.01552492
236.3,28.95999727
236.4,28.89961779
236.5,28.83746771
236.60000000000002,28.7766282
236.70000000000002,28.72018048
236.8,28.67120574
236.9,28.63278518
237.0,28.608
237.10000000000002,28.59884084
237.20000000000002,28.6029361
237.3,28.61682365
237.4,28.63704133
237.5,28.660127
237.60000000000002,28.68261851
237.70000000000002,28.70105371
237.8,28.71197046
237.9,28.71190661
238.0,28.6974
238.10000000000002,28.66619789
238.20000000000002,28.62088507
238.3,28.56525573
238.4,28.50310407
238.5,28.43822428
238.60000000000002,28.37441054
238.70000000000002,28.31545706
238.8,28.26515801
238.9,28.22730759
239.0,28.2057
239.10000000000002,28.20288562
239.20000000000002,28.21643963
239.3,28.24269342
239.4,28.27797838
239.5,28.31862588
239.60000000000002,28.36096731
239.70000000000002,28.40133405
239.8,28.43605749
239.9,28.46146902
240.0,28.4739
240.10000000000002,28.47081035
240.20000000000002,28.45417401
240.3,28.42709348
240.4,28.39267122
240.5,28.35400971
240.60000000000002,28.31421142
240.70000000000002,28.27637883
240.8,28.24361441
240.9,28.21902064
241.0,28.2057
241.10000000000002,28.2058538
241.20000000000002,28.21807871
241.3,28.24007025
241.4,28.26952394
241.5,28.30413529
241.60000000000002,28.34159982
241.70000000000002,28.37961304
241.8,28.41587047
241.9,28.44806761
242.0,28.4739
242.10000000000002,28.49157246
242.20000000000002,28.50132714
242.3,28.5039155
242.4,28.500089
242.5,28.49059911
242.60000000000002,28.4761973
242.70000000000002,28.45763501
242.8,28.43566372
242.9,28.4110349
243.0,28.3845
243.10000000000002,28.35679185
243.20000000000002,28.32856872
243.3,28.30047024
243.4,28.27313604
243.5,28.24720575
243.60000000000002,28.22331899
243.70000000000002,28.20211541
243.8,28.18423463
243.9,28.17031629
244.0,28.161
244.10000000000002,28.15666944
244.20000000000002,28.15668438
244.3,28.16014864
244.4,28.16616605
244.5,28.1738404
244.60000000000002,28.18227553
244.70000000000002,28.19057523
244.8,28.19784334
244.9,28.20318365
245.0,28.2057
245.10000000000002,28.20477881
245.20000000000002,28.20093696
245.3,28.19497398
245.4,28.18768937
245.5,28.17988264
245.60000000000002,28.1723533
245.70000000000002,28.16590086
245.8,28.16132482
245.9,28.1594247
246.0,28.161
246.10000000000002,28.16660154
246.20000000000002,28.17578537
246.3,28.18785882
246.4,28.20212926
246.5,28.21790403
246.60000000000002,28.23449047
246.70000000000002,28.25119594
246.8,28.26732779
246.9,28.28219336
247.0,28.2951
247.10000000000002,28.30553082
247.20000000000002,28.31367197
247.3,28.31988532
247.4,28.32453278
247.5,28.32797625
247.60000000000002,28.33057762
247.70000000000002,28.33269878
247.8,28.33470164
247.9,28.33694808
248.0,28.3398
248.10000000000002,28.34343316
248.20000000000002,28.34727877
248.3,28.35058189
248.4,28.3525876
248.5,28.35254096
248.60000000000002,28.34968705
248.70000000000002,28.34327093
248.8,28.33253766
248.9,28.31673233
249.0,28.2951
249.10000000000002,28.26723103
249.20000000000002,28.23409696
249.3,28.19701461
249.4,28.15730081
249.5,28.11627239
249.60000000000002,28.07524619
249.70000000000002,28.03553901
249.8,27.99846771
249.9,27.96534909
250.0,27.9375
250.10000000000002,27.91593622
250.20000000000002,27.90046941
250.3,27.89061018
250.4,27.88586916
250.5,27.88575696
250.60000000000002,27.88978421
250.70000000000002,27.89746152
250.8,27.90829951
250.9,27.92180879
251.0,27.9375
251.10000000000002,27.95489329
251.20000000000002,27.97354701
251.3,27.99302907
251.4,28.01290735
251.5,28.03274975
251.60000000000002,28.05212418
251.70000000000002,28.07059852
251.8,28.08774067
251.9,28.10311853
252.0,28.1163
252.10000000000002,28.12689232
252.20000000000002,28.13466013
252.3,28.13940744
252.4,28.14093824
252.5,28.13905652
252.60000000000002,28.13356628
252.70000000000002,28.12427151
252.8,28.11097621
252.9,28.09348437
253.0,28.0716
253.10000000000002,28.04536244
253.20000000000002,28.01575245
253.3,27.98398616
253.4,27.95127969
253.5,27.91884917
253.60000000000002,27.88791072
253.70000000000002,27.85968045
253.8,27.83537449
253.9,27.81620897
254.0,27.8034
254.10000000000002,27.79776404
254.20000000000002,27.79851887
254.3,27.80448262
254.4,27.81447338
254.5,27.82730929
254.60000000000002,27.84180845
254.70000000000002,27.85678899
254.8,27.87106902
254.9,27.88346665
255.0,27.8928
255.10000000000002,27.8981777
255.20000000000002,27.89987046
255.3,27.89843948
255.4,27.89444598
255.5,27.88845117
255.60000000000002,27.88101627
255.70000000000002,27.87270248
255.8,27.86407104
255.9,27.85568314
256.0,27.8481
256.1,27.84179094
256.2,27.83685769
256.3,27.83331007
256.40000000000003,27.83115791
256.5,27.83041104
256.6,27.83107928
256.7,27.83317248
256.8,27.83670044
256.90000000000003,27.841673
257.0,27.8481
257.1,27.85588953
257.2,27.86454278
257.3,27.87345925
257.40000000000003,27.88203839
257.5,27.88967968
257.6,27.8957826
257.7,27.89974662
257.8,27.90097121
257.90000000000003,27.89885584
258.0,27.8928
258.1,27.88247845
258.2,27.86866717
258.3,27.85241744
258.40000000000003,27.83478054
258.5,27.81680774
258.6,27.79955032
258.7,27.78405956
258.8,27.77138673
258.90000000000003,27.76258312
259.0,27.7587
259.1,27.76050437
259.2,27.76762612
259.3,27.77941088
259.40000000000003,27.79520425
259.5,27.81435186
259.6,27.83619932
259.7,27.86009225
259.8,27.88537626
259.90000000000003,27.91139697
260.0,27.9375
260.1,27.96304347
260.2,27.98743553
260.3,28.01009684
260.40000000000003,28.03044804
260.5,28.04790981
260.6,28.06190279
260.7,28.07184765
260.8,28.07716503
260.90000000000003,28.0772756
261.0,28.0716
261.1,28.05983785
261.2,28.04280456
261.3,28.02159448
261.40000000000003,27.99730197
261.5,27.97102139
261.6,27.9438471
261.7,27.91687346
261.8,27.89119482
261.90000000000003,27.86790555
262.0,27.8481
262.1,27.83263822
262.2,27.82144304
262.3,27.81420296
262.40000000000003,27.81060648
262.5,27.81034213
262.6,27.81309841
262.7,27.81856382
262.8,27.82642689
262.90000000000003,27.83637611
263.0,27.8481
263.1,27.86118545
263.2,27.87481288
263.3,27.8880611
263.40000000000003,27.9000089
263.5,27.90973509
263.6,27.91631848
263.7,27.91883786
263.8,27.91637204
263.90000000000003,27.90799982
264.0,27.8928
264.1,27.87035807
264.2,27.84228623
264.3,27.81070335
264.40000000000003,27.77772831
264.5,27.74548
264.6,27.71607728
264.7,27.69163905
264.8,27.67428417
264.90000000000003,27.66613153
265.0,27.6693
265.1,27.68519027
265.2,27.71233021
265.3,27.74852951
265.40000000000003,27.79159785
265.5,27.83934492
265.6,27.88958039
265.7,27.94011395
265.8,27.98875529
265.90000000000003,28.03331408
266.0,28.0716
266.1,28.10186676
266.2,28.12414413
266.3,28.13890591
266.40000000000003,28.14662587
266.5,28.14777782
266.6,28.14283555
266.7,28.13227283
266.8,28.11656348
266.90000000000003,28.09618127
267.0,28.0716
267.1,28.04344249
267.2,28.01292765
267.3,27.98142346
267.40000000000003,27.95029785
267.5,27.92091879
267.6,27.89465422
267.7,27.87287211
267.8,27.8569404
267.90000000000003,27.84822704
268.0,27.8481
268.1,27.8573788
268.2,27.87468925
268.3,27.89810876
268.40000000000003,27.92571472
268.5,27.95558452
268.6,27.98579556
268.7,28.01442523
268.8,28.03955093
268.90000000000003,28.05925006
269.0,28.0716
269.1,28.07520303
269.2,28.07076095
269.3,28.05950041
269.40000000000003,28.04264808
269.5,28.02143064
269.6,27.99707474
269.7,27.97080706
269.8,27.94385427
269.90000000000003,27.91744303
270.0,27.8928
270.1,27.87089707
270.2,27.85168696
270.3,27.83486762
270.40000000000003,27.82013696
270.5,27.80719293
270.6,27.79573347
270.7,27.78545651
270.8,27.77605999
270.90000000000003,27.76724184
271.0,27.7587
271.1,27.75017968
271.2,27.74161519
271.3,27.73298813
271.40000000000003,27.72428008
271.5,27.71547263
271.6,27.70654737
271.7,27.69748589
271.8,27.68826977
271.90000000000003,27.67888061
272.0,27.6693
272.1,27.65957521
272.2,27.65001626
272.3,27.64099886
272.40000000000003,27.63289872
272.5,27.62609154
272.6,27.62095305
272.7,27.61785894
272.8,27.61718492
272.90000000000003,27.6193067
273.0,27.6246
273.1,27.63326459
273.2,27.64479658
273.3,27.65851615
273.40000000000003,27.67374346
273.5,27.6897987
273.6,27.70600204
273.7,27.72167367
273.8,27.73613375
273.90000000000003,27.74870247
274.0,27.7587
274.1,27.76563752
274.2,27.76979021
274.3,27.77162426
274.40000000000003,27.77160585
274.5,27.77020116
274.6,27.76787638
274.7,27.76509769
274.8,27.76233128
274.90000000000003,27.76004332
275.0,27.7587
275.1,27.75862643
275.2,27.75958336
275.3,27.76119051
275.40000000000003,27.76306754
275.5,27.76483415
275.6,27.76611003
275.7,27.76651486
275.8,27.76566835
275.90000000000003,27.76319016
276.0,27.7587
276.1,27.75201208
276.2,27.74371873
276.3,27.73460682
276.40000000000003,27.7254632
276.5,27.71707474
276.6,27.71022831
276.7,27.70571075
276.8,27.70430894
276.90000000000003,27.70680974
277.0,27.714
277.1,27.72634246
277.2,27.74300331
277.3,27.76282463
277.40000000000003,27.78464846
277.5,27.80731688
277.6,27.82967195
277.7,27.85055573
277.8,27.86881029
277.90000000000003,27.88327769
278.0,27.8928
278.1,27.89656138
278.2,27.89511441
278.3,27.88935378
278.40000000000003,27.88017416
278.5,27.86847024
278.6,27.85513671
278.7,27.84106823
278.8,27.8271595
278.90000000000003,27.8143052
279.0,27.8034
279.1,27.79514362
279.2,27.78945583
279.3,27.78606145
279.40000000000003,27.78468529
279.5,27.78505214
279.6,27.78688683
279.7,27.78991415
279.8,27.79385891
279.90000000000003,27.79844593
280.0,27.8034
280.1,27.80852615
280.2,27.81395026
280.3,27.81987841
280.40000000000003,27.82651669
280.5,27.83407119
280.6,27.84274799
280.7,27.85275318
280.8,27.86429286
280.90000000000003,27.8775731
281.0,27.8928
281.1,27.91000907
281.2,27.92855352
281.3,27.94761601
281.40000000000003,27.96637915
281.5,27.98402561
281.6,27.99973802
281.7,28.01269903
281.8,28.02209126
281.90000000000003,28.02709737
282.0,28.0269
282.1,28.02110507
282.2,28.01101164
282.3,27.99834207
282.40000000000003,27.98481869
282.5,27.97216386
282.6,27.96209992
282.7,27.95634922
282.8,27.9566341
282.90000000000003,27.96467691
283.0,27.9822
283.1,28.01034185
283.2,28.0479055
283.3,28.09311012
283.40000000000003,28.14417488
283.5,28.19931895
283.6,28.2567615
283.7,28.31472171
283.8,28.37141875
283.90000000000003,28.42507179
284.0,28.4739
284.1,28.51655962
284.2,28.55345515
284.3,28.58542816
284.40000000000003,28.6133202
284.5,28.63797285
284.6,28.66022768
284.7,28.68092624
284.8,28.7009101
284.90000000000003,28.72102083
285.0,28.7421
285.1,28.76476347
285.2,28.7887243
285.3,28.81346986
285.40000000000003,28.83848752
285.5,28.86326464
285.6,28.88728859
285.7,28.91004674
285.8,28.93102644
285.90000000000003,28.94971508
286.0,28.9656
286.1,28.97841082
286.2,28.98884606
286.3,28.99784651
286.40000000000003,29.00635292
286.5,29.01530608
286.6,29.02564676
286.7,29.03831571
286.8,29.05425372
286.90000000000003,29.07440156
287.0,29.0997
287.1,29.13070417
287.2,29.16642666
287.3,29.20549441
287.40000000000003,29.24653438
287.5,29.28817353
287.6,29.32903879
287.7,29.36775711
287.8,29.40295546
287.90000000000003,29.43326077
288.0,29.4573
288.1,29.47419581
288.2,29.48505372
288.3,29.49147495
288.40000000000003,29.49506074
288.5,29.49741231
288.6,29.5001309
288.7,29.50481774
288.8,29.51307404
288.90000000000003,29.52650106
289.0,29.5467
289.1,29.57474769
289.2,29.60962328
289.3,29.64978149
289.40000000000003,29.69367706
289.5,29.73976472
289.6,29.78649921
289.7,29.83233524
289.8,29.87572757
289.90000000000003,29.91513091
290.0,29.949
290.1,29.97618462
290.2,29.99711477
290.3,30.01261549
290.40000000000003,30.02351182
290.5,30.0306288
290.6,30.03479148
290.7,30.03682489
290.8,30.03755409
290.90000000000003,30.03780411
291.0,30.0384
291.1,30.04009441
291.2,30.04335043
291.3,30.04855875
291.40000000000003,30.05611007
291.5,30.06639508
291.6,30.07980449
291.7,30.09672899
291.8,30.11755928
291.90000000000003,30.14268605
292.0,30.1725
292.1,30.20710754
292.2,30.24547792
292.3,30.28629613
292.40000000000003,30.32824712
292.5,30.37001587
292.6,30.41028735
292.7,30.44774653
292.8,30.48107839
292.90000000000003,30.50896789
293.0,30.5301
293.1,30.54360934
293.2,30.55042908
293.3,30.55194205
293.40000000000003,30.54953107
293.5,30.54457895
293.6,30.53846851
293.7,30.53258258
293.8,30.52830397
293.90000000000003,30.5270155
294.0,30.5301
294.1,30.5385882
294.2,30.55210254
294.3,30.56991336
294.40000000000003,30.59129101
294.5,30.61550585
294.6,30.64182821
294.7,30.66952846
294.8,30.69787694
294.90000000000003,30.72614401
295.0,30.7536
295.1,30.77957995
295.2,30.80367756
295.3,30.82555121
295.40000000000003,30.84485929
295.5,30.86126017
295.6,30.87441224
295.7,30.88397387
295.8,30.88960346
295.90000000000003,30.89095937
296.0,30.8877
296.1,30.87997941
296.2,30.86993443
296.3,30.8601976
296.40000000000003,30.85340144
296.5,30.85217848
296.6,30.85916124
296.7,30.87698224
296.8,30.90827402
296.90000000000003,30.9556691
297.0,31.0218
297.1,31.10805642
297.2,31.2108567
297.3,31.32537637
297.40000000000003,31.44679093
297.5,31.57027591
297.6,31.69100681
297.7,31.80415916
297.8,31.90490846
297.90000000000003,31.98843024
298.0,32.0499
298.1,32.08633162
298.2,32.10209235
298.3,32.10338781
298.40000000000003,32.09642362
298.5,32.08740538
298.6,32.08253871
298.7,32.08802922
298.8,32.11008253
298.90000000000003,32.15490426
299.0,32.2287
299.1,32.33523022
299.2,32.4684747
299.3,32.61996809
299.40000000000003,32.781245
299.5,32.94384008
299.6,33.09928795
299.7,33.23912325
299.8,33.3548806
299.90000000000003,33.43809464
300.0,33.4803
300.1,33.47569902
300.2,33.42916484
300.3,33.34823834
300.40000000000003,33.24046038
300.5,33.11337181
300.6,32.97451349
300.7,32.83142629
300.8,32.69165107
300.90000000000003,32.56272868
301.0,32.4522
301.1,32.36586172
301.2,32.30253392
301.3,32.25929254
301.40000000000003,32.23321349
301.5,32.2213727
301.6,32.22084609
301.7,32.22870959
301.8,32.24203913
301.90000000000003,32.25791062
302.0,32.2734
302.1,32.28609261
302.2,32.29561146
302.3,32.302089
302.40000000000003,32.30565767
302.5,32.30644991
302.6,32.30459815
302.7,32.30023484
302.8,32.29349242
302.90000000000003,32.28450333
303.0,32.2734
303.1,32.26042366
303.2,32.24625064
303.3,32.23166606
303.40000000000003,32.21745503
303.5,32.20440268
303.6,32.19329411
303.7,32.18491444
303.8,32.18004879
303.90000000000003,32.17948227
304.0,32.184
304.1,32.19411306
304.2,32.20923638
304.3,32.22851086
304.40000000000003,32.25107739
304.5,32.27607688
304.6,32.30265022
304.7,32.3299383
304.8,32.35708203
304.90000000000003,32.3832223
305.0,32.4075
305.1,32.4292388
305.2,32.44849344
305.3,32.4655014
305.40000000000003,32.48050019
305.5,32.49372729
305.6,32.50542022
305.7,32.51581645
305.8,32.5251535
305.90000000000003,32.53366885
306.0,32.5416
306.1,32.54904032
306.2,32.55550666
306.3,32.56037173
306.40000000000003,32.56300825
306.5,32.56278894
306.6,32.55908651
306.7,32.55127369
306.8,32.53872318
306.90000000000003,32.52080771
307.0,32.4969
307.1,32.46667711
307.20000000000005,32.43103352
307.3,32.39116808
307.40000000000003,32.34827961
307.5,32.30356695
307.6,32.25822893
307.70000000000005,32.2134644
307.8,32.17047217
307.90000000000003,32.13045109
308.0,32.0946
308.1,32.06380434
308.20000000000005,32.03769604
308.3,32.01559365
308.40000000000003,31.99681571
308.5,31.98068076
308.6,31.96650736
308.70000000000005,31.95361403
308.8,31.94131933
308.90000000000003,31.92894181
309.0,31.9158
309.1,31.90140173
309.20000000000005,31.8860119
309.3,31.87008471
309.40000000000003,31.85407434
309.5,31.83843499
309.6,31.82362084
309.70000000000005,31.81008608
309.8,31.79828489
309.90000000000003,31.78867147
310.0,31.7817
310.1,31.77764916
310.20000000000005,31.77609556
310.3,31.77644031
310.40000000000003,31.77808451
310.5,31.78042926
310.6,31.78287568
310.70000000000005,31.78482486
310.8,31.7856779
310.90000000000003,31.78483591
311.0,31.7817
311.1,31.77587115
311.20000000000005,31.76774987
311.3,31.75793656
311.40000000000003,31.74703162
311.5,31.73563545
311.6,31.72434844
311.70000000000005,31.71377099
311.8,31.70450351
311.90000000000003,31.69714638
312.0,31.6923
312.1,31.69038776
312.20000000000005,31.69112498
312.3,31.69404996
312.40000000000003,31.69870101
312.5,31.70461644
312.6,31.71133456
312.70000000000005,31.71839367
312.8,31.72533207
312.90000000000003,31.73168808
313.0,31.737
313.1,31.74091202
313.20000000000005,31.74349182
313.3,31.744913
313.40000000000003,31.74534913
313.5,31.74497377
313.6,31.74396052
313.70000000000005,31.74248294
313.8,31.74071461
313.90000000000003,31.7388291
314.0,31.737
314.1,31.73546728
314.20000000000005,31.73473653
314.3,31.73537973
314.40000000000003,31.73796888
314.5,31.74307596
314.6,31.75127297
314.70000000000005,31.76313188
314.8,31.7792247
314.90000000000003,31.80012341
315.0,31.8264
315.1,31.85834437
315.20000000000005,31.89511807
315.3,31.93560058
315.40000000000003,31.97867136
315.5,32.02320989
315.6,32.06809562
315.70000000000005,32.11220803
315.8,32.15442658
315.90000000000003,32.19363075
316.0,32.2287
316.1,32.25886055
316.20000000000005,32.28472558
316.3,32.30725504
316.40000000000003,32.32740887
316.5,32.346147
316.6,32.36442937
316.70000000000005,32.38321591
316.8,32.40346658
316.90000000000003,32.42614129
317.0,32.4522
317.1,32.48239174
317.20000000000005,32.516622
317.3,32.55458534
317.40000000000003,32.59597636
317.5,32.64048962
317.6,32.68781972
317.70000000000005,32.73766122
317.8,32.78970872
317.90000000000003,32.84365678
318.0,32.8992
318.1,32.95599337
318.20000000000005,33.01353362
318.3,33.07127788
318.40000000000003,33.1286833
318.5,33.18520701
318.6,33.24030616
318.70000000000005,33.2934379
318.8,33.34405935
318.90000000000003,33.39162767
319.0,33.4356
319.1,33.47571326
319.20000000000005,33.51282352
319.3,33.54806664
319.40000000000003,33.58257846
319.5,33.61749484
319.6,33.65395164
319.70000000000005,33.6930847
319.8,33.73602987
319.90000000000003,33.78392303
320.0,33.8379
320.1,33.89868758
320.20000000000005,33.96537629
320.3,34.03664757
320.40000000000003,34.11118287
320.5,34.18766363
320.6,34.2647713
320.70000000000005,34.34118732
320.8,34.41559315
320.90000000000003,34.48667023
321.0,34.5531
321.1,34.613937
321.20000000000005,34.66972811
321.3,34.72139328
321.40000000000003,34.76985247
321.5,34.81602565
321.6,34.86083278
321.70000000000005,34.90519382
321.8,34.95002873
321.90000000000003,34.99625747
322.0,35.0448
322.1,35.09616351
322.20000000000005,35.14920408
322.3,35.20236503
322.40000000000003,35.25408965
322.5,35.30282126
322.6,35.34700318
322.70000000000005,35.3850787
322.8,35.41549114
322.90000000000003,35.4366838
323.0,35.4471
323.1,35.44552236
323.20000000000005,35.43209077
323.3,35.40728442
323.40000000000003,35.37158253
323.5,35.32546429
323.6,35.26940891
323.70000000000005,35.20389559
323.8,35.12940353
323.90000000000003,35.04641193
324.0,34.9554
324.1,34.85710935
324.20000000000005,34.75333125
324.3,34.64611939
324.40000000000003,34.53752743
324.5,34.42960907
324.6,34.32441798
324.70000000000005,34.22400785
324.8,34.13043236
324.90000000000003,34.04574518
325.0,33.972
325.1,33.91075553
325.20000000000005,33.86159062
325.3,33.82358913
325.40000000000003,33.79583494
325.5,33.77741192
325.6,33.76740395
325.70000000000005,33.7648949
325.8,33.76896864
325.90000000000003,33.77870905
326.0,33.7932
326.1,33.81167832
326.20000000000005,33.83399268
326.3,33.8601447
326.40000000000003,33.89013601
326.5,33.92396823
326.6,33.961643
326.70000000000005,34.00316194
326.8,34.04852666
326.90000000000003,34.09773881
327.0,34.1508
327.1,34.20750559
327.20000000000005,34.26682588
327.3,34.32752488
327.40000000000003,34.38836663
327.5,34.44811514
327.6,34.50553444
327.70000000000005,34.55938855
327.8,34.6084415
327.90000000000003,34.65145731
328.0,34.6872
328.1,34.71492691
328.20000000000005,34.73586861
328.3,34.75174897
328.40000000000003,34.76429188
328.5,34.77522121
328.6,34.78626084
328.70000000000005,34.79913466
328.8,34.81556654
328.90000000000003,34.83728036
329.0,34.866
329.1,34.90288927
329.20000000000005,34.94687169
329.3,34.99631074
329.40000000000003,35.04956986
329.5,35.10501252
329.6,35.16100218
329.70000000000005,35.2159023
329.8,35.26807634
329.90000000000003,35.31588775
330.0,35.3577
330.1,35.39232722
330.20000000000005,35.42038622
330.3,35.44294448
330.40000000000003,35.46106948
330.5,35.4758287
330.6,35.48828963
330.70000000000005,35.49951974
330.8,35.51058652
330.90000000000003,35.52255744
331.0,35.5365
331.1,35.55317775
331.20000000000005,35.57213863
331.3,35.59262665
331.40000000000003,35.61388583
331.5,35.63516018
331.6,35.65569371
331.70000000000005,35.67473044
331.8,35.69151439
331.90000000000003,35.70528957
332.0,35.7153
332.1,35.72106296
332.20000000000005,35.72318884
332.3,35.7225613
332.40000000000003,35.720064
332.5,35.71658059
332.6,35.71299473
332.70000000000005,35.71019009
332.8,35.70905031
332.90000000000003,35.71045906
333.0,35.7153
333.1,35.724204
333.20000000000005,35.73679079
333.3,35.75242733
333.40000000000003,35.77048057
333.5,35.79031746
333.6,35.81130496
333.70000000000005,35.83281001
333.8,35.85419956
333.90000000000003,35.87484058
334.0,35.8941
334.1,35.91136745
334.20000000000005,35.9261232
334.3,35.93787018
334.40000000000003,35.94611132
334.5,35.95034956
334.6,35.95008784
334.70000000000005,35.94482909
334.8,35.93407624
334.90000000000003,35.91733224
335.0,35.8941
335.1,35.8642234
335.20000000000005,35.82891002
335.3,35.78970837
335.40000000000003,35.74816695
335.5,35.70583428
335.6,35.66425887
335.70000000000005,35.62498923
335.8,35.58957386
335.90000000000003,35.55956128
336.0,35.5365
336.1,35.52144614
336.20000000000005,35.51348632
336.3,35.51121475
336.40000000000003,35.51322567
336.5,35.5181133
336.6,35.52447187
336.70000000000005,35.53089559
336.8,35.53597871
336.90000000000003,35.53831543
337.0,35.5365
337.1,35.52950362
337.20000000000005,35.5178055
337.3,35.50226181
337.40000000000003,35.48372875
337.5,35.46306251
337.6,35.44111926
337.70000000000005,35.4187552
337.8,35.39682651
337.90000000000003,35.37618938
338.0,35.3577
338.1,35.34191416
338.20000000000005,35.32818608
338.3,35.31556959
338.40000000000003,35.30311851
338.5,35.28988667
338.6,35.2749279
338.70000000000005,35.25729602
338.8,35.23604486
338.90000000000003,35.21022824
339.0,35.1789
339.1,35.14144683
339.20000000000005,35.09858697
339.3,35.05137153
339.40000000000003,35.0008516
339.5,34.9480783
339.6,34.89410274
339.70000000000005,34.83997602
339.8,34.78674925
339.90000000000003,34.73547354
340.0,34.6872
340.1,34.6425744
340.20000000000005,34.60062122
340.3,34.5599596
340.40000000000003,34.51920869
340.5,34.47698762
340.6,34.43191554
340.70000000000005,34.38261159
340.8,34.32769493
340.90000000000003,34.26578468
341.0,34.1955
341.1,34.11594386
341.20000000000005,34.02815454
341.3,33.93365416
341.40000000000003,33.83396485
341.5,33.73060873
341.6,33.6251079
341.70000000000005,33.5189845
341.8,33.41376064
341.90000000000003,33.31095843
342.0,33.2121
342.1,33.11838438
342.20000000000005,33.02971823
342.3,32.94568514
342.40000000000003,32.86586869
342.5,32.78985247
342.6,32.71722004
342.70000000000005,32.647555
342.8,32.58044093
342.90000000000003,32.5154614
343.0,32.4522
343.1,32.39006544
343.20000000000005,32.32776694
343.3,32.26383886
343.40000000000003,32.19681557
343.5,32.1252314
343.6,32.04762072
343.70000000000005,31.96251788
343.8,31.86845725
343.90000000000003,31.76397317
344.0,31.6476
344.1,31.51858177
344.20000000000005,31.37900121
344.3,31.2316507
344.40000000000003,31.07932264
344.5,30.92480944
344.6,30.77090348
344.70000000000005,30.62039716
344.8,30.47608288
344.90000000000003,30.34075302
345.0,30.2172
345.1,30.10765328
345.20000000000005,30.01209064
345.3,29.92992694
345.40000000000003,29.86057706
345.5,29.80345585
345.6,29.75797816
345.70000000000005,29.72355888
345.8,29.69961285
345.90000000000003,29.68555493
346.0,29.6808
346.1,29.68456162
346.20000000000005,29.69524825
346.3,29.71106703
346.40000000000003,29.73022512
346.5,29.75092968
346.6,29.77138786
346.70000000000005,29.78980683
346.8,29.80439374
346.90000000000003,29.81335574
347.0,29.8149
347.1,29.80775243
347.20000000000005,29.79271397
347.3,29.77110435
347.40000000000003,29.74424327
347.5,29.71345044
347.6,29.68004558
347.70000000000005,29.64534839
347.8,29.6106786
347.90000000000003,29.57735589
348.0,29.5467
348.1,29.51981077
348.20000000000005,29.49690867
348.3,29.47799428
348.40000000000003,29.46306821
348.5,29.45213105
348.6,29.44518341
348.70000000000005,29.44222589
348.8,29.44325908
348.90000000000003,29.44828358
349.0,29.4573
349.1,29.47013318
349.20000000000005,29.48590496
349.3,29.50356144
349.40000000000003,29.5220487
349.5,29.54031285
349.6,29.55729996
349.70000000000005,29.57195615
349.8,29.58322749
349.90000000000003,29.59006007
350.0,29.5914
350.1,29.58666922
350.20000000000005,29.5771931
350.3,29.56477288
350.40000000000003,29.55120979
350.5,29.53830506
350.6,29.52785993
350.70000000000005,29.52167562
350.8,29.52155338
350.90000000000003,29.52929443
351.0,29.5467
351.1,29.57491645
351.20000000000005,29.61247064
351.3,29.65723455
351.40000000000003,29.70708014
351.5,29.75987941
351.6,29.81350432
351.70000000000005,29.86582686
351.8,29.914719
351.90000000000003,29.95805272
352.0,29.9937
352.1,30.02020136
352.20000000000005,30.03877152
352.3,30.05129373
352.40000000000003,30.05965124
352.5,30.06572731
352.6,30.07140519
352.70000000000005,30.07856815
352.8,30.08909943
352.90000000000003,30.1048823
353.0,30.1278
353.1,30.15910219
353.20000000000005,30.19750407
353.3,30.24108724
353.40000000000003,30.2879333
353.5,30.33612386
353.6,30.38374051
353.70000000000005,30.42886485
353.8,30.46957847
353.90000000000003,30.50396299
354.0,30.5301
354.1,30.54668539
354.20000000000005,30.55487221
354.3,30.55642781
354.40000000000003,30.55311955
354.5,30.54671475
354.6,30.53898078
354.70000000000005,30.53168497
354.8,30.52659467
354.90000000000003,30.52547723
355.0,30.5301
355.1,30.54165836
355.20000000000005,30.55905989
355.3,30.5806402
355.40000000000003,30.60473491
355.5,30.62967964
355.6,30.65380999
355.70000000000005,30.67546159
355.8,30.69297004
355.90000000000003,30.70467098
356.0,30.7089
356.1,30.70450406
356.20000000000005,30.69237542
356.3,30.67391767
356.40000000000003,30.6505344
356.5,30.6236292
356.6,30.59460566
356.70000000000005,30.56486739
356.8,30.53581796
356.90000000000003,30.50886096
357.0,30.4854
357.1,30.4665275
357.20000000000005,30.45209123
357.3,30.44162783
357.40000000000003,30.4346739
357.5,30.43076607
357.6,30.42944095
357.70000000000005,30.43023517
357.8,30.43268534
357.90000000000003,30.43632807
358.0,30.4407
358.1,30.44531115
358.20000000000005,30.44956525
358.3,30.45283942
358.40000000000003,30.4545108
358.5,30.45395653
358.6,30.45055373
358.70000000000005,30.44367954
358.8,30.4327111
358.90000000000003,30.41702554
359.0,30.396
359.1,30.36925029
359.20000000000005,30.33734697
359.3,30.30109929
359.40000000000003,30.2613165
359.5,30.21880783
359.6,30.17438254
359.70000000000005,30.12884986
359.8,30.08301905
359.90000000000003,30.03769935
360.0,29.9937
360.1,29.95170669
360.20000000000005,29.91191087
360.3,29.87438041
360.40000000000003,29.83918321
360.5,29.80638716
360.6,29.77606013
360.70000000000005,29.74827001
360.8,29.72308469
360.90000000000003,29.70057206
361.0,29.6808
361.1,29.66373435
361.20000000000005,29.64893277
361.3,29.63585086
361.40000000000003,29.62394425
361.5,29.61266855
361.6,29.60147936
361.70000000000005,29.58983229
361.8,29.57718297
361.90000000000003,29.562987
362.0,29.5467
362.1,29.52799641
362.20000000000005,29.50742607
362.3,29.48575764
362.40000000000003,29.46375978
362.5,29.44220116
362.6,29.42185045
362.70000000000005,29.40347631
362.8,29.38784741
362.90000000000003,29.37573242
363.0,29.3679
363.1,29.36492659
363.20000000000005,29.36661975
363.3,29.37259479
363.40000000000003,29.38246704
363.5,29.39585182
363.6,29.41236445
363.70000000000005,29.43162027
363.8,29.45323458
363.90000000000003,29.47682272
364.0,29.502
364.1,29.52830601
364.20000000000005,29.55497733
364.3,29.5811748
364.40000000000003,29.60605926
364.5,29.62879156
364.6,29.64853254
364.70000000000005,29.66444303
364.8,29.67568387
364.90000000000003,29.68141592
365.0,29.6808
365.1,29.67335807
365.20000000000005,29.66005654
365.3,29.64222291
365.40000000000003,29.6211847
365.5,29.59826943
365.6,29.5748046
365.70000000000005,29.55211773
365.8,29.53153633
365.90000000000003,29.51438791
366.0,29.502
366.1,29.4954042
366.20000000000005,29.49444851
366.3,29.49868505
366.40000000000003,29.50766592
366.5,29.52094322
366.6,29.53806907
366.70000000000005,29.55859557
366.8,29.58207481
366.90000000000003,29.60805892
367.0,29.6361
367.1,29.66576804
367.20000000000005,29.69670462
367.3,29.72856919
367.40000000000003,29.76102122
367.5,29.79372018
367.6,29.82632552
367.70000000000005,29.85849671
367.8,29.88989321
367.90000000000003,29.92017449
368.0,29.949
368.1,29.97611944
368.20000000000005,30.00164343
368.3,30.02577279
368.40000000000003,30.04870839
368.5,30.07065106
368.6,30.09180165
368.70000000000005,30.11236099
368.8,30.13252993
368.90000000000003,30.15250932
369.0,30.1725
369.1,30.19263689
369.20000000000005,30.21279128
369.3,30.23276853
369.40000000000003,30.25237401
369.5,30.27141307
369.6,30.28969109
369.70000000000005,30.30701343
369.8,30.32318545
369.90000000000003,30.33801252
370.0,30.3513
370.1,30.36293728
370.20000000000005,30.37314984
370.3,30.38224717
370.40000000000003,30.39053878
370.5,30.39833415
370.6,30.40594279
370.70000000000005,30.4136742
370.8,30.42183787
370.90000000000003,30.43074331
371.0,30.4407
371.1,30.45197078
371.20000000000005,30.46463175
371.3,30.47871238
371.40000000000003,30.49424209
371.5,30.51125033
371.6,30.52976654
371.70000000000005,30.54982017
371.8,30.57144066
371.90000000000003,30.59465746
372.0,30.6195
372.1,30.64583221
372.20000000000005,30.67285594
372.3,30.69960752
372.40000000000003,30.72512328
372.5,30.74843955
372.6,30.76859265
372.70000000000005,30.78461891
372.8,30.79555467
372.90000000000003,30.80043626
373.0,30.7983
373.1,30.78866747
373.20000000000005,30.77300127
373.3,30.75324923
373.40000000000003,30.73135919
373.5,30.70927899
373.6,30.68895647
373.70000000000005,30.67233948
373.8,30.66137584
373.90000000000003,30.6580134
374.0,30.6642
374.1,30.68122549
374.20000000000005,30.70774777
374.3,30.74176676
374.40000000000003,30.78128236
374.5,30.82429449
374.6,30.86880306
374.70000000000005,30.91280798
374.8,30.95430917
374.90000000000003,30.99130654
375.0,31.0218
375.1,31.04428226
375.20000000000005,31.05921724
375.3,31.06756164
375.40000000000003,31.07027218
375.5,31.06830556
375.6,31.0626185
375.70000000000005,31.0541677
375.8,31.04390988
375.90000000000003,31.03280174
376.0,31.0218
376.1,31.01175506
376.20000000000005,31.00309207
376.3,30.99612988
376.40000000000003,30.99118733
376.5,30.98858328
376.6,30.98863656
376.70000000000005,30.99166603
376.8,30.99799053
376.90000000000003,31.0079289
377.0,31.0218
377.1,31.03976571
377.20000000000005,31.06136009
377.3,31.08596025
377.40000000000003,31.1129433
377.5,31.14168633
377.6,31.17156646
377.70000000000005,31.20196079
377.8,31.23224641
377.90000000000003,31.26180045
378.0,31.29
378.1,31.31633051
378.20000000000005,31.34071076
378.3,31.36316791
378.40000000000003,31.38372907
378.5,31.40242139
378.6,31.419272
378.70000000000005,31.43430803
378.8,31.44755662
378.90000000000003,31.4590449
379.0,31.4688
379.1,31.47693027
379.20000000000005,31.48386885
379.3,31.49013012
379.40000000000003,31.49622841
379.5,31.5026781
379.6,31.50999355
379.70000000000005,31.5186891
379.8,31.52927912
379.90000000000003,31.54227797
380.0,31.5582
380.1,31.57726052
380.20000000000005,31.59847862
380.3,31.62057433
380.40000000000003,31.64226767
380.5,31.66227869
380.6,31.67932741
380.70000000000005,31.69213387
380.8,31.6994181
380.90000000000003,31.69990014
381.0,31.6923
381.1,31.67587164
381.20000000000005,31.65200467
381.3,31.62262258
381.40000000000003,31.5896489
381.5,31.55500713
381.6,31.5206208
381.70000000000005,31.4884134
381.8,31.46030846
381.90000000000003,31.43822949
382.0,31.4241
382.1,31.4192585
382.20000000000005,31.42270351
382.3,31.43284855
382.40000000000003,31.44810714
382.5,31.46689278
382.6,31.487619
382.70000000000005,31.50869932
382.8,31.52854724
382.90000000000003,31.5455763
383.0,31.5582
383.1,31.56516285
383.20000000000005,31.56653328
383.3,31.56271071
383.40000000000003,31.55409456
383.5,31.54108425
383.6,31.5240792
383.70000000000005,31.50347883
383.8,31.47968256
383.90000000000003,31.45308981
384.0,31.4241
384.1,31.39317821
384.20000000000005,31.36105218
384.3,31.32851532
384.40000000000003,31.29636103
384.5,31.26538272
384.6,31.23637379
384.70000000000005,31.21012765
384.8,31.1874377
384.90000000000003,31.16909735
385.0,31.1559
385.1,31.14840302
385.20000000000005,31.1462196
385.3,31.14872692
385.40000000000003,31.15530212
385.5,31.16532238
385.6,31.17816484
385.70000000000005,31.19320667
385.8,31.20982504
385.90000000000003,31.22739709
386.0,31.2453
386.1,31.26294012
386.20000000000005,31.2798406
386.3,31.29555381
386.40000000000003,31.30963208
386.5,31.32162778
386.6,31.33109326
386.70000000000005,31.33758086
386.8,31.34064295
386.90000000000003,31.33983188
387.0,31.3347
387.1,31.32496361
387.20000000000005,31.31099478
387.3,31.29332956
387.40000000000003,31.27250396
387.5,31.24905401
387.6,31.22351574
387.70000000000005,31.19642517
387.8,31.16831835
387.90000000000003,31.13973128
388.0,31.1112
388.1,31.08329076
388.20000000000005,31.05669066
388.3,31.03211707
388.40000000000003,31.0102873
388.5,30.99191869
388.6,30.97772859
388.70000000000005,30.96843434
388.8,30.96475326
388.90000000000003,30.9674027
389.0,30.9771
389.1,30.99418827
389.20000000000005,31.01751376
389.3,31.04554848
389.40000000000003,31.07676446
389.5,31.10963372
389.6,31.14262829
389.70000000000005,31.17422018
389.8,31.20288141
389.90000000000003,31.22708401
390.0,31.2453
390.1,31.25639526
390.20000000000005,31.26081111
390.3,31.25938271
390.40000000000003,31.25294526
390.5,31.24233391
390.6,31.22838386
390.70000000000005,31.21193026
390.8,31.1938083
390.90000000000003,31.17485316
391.0,31.1559
391.1,31.13770029
391.20000000000005,31.12067062
391.3,31.10514387
391.40000000000003,31.09145291
391.5,31.07993063
391.6,31.07090989
391.70000000000005,31.06472358
391.8,31.06170458
391.90000000000003,31.06218576
392.0,31.0665
392.1,31.07483178
392.20000000000005,31.08677202
392.3,31.10176322
392.40000000000003,31.1192479
392.5,31.13866858
392.6,31.15946778
392.70000000000005,31.181088
392.8,31.20297177
392.90000000000003,31.2245616
393.0,31.2453
393.1,31.26472568
393.20000000000005,31.28276212
393.3,31.29942896
393.40000000000003,31.31474588
393.5,31.32873254
393.6,31.34140859
393.70000000000005,31.3527937
393.8,31.36290753
393.90000000000003,31.37176975
394.0,31.3794
394.1,31.38580509
394.20000000000005,31.39094032
394.3,31.39474813
394.40000000000003,31.39717097
394.5,31.39815126
394.6,31.39763145
394.70000000000005,31.39555399
394.8,31.39186129
394.90000000000003,31.38649582
395.0,31.3794
395.1,31.37069507
395.20000000000005,31.36121741
395.3,31.35198221
395.40000000000003,31.34400465
395.5,31.33829992
395.6,31.33588319
395.70000000000005,31.33776965
395.8,31.34497449
395.90000000000003,31.35851288
396.0,31.3794
396.1,31.40817225
396.20000000000005,31.44345085
396.3,31.48337824
396.40000000000003,31.52609683
396.5,31.56974907
396.6,31.61247738
396.70000000000005,31.6524242
396.8,31.68773196
396.90000000000003,31.71654308
397.0,31.737
397.1,31.74781933
397.20000000000005,31.75001438
397.3,31.74517265
397.40000000000003,31.73488162
397.5,31.7207288
397.6,31.70430168
397.70000000000005,31.68718774
397.8,31.67097449
397.90000000000003,31.65724941
398.0,31.6476
398.1,31.64318154
398.20000000000005,31.64342043
398.3,31.64731088
398.40000000000003,31.65384708
398.5,31.66202322
398.6,31.67083351
398.70000000000005,31.67927213
398.8,31.68633329
398.90000000000003,31.69101118
399.0,31.6923
399.1,31.68949933
399.20000000000005,31.6831303
399.3,31.67401944
399.40000000000003,31.66299328
399.5,31.65087832
399.6,31.6385011
399.70000000000005,31.62668813
399.8,31.61626595
399.90000000000003,31.60806106
400.0,31.6029
400.1,31.60140105
400.20000000000005,31.60334956
400.3,31.60832264
400.40000000000003,31.61589742
400.5,31.625651
400.6,31.6371605
400.70000000000005,31.65000304
400.8,31.66375572
400.90000000000003,31.67799567
401.0,31.6923
401.1,31.70632637
401.20000000000005,31.72005466
401.3,31.73354528
401.40000000000003,31.74685864
401.5,31.76005518
401.6,31.77319529
401.70000000000005,31.78633942
401.8,31.79954797
401.90000000000003,31.81288135
402.0,31.8264
402.1,31.84005036
402.20000000000005,31.853323
402.3,31.86559455
402.40000000000003,31.87624161
402.5,31.8846408
402.6,31.89016872
402.70000000000005,31.89220199
402.8,31.89011722
402.90000000000003,31.88329102
403.0,31.8711
403.1,31.8532514
403.20000000000005,31.83077492
403.3,31.80503092
403.40000000000003,31.77737971
403.5,31.74918163
403.6,31.72179703
403.70000000000005,31.69658623
403.8,31.67490956
403.90000000000003,31.65812738
404.0,31.6476
404.1,31.64432855
404.20000000000005,31.6478773
404.3,31.65745129
404.40000000000003,31.67225556
404.5,31.69149518
404.6,31.71437518
404.70000000000005,31.74010061
404.8,31.76787653
404.90000000000003,31.79690797
405.0,31.8264
405.1,31.85563579
405.20000000000005,31.88421108
405.3,31.91179974
405.40000000000003,31.93807565
405.5,31.96271267
405.6,31.98538467
405.70000000000005,32.00576554
405.8,32.02352913
405.90000000000003,32.03834933
406.0,32.0499
406.1,32.05808048
406.20000000000005,32.06369197
406.3,32.06776114
406.40000000000003,32.07131465
406.5,32.07537916
406.6,32.08098133
406.70000000000005,32.08914784
406.8,32.10090535
406.90000000000003,32.11728051
407.0,32.1393
407.1,32.16754688
407.20000000000005,32.20082982
407.3,32.23751389
407.40000000000003,32.27596416
407.5,32.31454571
407.6,32.3516236
407.70000000000005,32.3855629
407.8,32.41472869
407.90000000000003,32.43748603
408.0,32.4522
408.1,32.4577565
408.20000000000005,32.45512474
408.3,32.44579479
408.40000000000003,32.4312567
408.5,32.41300051
408.6,32.39251628
408.70000000000005,32.37129406
408.8,32.35082391
408.90000000000003,32.33259587
409.0,32.3181
409.1,32.30843823
409.20000000000005,32.30316
409.3,32.30142663
409.40000000000003,32.30239944
409.5,32.30523976
409.6,32.30910889
409.70000000000005,32.31316816
409.8,32.31657889
409.90000000000003,32.31850239
410.0,32.3181
410.1,32.31476008
410.20000000000005,32.30877925
410.3,32.30068118
410.40000000000003,32.29098953
410.5,32.28022797
410.6,32.26892018
410.70000000000005,32.25758981
410.8,32.24676055
410.90000000000003,32.23695606
411.0,32.2287
411.1,32.22235354
411.20000000000005,32.21762779
411.3,32.21407136
411.40000000000003,32.21123285
411.5,32.20866086
411.6,32.20590401
411.70000000000005,32.20251089
411.8,32.19803011
411.90000000000003,32.19201028
412.0,32.184
412.1,32.17379206
412.20000000000005,32.16215598
412.3,32.15010548
412.40000000000003,32.13865428
412.5,32.12881607
412.6,32.12160458
412.70000000000005,32.11803352
412.8,32.11911659
412.90000000000003,32.12586751
413.0,32.1393
413.1,32.16001583
413.20000000000005,32.18696908
413.3,32.2187019
413.40000000000003,32.25375644
413.5,32.29067485
413.6,32.32799926
413.70000000000005,32.36427184
413.8,32.39803472
413.90000000000003,32.42783006
414.0,32.4522
414.1,32.47015152
414.20000000000005,32.48255088
414.3,32.4907292
414.40000000000003,32.49601755
414.5,32.49974704
414.6,32.50324877
414.70000000000005,32.50785384
414.8,32.51489333
414.90000000000003,32.52569835
415.0,32.5416
415.1,32.563376
415.20000000000005,32.58959058
415.3,32.61825461
415.40000000000003,32.64737895
415.5,32.67497448
415.6,32.69905204
415.70000000000005,32.71762251
415.8,32.72869675
415.90000000000003,32.73028563
416.0,32.7204
416.1,32.6977266
416.20000000000005,32.66365561
416.3,32.62025307
416.40000000000003,32.56958504
416.5,32.51371755
416.6,32.45471667
416.70000000000005,32.39464842
416.8,32.33557886
416.90000000000003,32.27957404
417.0,32.2287
417.1,32.18452661
417.20000000000005,32.14663899
417.3,32.1141261
417.40000000000003,32.08607689
417.5,32.06158031
417.6,32.0397253
417.70000000000005,32.01960081
417.8,32.0002958
417.90000000000003,31.98089922
418.0,31.9605
418.1,31.93837847
418.20000000000005,31.91458043
418.3,31.88934301
418.40000000000003,31.86290339
418.5,31.83549871
418.6,31.80736614
418.70000000000005,31.77874283
418.8,31.74986593
418.90000000000003,31.7209726
419.0,31.6923
419.1,31.6640842
419.20000000000005,31.6365569
419.3,31.60994875
419.40000000000003,31.58449035
419.5,31.56041234
419.6,31.53794534
419.70000000000005,31.51731998
419.8,31.49876689
419.90000000000003,31.48251669
420.0,31.4688
420.1,31.45783924
420.20000000000005,31.44982396
420.3,31.44493551
420.40000000000003,31.44335522
420.5,31.44526443
420.6,31.45084449
420.70000000000005,31.46027674
420.8,31.47374251
420.90000000000003,31.49142315
421.0,31.5135
421.1,31.53983074
421.20000000000005,31.56897845
421.3,31.59918253
421.40000000000003,31.62868239
421.5,31.65571744
421.6,31.6785271
421.70000000000005,31.69535077
421.8,31.70442787
421.90000000000003,31.70399781
422.0,31.6923
422.1,31.66838498
422.20000000000005,31.63454784
422.3,31.59389478
422.40000000000003,31.54953203
422.5,31.5045658
422.6,31.46210231
422.70000000000005,31.42524777
422.8,31.39710839
422.90000000000003,31.3807904
423.0,31.3794
423.1,31.39491053
423.20000000000005,31.42476381
423.3,31.46526875
423.40000000000003,31.51273428
423.5,31.56346935
423.6,31.61378286
423.70000000000005,31.65998375
423.8,31.69838096
423.90000000000003,31.7252834
424.0,31.737
424.1,31.73101219
424.20000000000005,31.70949134
424.3,31.67578133
424.40000000000003,31.63322603
424.5,31.58516932
424.6,31.53495505
424.70000000000005,31.48592712
424.8,31.44142938
424.90000000000003,31.40480572
425.0,31.3794
425.1,31.36750222
425.20000000000005,31.36718683
425.3,31.37547442
425.40000000000003,31.38938558
425.5,31.40594089
425.6,31.42216092
425.70000000000005,31.43506627
425.8,31.44167751
425.90000000000003,31.43901523
426.0,31.4241
426.1,31.39489455
426.20000000000005,31.35313014
426.3,31.30148017
426.40000000000003,31.24261803
426.5,31.17921712
426.6,31.11395085
426.70000000000005,31.0494926
426.8,30.98851578
426.90000000000003,30.93369378
427.0,30.8877
427.1,30.85245998
427.20000000000005,30.8269078
427.3,30.8092297
427.40000000000003,30.79761189
427.5,30.79024061
427.6,30.78530208
427.70000000000005,30.78098253
427.8,30.77546818
427.90000000000003,30.76694526
428.0,30.7536
428.1,30.73414813
428.20000000000005,30.70942345
428.3,30.68078924
428.40000000000003,30.6496088
428.5,30.61724543
428.6,30.58506243
428.70000000000005,30.55442308
428.8,30.5266907
428.90000000000003,30.50322858
429.0,30.4854
429.1,30.47418149
429.20000000000005,30.46900241
429.3,30.46890536
429.40000000000003,30.47293292
429.5,30.48012767
429.6,30.48953222
429.70000000000005,30.50018913
429.8,30.51114101
429.90000000000003,30.52143044
430.0,30.5301
430.1,30.53636062
430.20000000000005,30.54009651
430.3,30.54136023
430.40000000000003,30.54020434
430.5,30.53668138
430.6,30.53084391
430.70000000000005,30.52274449
430.8,30.51243566
430.90000000000003,30.49996998
431.0,30.4854
431.1,30.46880465
431.20000000000005,30.45036836
431.3,30.43030192
431.40000000000003,30.40881613
431.5,30.3861218
431.6,30.36242973
431.70000000000005,30.33795071
431.8,30.31289555
431.90000000000003,30.28747505
432.0,30.2619
432.1,30.23642028
432.20000000000005,30.21144207
432.3,30.18741061
432.40000000000003,30.16477114
432.5,30.14396891
432.6,30.12544917
432.70000000000005,30.10965716
432.8,30.09703813
432.90000000000003,30.08803733
433.0,30.0831
433.1,30.08248871
433.20000000000005,30.08573536
433.3,30.09218916
433.40000000000003,30.10119932
433.5,30.11211506
433.6,30.12428559
433.70000000000005,30.13706014
433.8,30.14978791
433.90000000000003,30.16181813
434.0,30.1725
434.1,30.18133796
434.20000000000005,30.18845728
434.3,30.19413846
434.40000000000003,30.19866199
434.5,30.20230836
434.6,30.20535806
434.70000000000005,30.20809158
434.8,30.21078942
434.90000000000003,30.21373206
435.0,30.2172
435.1,30.22134845
435.20000000000005,30.22583151
435.3,30.230178
435.40000000000003,30.23391673
435.5,30.23657651
435.6,30.23768618
435.70000000000005,30.23677455
435.8,30.23337043
435.90000000000003,30.22700264
436.0,30.2172
436.1,30.20370313
436.20000000000005,30.18709987
436.3,30.16818985
436.40000000000003,30.14777271
436.5,30.12664809
436.6,30.10561561
436.70000000000005,30.08547493
436.8,30.06702568
436.90000000000003,30.05106749
437.0,30.0384
437.1,30.02950322
437.20000000000005,30.0235786
437.3,30.019508
437.40000000000003,30.01617323
437.5,30.01245614
437.6,30.00723856
437.70000000000005,29.99940232
437.8,29.98782926
437.90000000000003,29.97140121
438.0,29.949
438.1,29.9199931
438.20000000000005,29.88569051
438.3,29.84788785
438.40000000000003,29.80838075
438.5,29.76896484
438.6,29.73143574
438.70000000000005,29.69758908
438.8,29.66922048
438.90000000000003,29.64812558
439.0,29.6361
439.1,29.63429987
439.20000000000005,29.64132335
439.3,29.65512909
439.40000000000003,29.67367576
439.5,29.694922
439.6,29.71682649
439.70000000000005,29.73734787
439.8,29.75444481
439.90000000000003,29.76607597
440.0,29.7702
440.1,29.76541751
440.20000000000005,29.75289689
440.3,29.73444848
440.40000000000003,29.71188262
440.5,29.68700965
440.6,29.66163991
440.70000000000005,29.63758373
440.8,29.61665146
440.90000000000003,29.60065344
441.0,29.5914
441.1,29.59011419
441.20000000000005,29.59566989
441.3,29.60635369
441.40000000000003,29.62045216
441.5,29.6362519
441.6,29.65203948
441.70000000000005,29.6661015
441.8,29.67672454
441.90000000000003,29.68219518
442.0,29.6808
442.1,29.67137062
442.20000000000005,29.65491873
442.3,29.63300106
442.40000000000003,29.60717433
442.5,29.57899525
442.6,29.55002055
442.70000000000005,29.52180696
442.8,29.49591119
442.90000000000003,29.47388996
443.0,29.4573
443.1,29.44731213
443.20000000000005,29.44355357
443.3,29.44526566
443.40000000000003,29.45168973
443.5,29.4620671
443.6,29.4756391
443.70000000000005,29.49164706
443.8,29.50933231
443.90000000000003,29.52793618
444.0,29.5467
444.1,29.56456737
444.20000000000005,29.57929097
444.3,29.58832578
444.40000000000003,29.58912676
444.5,29.57914886
444.6,29.55584706
444.70000000000005,29.5166763
444.8,29.45909157
444.90000000000003,29.38054781
445.0,29.2785
445.1,29.1518011
445.20000000000005,29.00489613
445.3,28.8436281
445.40000000000003,28.67384003
445.5,28.50137495
445.6,28.33207588
445.70000000000005,28.17178582
445.8,28.02634781
445.90000000000003,27.90160487
446.0,27.8034
446.1,27.73581323
446.20000000000005,27.69587251
446.3,27.67884282
446.40000000000003,27.6799891
446.5,27.69457632
446.6,27.71786944
446.70000000000005,27.7451334
446.8,27.77163318
446.90000000000003,27.79263373
447.0,27.8034
447.1,27.80033629
447.20000000000005,27.78440422
447.3,27.75770472
447.40000000000003,27.72233875
447.5,27.68040726
447.6,27.63401118
447.70000000000005,27.58525147
447.8,27.53622907
447.90000000000003,27.48904493
448.0,27.4458
448.1,27.4082147
448.20000000000005,27.37648741
448.3,27.35043599
448.40000000000003,27.32987828
448.5,27.31463214
448.6,27.30451544
448.70000000000005,27.29934601
448.8,27.29894173
448.90000000000003,27.30312044
449.0,27.3117
449.1,27.32434459
449.20000000000005,27.34010373
449.3,27.35787323
449.40000000000003,27.37654893
449.5,27.39502667
449.6,27.41220227
449.70000000000005,27.42697157
449.8,27.43823041
449.90000000000003,27.44487461
450.0,27.4458
450.1,27.44031652
450.20000000000005,27.42939048
450.3,27.41440231
450.40000000000003,27.3967324
450.5,27.37776119
450.6,27.35886908
450.70000000000005,27.34143649
450.8,27.32684384
450.90000000000003,27.31647154
451.0,27.3117
451.1,27.31347973
451.20000000000005,27.32104154
451.3,27.33318635
451.40000000000003,27.34871506
451.5,27.36642858
451.6,27.38512781
451.70000000000005,27.40361366
451.8,27.42068704
451.90000000000003,27.43514885
452.0,27.4458
452.1,27.45180827
452.20000000000005,27.45380895
452.3,27.4528042
452.40000000000003,27.44979616
452.5,27.44578701
452.6,27.44177889
452.70000000000005,27.43877398
452.8,27.43777442
452.90000000000003,27.43978237
453.0,27.4458
453.1,27.45650708
453.20000000000005,27.47129385
453.3,27.48922817
453.40000000000003,27.50937789
453.5,27.53081089
453.6,27.55259502
453.70000000000005,27.57379814
453.8,27.5934881
453.90000000000003,27.61073277
454.0,27.6246
454.1,27.63440982
454.20000000000005,27.64049086
454.3,27.64342394
454.40000000000003,27.64378986
454.5,27.64216942
454.6,27.63914342
454.70000000000005,27.63529268
454.8,27.63119799
454.90000000000003,27.62744016
455.0,27.6246
455.1,27.62310846
455.20000000000005,27.62279711
455.3,27.62334767
455.40000000000003,27.62444187
455.5,27.62576143
455.6,27.62698808
455.70000000000005,27.62780354
455.8,27.62788953
455.90000000000003,27.62692778
456.0,27.6246
456.1,27.62075636
456.20000000000005,27.61592072
456.3,27.61078538
456.40000000000003,27.60604266
456.5,27.60238485
456.6,27.60050424
456.70000000000005,27.60109316
456.8,27.60484389
456.90000000000003,27.61244873
457.0,27.6246
457.1,27.64164492
457.20000000000005,27.66255043
457.3,27.68593839
457.40000000000003,27.71043069
457.5,27.73464918
457.6,27.75721574
457.70000000000005,27.77675223
457.8,27.79188053
457.90000000000003,27.80122249
458.0,27.8034
458.1,27.79753157
458.20000000000005,27.78472238
458.3,27.76657424
458.40000000000003,27.74468898
458.5,27.72066842
458.6,27.69611439
458.70000000000005,27.6726287
458.8,27.6518132
458.90000000000003,27.63526969
459.0,27.6246
459.1,27.62101599
459.20000000000005,27.62416967
459.3,27.63332306
459.40000000000003,27.64773821
459.5,27.66667715
459.6,27.68940191
459.70000000000005,27.71517455
459.8,27.74325708
459.90000000000003,27.77291155
460.0,27.8034
460.1,27.83397486
460.20000000000005,27.86385015
460.3,27.89223032
460.40000000000003,27.91831979
460.5,27.94132299
460.6,27.96044435
460.70000000000005,27.97488831
460.8,27.98385928
460.90000000000003,27.9865617
461.0,27.9822
461.1,27.97040698
461.20000000000005,27.95252891
461.3,27.93034044
461.40000000000003,27.90561622
461.5,27.88013088
461.6,27.85565907
461.70000000000005,27.83397543
461.8,27.81685461
461.90000000000003,27.80607125
462.0,27.8034
462.1,27.80998442
462.20000000000005,27.82444379
462.3,27.8447663
462.40000000000003,27.86894013
462.5,27.8949535
462.6,27.92079458
462.70000000000005,27.94445158
462.8,27.96391269
462.90000000000003,27.9771661
463.0,27.9822
463.1,27.97766813
463.20000000000005,27.96488632
463.3,27.94583597
463.40000000000003,27.92249844
463.5,27.89685513
463.6,27.87088741
463.70000000000005,27.84657665
463.8,27.82590424
463.90000000000003,27.81085157
464.0,27.8034
464.1,27.80493027
464.20000000000005,27.81442052
464.3,27.83024823
464.40000000000003,27.85079089
464.5,27.87442598
464.6,27.899531
464.70000000000005,27.92448342
464.8,27.94766074
464.90000000000003,27.96744043
465.0,27.9822
465.1,27.99080238
465.20000000000005,27.9940524
465.3,27.99324031
465.40000000000003,27.9896564
465.5,27.98459094
465.6,27.97933421
465.70000000000005,27.97517647
465.8,27.97340801
465.90000000000003,27.97531909
466.0,27.9822
466.1,27.99489379
466.20000000000005,28.0124547
466.3,28.03348973
466.40000000000003,28.05660591
466.5,28.08041026
466.6,28.10350978
466.70000000000005,28.1245115
466.8,28.14202243
466.90000000000003,28.15464959
467.0,28.161
467.1,28.16009004
467.20000000000005,28.15257361
467.3,28.13951396
467.40000000000003,28.12197434
467.5,28.10101803
467.6,28.07770827
467.70000000000005,28.05310833
467.8,28.02828147
467.90000000000003,28.00429094
468.0,27.9822
468.1,27.96277563
468.20000000000005,27.94559966
468.3,27.92995764
468.40000000000003,27.91513511
468.5,27.90041763
468.6,27.88509073
468.70000000000005,27.86843998
468.8,27.8497509
468.90000000000003,27.82830906
469.0,27.8034
469.1,27.77441453
469.20000000000005,27.74116454
469.3,27.70356719
469.40000000000003,27.66153961
469.5,27.61499896
469.6,27.5638624
469.70000000000005,27.50804707
469.8,27.44747012
469.90000000000003,27.38204872
470.0,27.3117
470.1,27.23661864
470.20000000000005,27.15810936
470.3,27.07775442
470.40000000000003,26.99713606
470.5,26.91783653
470.6,26.84143808
470.70000000000005,26.76952295
470.8,26.7036734
470.90000000000003,26.64547167
471.0,26.5965
471.1,26.55766172
471.20000000000005,26.52714441
471.3,26.50245673
471.40000000000003,26.48110735
471.5,26.46060491
471.6,26.43845808
471.70000000000005,26.41217552
471.8,26.37926588
471.90000000000003,26.33723782
472.0,26.2836
472.1,26.21669009
472.20000000000005,26.1381618
472.3,26.05049785
472.40000000000003,25.95618095
472.5,25.85769382
472.6,25.75751919
472.70000000000005,25.65813978
472.8,25.56203829
472.90000000000003,25.47169746
473.0,25.3896
473.1,25.31755832
473.20000000000005,25.25470359
473.3,25.19949669
473.40000000000003,25.15039846
473.5,25.10586979
473.6,25.06437154
473.70000000000005,25.02436457
473.8,24.98430975
473.90000000000003,24.94266793
474.0,24.8979
474.1,24.84870984
474.20000000000005,24.79477343
474.3,24.73600981
474.40000000000003,24.672338
474.5,24.603677
474.6,24.52994584
474.70000000000005,24.45106354
474.8,24.36694912
474.90000000000003,24.2775216
475.0,24.1827
475.1,24.08250384
475.20000000000005,23.97735467
475.3,23.86777456
475.40000000000003,23.75428555
475.5,23.63740971
475.6,23.51766909
475.70000000000005,23.39558575
475.8,23.27168176
475.90000000000003,23.14647915
476.0,23.0205
476.1,22.89442591
476.20000000000005,22.76957668
476.3,22.64743166
476.40000000000003,22.5294702
476.5,22.41717166
476.6,22.31201539
476.70000000000005,22.21548074
476.8,22.12904705
476.90000000000003,22.05419369
477.0,21.9924
477.1,21.94454073
477.20000000000005,21.90907222
477.3,21.88384621
477.40000000000003,21.86671444
477.5,21.85552863
477.6,21.84814054
477.70000000000005,21.84240189
477.8,21.83616443
477.90000000000003,21.82727989
478.0,21.8136
478.1,21.79331327
478.20000000000005,21.76595524
478.3,21.7313982
478.40000000000003,21.68951445
478.5,21.6401763
478.6,21.58325605
478.70000000000005,21.51862599
478.8,21.44615843
478.90000000000003,21.36572567
479.0,21.2772
479.1,21.18060529
479.20000000000005,21.07657164
479.3,20.96588071
479.40000000000003,20.84931416
479.5,20.72765366
479.6,20.60168086
479.70000000000005,20.47217744
479.8,20.33992504
479.90000000000003,20.20570534
480.0,20.0703
480.1,19.93421817
480.20000000000005,19.79687901
480.3,19.65742918
480.40000000000003,19.51501531
480.5,19.36878407
480.6,19.2178821
480.70000000000005,19.06145606
480.8,18.89865259
480.90000000000003,18.72861836
481.0,18.5505
481.1,18.36393562
481.20000000000005,18.1705291
481.3,17.97237579
481.40000000000003,17.77157099
481.5,17.57021007
481.6,17.37038833
481.70000000000005,17.17420113
481.8,16.98374378
481.90000000000003,16.80111163
482.0,16.6284
482.1,16.46726255
482.20000000000005,16.31758617
482.3,16.17881608
482.40000000000003,16.05039751
482.5,15.93177566
482.6,15.82239577
482.70000000000005,15.72170303
482.8,15.62914268
482.90000000000003,15.54415993
483.0,15.4662
483.1,15.3945083
483.20000000000005,15.32753103
483.3,15.26351459
483.40000000000003,15.20070537
483.5,15.13734977
483.6,15.0716942
483.70000000000005,15.00198503
483.8,14.92646868
483.90000000000003,14.84339154
484.0,14.751
484.1,14.64766386
484.20000000000005,14.53224652
484.3,14.40373477
484.40000000000003,14.26111541
484.5,14.10337524
484.6,13.92950105
484.70000000000005,13.73847963
484.8,13.52929779
484.90000000000003,13.30094231
485.0,13.0524
485.1,12.78339195
485.20000000000005,12.49657649
485.3,12.19534622
485.40000000000003,11.88309377
485.5,11.56321176
485.6,11.23909281
485.70000000000005,10.91412954
485.8,10.59171457
485.90000000000003,10.27524052
486.0,9.9681
486.1,9.673441125
486.20000000000005,9.393433933
486.3,9.130003948
486.40000000000003,8.885076697
486.5,8.660577704
486.6,8.458432495
486.70000000000005,8.280566595
486.8,8.128905529
486.90000000000003,8.005374822
487.0,7.9119
487.1,7.849085847
487.20000000000005,7.812254183
487.3,7.795406087
487.40000000000003,7.792542639
487.5,7.797664919
487.6,7.804774005
487.70000000000005,7.807870976
487.8,7.800956913
487.90000000000003,7.778032895
488.0,7.7331
488.1,7.661663788
488.20000000000005,7.565247737
488.3,7.446879803
488.40000000000003,7.309587946
488.5,7.156400121
488.6,6.990344286
488.70000000000005,6.814448399
488.8,6.631740418
488.90000000000003,6.445248299
489.0,6.258
489.1,6.072483401
489.20000000000005,5.88902607
489.3,5.707415499
489.40000000000003,5.527439178
489.5,5.348884599
489.6,5.171539251
489.70000000000005,4.995190627
489.8,4.819626216
489.90000000000003,4.64463351
490.0,4.47
490.1,4.295498508
490.20000000000005,4.120843181
490.3,3.945733499
490.40000000000003,3.769868941
490.5,3.592948984
490.6,3.414673109
490.70000000000005,3.234740794
490.8,3.052851519
490.90000000000003,2.868704761
491.0,2.682
491.1,2.492722567
491.20000000000005,2.302001204
491.3,2.111250504
491.40000000000003,1.921885059
491.5,1.735319464
491.6,1.552968312
491.70000000000005,1.376246196
491.8,1.20656771
491.90000000000003,1.045347447
492.0,0.894
492.1,0.753705222
492.20000000000005,0.624704002
492.3,0.507002486
492.40000000000003,0.400606823
492.5,0.305523159
492.6,0.221757643
492.70000000000005,0.149316421
492.8,0.088205642
492.90000000000003,0.038431452
493.0,0.0
493.1,0.0
493.20000000000005,0.0
493.3,0.0
493.40000000000003,0.0
493.5,0.0
493.6,0.0
493.70000000000005,0.0
493.8,0.0
493.90000000000003,0.0
494.0,0.0
494.1,0.0
494.20000000000005,0.0
494.3,0.0
494.40000000000003,0.0
494.5,0.0
494.6,0.0
494.70000000000005,0.0
494.8,0.0
494.90000000000003,0.0
495.0,0.0
495.1,0.0
495.20000000000005,0.0
495.3,0.0
495.40000000000003,0.0
495.5,0.0
495.6,0.0
495.70000000000005,0.0
495.8,0.0
495.90000000000003,0.0
496.0,0.0
496.1,0.0
496.20000000000005,0.0
496.3,0.0
496.40000000000003,0.0
496.5,0.0
496.6,0.0
496.70000000000005,0.0
496.8,0.0
496.90000000000003,0.0
497.0,0.0
497.1,0.0
497.20000000000005,0.0
497.3,0.0
497.40000000000003,0.0
497.5,0.0
497.6,0.0
497.70000000000005,0.0
497.8,0.0
497.90000000000003,0.0
498.0,0.0
498.1,0.0
498.20000000000005,0.0
498.3,0.0
498.40000000000003,0.0
498.5,0.0
498.6,0.0
498.70000000000005,0.0
498.8,0.0
498.90000000000003,0.0
499.0,0.0
499.1,0.0
499.20000000000005,0.0
499.3,0.0
499.40000000000003,0.0
499.5,0.0
499.6,0.0
499.70000000000005,0.0
499.8,0.0
499.90000000000003,0.0
500.0,0.0
500.1,0.0
500.20000000000005,0.0
500.3,0.0
500.40000000000003,0.0
500.5,0.0
500.6,0.0
500.70000000000005,0.0
500.8,0.0
500.90000000000003,0.012225605
501.0,0.0894
501.1,0.192980754
501.20000000000005,0.321555691
501.3,0.472765263
501.40000000000003,0.644249922
501.5,0.83365012
501.6,1.038606308
501.70000000000005,1.256758938
501.8,1.485748463
501.90000000000003,1.723215333
502.0,1.9668
502.1,2.214437592
502.20000000000005,2.465241935
502.3,2.718621532
502.40000000000003,2.973984885
502.5,3.230740496
502.6,3.488296868
502.70000000000005,3.746062501
502.8,4.0034459
502.90000000000003,4.259855565
503.0,4.5147
503.1,4.767513979
503.20000000000005,5.018337368
503.3,5.267336308
503.40000000000003,5.514676937
503.5,5.760525395
503.6,6.005047822
503.70000000000005,6.248410356
503.8,6.490779138
503.90000000000003,6.732320306
504.0,6.9732
504.1,7.213499793
504.20000000000005,7.452962992
504.3,7.691248336
504.40000000000003,7.928014566
504.5,8.162920422
504.6,8.395624645
504.70000000000005,8.625785973
504.8,8.853063149
504.90000000000003,9.077114911
505.0,9.2976
505.1,9.514165649
505.20000000000005,9.726413066
505.3,9.933931949
505.40000000000003,10.136312
505.5,10.33314292
505.6,10.5240144
505.70000000000005,10.70851615
505.8,10.88623787
505.90000000000003,11.05676925
506.0,11.2197
506.1,11.37466101
506.20000000000005,11.52144795
506.3,11.65989767
506.40000000000003,11.78984704
506.5,11.91113291
506.6,12.02359216
506.70000000000005,12.12706163
506.8,12.22137818
506.90000000000003,12.30637869
507.0,12.3819
507.1,12.44780451
507.20000000000005,12.50405675
507.3,12.55064678
507.40000000000003,12.58756465
507.5,12.61480043
507.6,12.63234417
507.70000000000005,12.64018594
507.8,12.63831579
507.90000000000003,12.6267238
508.0,12.6054
508.1,12.57445934
508.20000000000005,12.53451625
508.3,12.48631003
508.40000000000003,12.43057997
508.5,12.36806538
508.6,12.29950556
508.70000000000005,12.22563981
508.8,12.14720744
508.90000000000003,12.06494773
509.0,11.9796
509.1,11.89187022
509.20000000000005,11.80233104
509.3,11.71152182
509.40000000000003,11.61998187
509.5,11.52825055
509.6,11.43686718
509.70000000000005,11.34637111
509.8,11.25730166
509.90000000000003,11.17019818
510.0,11.0856
510.1,11.00356319
510.20000000000005,10.92221078
510.3,10.83918251
510.40000000000003,10.75211814
510.5,10.65865742
510.6,10.55644011
510.70000000000005,10.44310596
510.8,10.31629472
510.90000000000003,10.17364615
511.0,10.0128
511.1,9.832155509
511.20000000000005,9.633149843
511.3,9.417979649
511.40000000000003,9.188841576
511.5,8.947932272
511.6,8.697448387
511.70000000000005,8.439586569
511.8,8.176543466
511.90000000000003,7.910515727
512.0,7.6437
512.1,7.377928568
512.2,7.11357625
512.3000000000001,6.850653496
512.4,6.589170759
512.5,6.329138491
512.6,6.070567144
512.7,5.813467169
512.8000000000001,5.557849019
512.9,5.303723145
513.0,5.0511
513.1,4.800464517
513.2,4.554199558
513.3000000000001,4.315162467
513.4,4.086210587
513.5,3.870201263
513.6,3.669991837
513.7,3.488439655
513.8000000000001,3.328402058
513.9,3.192736392
514.0,3.0843
514.1,3.005176564
514.2,2.954355118
514.3000000000001,2.930051037
514.4,2.930479692
514.5,2.953856458
514.6,2.998396707
514.7,3.062315813
514.8000000000001,3.143829148
514.9,3.241152086
515.0,3.3525
515.1,3.476205228
515.2,3.611067969
515.3000000000001,3.756005387
515.4,3.909934644
515.5,4.071772906
515.6,4.240437335
515.7,4.414845095
515.8000000000001,4.59391335
515.9,4.776559264
516.0,4.9617
516.1,5.148424423
516.2,5.336508205
516.3000000000001,5.525898716
516.4,5.71654333
516.5,5.908389418
516.6,6.101384353
516.7,6.295475507
516.8000000000001,6.490610251
516.9,6.686735958
517.0,6.8838
517.1,7.081750578
517.2,7.280539212
517.3000000000001,7.480118248
517.4,7.680440035
517.5,7.88145692
517.6,8.083121252
517.7,8.285385378
517.8000000000001,8.488201646
517.9,8.691522404
518.0,8.8953
518.1,9.099356463
518.2,9.302992548
518.3000000000001,9.505378692
518.4,9.705685331
518.5,9.903082901
518.6,10.09674184
518.7,10.28583258
518.8000000000001,10.46952557
518.9,10.64699123
519.0,10.8174
519.1,10.98008517
519.2,11.1350314
519.3000000000001,11.28238618
519.4,11.42229704
519.5,11.55491148
519.6,11.68037699
519.7,11.79884109
519.8000000000001,11.91045129
519.9,12.01535509
520.0,12.1137
520.1,12.20560416
520.2,12.29106827
520.3000000000001,12.37006367
520.4,12.4425617
520.5,12.5085337
520.6,12.567951
520.7,12.62078494
520.8000000000001,12.66700686
520.9,12.7065881
521.0,12.7395
521.1,12.76562379
521.2,12.78448032
521.3000000000001,12.79550033
521.4,12.79811455
521.5,12.79175374
521.6,12.77584862
521.7,12.74982995
521.8000000000001,12.71312846
521.9,12.6651749
522.0,12.6054
522.1,12.53344547
522.2,12.44979684
522.3000000000001,12.35515062
522.4,12.25020329
522.5,12.13565136
522.6,12.01219132
522.7,11.88051967
522.8000000000001,11.7413329
522.9,11.59532751
523.0,11.4432
523.1,11.28560833
523.2,11.1230563
523.3000000000001,10.9560092
523.4,10.78493228
523.5,10.61029082
523.6,10.4325501
523.7,10.25217539
523.8000000000001,10.06963195
523.9,9.885385066
524.0,9.6999
524.1,9.513495818
524.2,9.325906745
524.3000000000001,9.136720797
524.4,8.945525991
524.5,8.751910341
524.6,8.555461863
524.7,8.355768575
524.8000000000001,8.152418491
524.9,7.944999627
525.0,7.7331
525.1,7.5164393
525.2,7.295263916
525.3000000000001,7.069951914
525.4,6.840881358
525.5,6.608430313
525.6,6.372976842
525.7,6.134899011
525.8000000000001,5.894574884
525.9,5.652382525
526.0,5.4087
526.1,5.164284783
526.2,4.921411989
526.3000000000001,4.682736145
526.4,4.450911776
526.5,4.228593409
526.6,4.018435569
526.7,3.823092782
526.8000000000001,3.645219574
526.9,3.487470472
527.0,3.3525
527.1,3.241715669
527.2,3.151536928
527.3000000000001,3.077136206
527.4,3.013685937
527.5,2.956358552
527.6,2.900326483
527.7,2.840762161
527.8000000000001,2.772838019
527.9,2.691726488
528.0,2.5926
528.1,2.472155339
528.2,2.333186701
528.3000000000001,2.180012631
528.4,2.016951676
528.5,1.848322384
528.6,1.678443301
528.7,1.511632974
528.8000000000001,1.35220995
528.9,1.204492777
529.0,1.0728
529.1,0.960399273
529.2,0.86635467
529.3000000000001,0.788679372
529.4,0.725386559
529.5,0.674489413
529.6,0.634001114
529.7,0.601934843
529.8000000000001,0.57630378
529.9,0.555121105
530.0,0.5364
530.1,0.51895547
530.2,0.504809821
530.3000000000001,0.496787183
530.4,0.497711686
530.5,0.510407463
530.6,0.537698642
530.7,0.582409355
530.8000000000001,0.647363731
530.9,0.735385903
531.0,0.8493
531.1,0.990891247
531.2,1.157789247
531.3000000000001,1.346584698
531.4,1.553868295
531.5,1.776230736
531.6,2.010262719
531.7,2.252554939
531.8000000000001,2.499698095
531.9,2.748282883
532.0,2.9949
532.1,3.236811941
532.2,3.473968389
532.3000000000001,3.706990827
532.4,3.936500734
532.5,4.163119593
532.6,4.387468884
532.7,4.610170089
532.8000000000001,4.831844689
532.9,5.053114166
533.0,5.2746
533.1,5.496795189
533.2,5.719678795
533.3000000000001,5.943101395
533.4,6.166913569
533.5,6.390965893
533.6,6.615108945
533.7,6.839193304
533.8000000000001,7.063069548
533.9,7.286588254
534.0,7.5096
534.1,7.731976303
534.2,7.953672431
534.3000000000001,8.174664592
534.4,8.394928991
534.5,8.614441837
534.6,8.833179336
534.7,9.051117695
534.8000000000001,9.26823312
534.9,9.48450182
535.0,9.6999
535.1,9.914180399
535.2,10.12620188
535.3000000000001,10.33459984
535.4,10.53800967
535.5,10.73506676
535.6,10.92440651
535.7,11.10466432
535.8000000000001,11.27447557
535.9,11.43247567
536.0,11.5773
536.1,11.7079652
536.2,11.82501285
536.3000000000001,11.92936576
536.4,12.02194674
536.5,12.10367863
536.6,12.17548422
536.7,12.23828633
536.8000000000001,12.29300779
536.9,12.34057141
537.0,12.3819
537.1,12.4177771
537.2,12.44842913
537.3000000000001,12.47394324
537.4,12.49440656
537.5,12.50990624
537.6,12.52052942
537.7,12.52636325
537.8000000000001,12.52749486
537.9,12.52401139
538.0,12.516
538.1,12.5034555
538.2,12.48600342
538.3000000000001,12.46317699
538.4,12.43450942
538.5,12.39953391
538.6,12.3577837
538.7,12.30879198
538.8000000000001,12.25209198
538.9,12.18721692
539.0,12.1137
539.1,12.03118071
539.2,11.93972357
539.3000000000001,11.8394994
539.4,11.73067897
539.5,11.61343311
539.6,11.48793259
539.7,11.35434822
539.8000000000001,11.2128508
539.9,11.06361113
540.0,10.9068
540.1,10.74265778
540.2,10.57170309
540.3000000000001,10.39452413
540.4,10.21170908
540.5,10.02384616
540.6,9.831523539
540.7,9.635329421
540.8000000000001,9.435851996
540.9,9.233679458
541.0,9.0294
541.1,8.823396088
541.2,8.615227279
541.3000000000001,8.404247402
541.4,8.189810286
541.5,7.971269759
541.6,7.747979652
541.7,7.519293794
541.8000000000001,7.284566013
541.9,7.043150138
542.0,6.7944
542.1,6.53806517
542.2,6.275478196
542.3000000000001,6.008367366
542.4,5.738460973
542.5,5.467487304
542.6,5.197174652
542.7,4.929251305
542.8000000000001,4.665445554
542.9,4.407485689
543.0,4.1571
543.1,3.915801731
543.2,3.684243938
543.3000000000001,3.462864632
543.4,3.252101824
543.5,3.052393523
543.6,2.864177741
543.7,2.687892487
543.8000000000001,2.523975772
543.9,2.372865606
544.0,2.235
544.1,2.110432107
544.2,1.997675653
544.3000000000001,1.894859505
544.4,1.800112532
544.5,1.711563603
544.6,1.627341586
544.7,1.545575348
544.8000000000001,1.464393759
544.9,1.381925687
545.0,1.2963
545.1,1.206863641
545.2,1.117835852
545.3000000000001,1.034653948
545.4,0.962755247
545.5,0.907577065
545.6,0.874556717
545.7,0.86913152
545.8000000000001,0.896738791
545.9,0.962815846
546.0,1.0728
546.1,1.230099629
546.2,1.430007341
546.3000000000001,1.665786802
546.4,1.930701679
546.5,2.218015639
546.6,2.520992347
546.7,2.832895471
546.8000000000001,3.146988676
546.9,3.456535631
547.0,3.7548
547.1,4.036445043
547.2,4.301732384
547.3000000000001,4.552323243
547.4,4.789878836
547.5,5.016060381
547.6,5.232529095
547.7,5.440946197
547.8000000000001,5.642972903
547.9,5.840270432
548.0,6.0345
548.1,6.2271059
548.2,6.418664721
548.3000000000001,6.609536126
548.4,6.800079777
548.5,6.990655338
548.6,7.181622472
548.7,7.373340842
548.8000000000001,7.566170112
548.9,7.760469943
549.0,7.9566
549.1,8.154745656
549.2,8.354395131
549.3000000000001,8.554862355
549.4,8.755461257
549.5,8.955505767
549.6,9.154309816
549.7,9.351187334
549.8000000000001,9.545452251
549.9,9.736418496
550.0,9.9234
550.1,10.10599897
550.2,10.28497075
550.3000000000001,10.46135896
550.4,10.6362072
550.5,10.81055909
550.6,10.98545826
550.7,11.16194832
550.8000000000001,11.34107289
550.9,11.52387557
551.0,11.7114
551.1,11.90402385
551.2,12.09946105
551.3000000000001,12.29475962
551.4,12.48696756
551.5,12.67313286
551.6,12.85030353
551.7,13.01552758
551.8000000000001,13.16585301
551.9,13.29832781
552.0,13.41
552.1,13.49850504
552.2,13.56382823
552.3000000000001,13.60654235
552.4,13.62722017
552.5,13.62643446
552.6,13.604758
552.7,13.56276355
552.8000000000001,13.50102388
552.9,13.42011178
553.0,13.3206
553.1,13.20325481
553.2,13.06961644
553.3000000000001,12.92141858
553.4,12.76039496
553.5,12.58827929
553.6,12.40680527
553.7,12.21770662
553.8000000000001,12.02271705
553.9,11.82357028
554.0,11.622
554.1,11.41940662
554.2,11.21585723
554.3000000000001,11.01108563
554.4,10.80482558
554.5,10.59681089
554.6,10.38677532
554.7,10.17445266
554.8000000000001,9.959576703
554.9,9.741881221
555.0,9.5211
555.1,9.297123219
555.2,9.070466638
555.3000000000001,8.841802415
555.4,8.611802705
555.5,8.381139666
555.6,8.150485453
555.7,7.920512224
555.8000000000001,7.691892134
555.9,7.465297341
556.0,7.2414
556.1,7.020669408
556.2,6.802763416
556.3000000000001,6.587137015
556.4,6.373245196
556.5,6.160542951
556.6,5.948485269
556.7,5.736527142
556.8000000000001,5.524123561
556.9,5.310729517
557.0,5.0958
557.1,4.87899805
557.2,4.660818898
557.3000000000001,4.441965825
557.4,4.223142109
557.5,4.005051031
557.6,3.788395871
557.7,3.573879908
557.8000000000001,3.362206422
557.9,3.154078693
558.0,2.9502
558.1,2.751135992
558.2,2.556901791
558.3000000000001,2.367374886
558.4,2.182432767
558.5,2.001952924
558.6,1.825812848
558.7,1.653890027
558.8000000000001,1.486061952
558.9,1.322206113
559.0,1.1622
559.1,1.006174181
559.2,0.855271538
559.3000000000001,0.710888032
559.4,0.574419623
559.5,0.447262272
559.6,0.330811939
559.7,0.226464585
559.8000000000001,0.13561617
559.9,0.059662655
560.0,0.0
560.1,0.0
560.2,0.0
560.3000000000001,0.0
560.4,0.0
560.5,0.0
560.6,0.0
560.7,0.0
560.8000000000001,0.0
560.9,0.0
561.0,0.0
561.1,0.0
561.2,0.0
561.3000000000001,0.0
561.4,0.0
561.5,0.0
561.6,0.0
561.7,0.0
561.8000000000001,0.0
561.9,0.0
562.0,0.0
562.1,0.0
562.2,0.0
562.3000000000001,0.0
562.4,0.0
562.5,0.0
562.6,0.0
562.7,0.0
562.8000000000001,0.0
562.9,0.0
563.0,0.0
563.1,0.0
563.2,0.0
563.3000000000001,0.0
563.4,0.0
563.5,0.0
563.6,0.0
563.7,0.0
563.8000000000001,0.0
563.9,0.0
564.0,0.0
564.1,0.0
564.2,0.0
564.3000000000001,0.0
564.4,0.0
564.5,0.0
564.6,0.0
564.7,0.0
564.8000000000001,0.0
564.9,0.0
565.0,0.0
565.1,0.0
565.2,0.0
565.3000000000001,0.0
565.4,0.0
565.5,0.0
565.6,0.0
565.7,0.0
565.8000000000001,0.0
565.9,0.0
566.0,0.0
566.1,0.0
566.2,0.0
566.3000000000001,0.0
566.4,0.0
566.5,0.0
566.6,0.0
566.7,0.0
566.8000000000001,0.0
566.9,0.0
567.0,0.0
567.1,0.0
567.2,0.0
567.3000000000001,0.0
567.4,0.0
567.5,0.0
567.6,0.0
567.7,0.0
567.8000000000001,1.21e-14
567.9,0.010662691
568.0,0.1341
568.1,0.299926454
568.2,0.504387098
568.3000000000001,0.741897739
568.4,1.006874186
568.5,1.293732246
568.6,1.596887726
568.7,1.910756434
568.8000000000001,2.229754177
568.9,2.548296763
569.0,2.8608
569.1,3.162931449
569.2,3.455365688
569.3000000000001,3.740029051
569.4,4.01884787
569.5,4.293748479
569.6,4.566657208
569.7,4.839500393
569.8000000000001,5.114204364
569.9,5.392695456
570.0,5.6769
570.1,5.968069751
570.2,6.264758149
570.3000000000001,6.564844056
570.4,6.866206332
570.5,7.166723839
570.6,7.46427544
570.7,7.756739995
570.8000000000001,8.041996365
570.9,8.317923413
571.0,8.5824
571.1,8.833812847
571.2,9.072580115
571.3000000000001,9.299627827
571.4,9.515882002
571.5,9.722268663
571.6,9.919713832
571.7,10.10914353
571.8000000000001,10.29148377
571.9,10.46766059
572.0,10.6386
572.1,10.80556976
572.2,10.97120459
572.3000000000001,11.13848094
572.4,11.31037526
572.5,11.48986401
572.6,11.67992363
572.7,11.88353059
572.8000000000001,12.10366134
572.9,12.34329232
573.0,12.6054
573.1,12.89144361
573.2,13.19681353
573.3000000000001,13.51538292
573.4,13.84102496
573.5,14.16761281
573.6,14.48901963
573.7,14.7991186
573.8000000000001,15.09178287
573.9,15.36088562
574.0,15.6003
574.1,15.80564801
574.2,15.97954691
574.3000000000001,16.12636277
574.4,16.2504617
574.5,16.35620975
574.6,16.44797303
574.7,16.53011761
574.8000000000001,16.60700958
574.9,16.68301501
575.0,16.7625
575.1,16.84913546
575.2,16.94381165
575.3000000000001,17.04672368
575.4,17.15806666
575.5,17.27803567
575.6,17.40682584
575.7,17.54463225
575.8000000000001,17.69165001
575.9,17.84807423
576.0,18.0141
576.1,18.18979206
576.2,18.37469369
576.3000000000001,18.56821779
576.4,18.76977728
576.5,18.97878505
576.6,19.19465401
576.7,19.41679709
576.8000000000001,19.64462717
576.9,19.87755717
577.0,20.115
577.1,20.35606539
577.2,20.59865038
577.3000000000001,20.84034884
577.4,21.07875464
577.5,21.31146164
577.6,21.5360637
577.7,21.75015471
577.8000000000001,21.95132851
577.9,22.13717899
578.0,22.3053
578.1,22.45386857
578.2,22.58339438
578.3000000000001,22.69497023
578.4,22.78968897
578.5,22.86864341
578.6,22.93292637
578.7,22.98363069
578.8000000000001,23.02184918
578.9,23.04867468
579.0,23.0652
579.1,23.07250001
579.2,23.07157771
579.3000000000001,23.06341812
579.4,23.04900629
579.5,23.02932724
579.6,23.00536602
579.7,22.97810765
579.8000000000001,22.94853716
579.9,22.9176396
580.0,22.8864
580.1,22.85564969
580.2,22.8256052
580.3000000000001,22.79632939
580.4,22.76788508
580.5,22.74033513
580.6,22.71374236
580.7,22.68816963
580.8000000000001,22.66367976
580.9,22.64033561
581.0,22.6182
581.1,22.59716395
581.2,22.57643109
581.3000000000001,22.55503323
581.4,22.53200219
581.5,22.50636975
581.6,22.47716774
581.7,22.44342795
581.8000000000001,22.40418219
581.9,22.35846228
582.0,22.3053
582.1,22.24394243
582.2,22.17449764
582.3000000000001,22.09728898
582.4,22.01263978
582.5,21.92087337
582.6,21.82231309
582.7,21.71728227
582.8000000000001,21.60610426
582.9,21.48910239
583.0,21.3666
583.1,21.23894644
583.2,21.10659513
583.3000000000001,20.97002554
583.4,20.82971711
583.5,20.68614928
583.6,20.53980151
583.7,20.39115325
583.8000000000001,20.24068395
583.9,20.08887305
584.0,19.9362
584.1,19.78309313
584.2,19.62977622
584.3000000000001,19.47642196
584.4,19.323203
584.5,19.17029201
584.6,19.01786166
584.7,18.86608462
584.8000000000001,18.71513355
584.9,18.56518112
585.0,18.4164
585.1,18.26882846
585.2,18.12196717
585.3000000000001,17.97518242
585.4,17.8278405
585.5,17.67930768
585.6,17.52895024
585.7,17.37613447
585.8000000000001,17.22022666
585.9,17.06059307
586.0,16.8966
586.1,16.72766605
586.2,16.55341909
586.3000000000001,16.37353935
586.4,16.18770701
586.5,15.99560228
586.6,15.79690537
586.7,15.59129649
586.8000000000001,15.37845583
586.9,15.1580636
587.0,14.9298
587.1,14.69371736
587.2,14.45135645
587.3000000000001,14.20463019
587.4,13.95545147
587.5,13.70573319
587.6,13.45738826
587.7,13.21232957
587.8000000000001,12.97247003
587.9,12.73972254
588.0,12.516
588.1,12.30261322
588.2,12.09846469
588.3000000000001,11.90185478
588.4,11.7110839
588.5,11.52445244
588.6,11.34026078
588.7,11.15680931
588.8000000000001,10.97239843
588.9,10.78532853
589.0,10.5939
589.1,10.39675085
589.2,10.1938696
589.3000000000001,9.985582371
589.4,9.772215311
589.5,9.554094552
589.6,9.331546229
589.7,9.104896476
589.8000000000001,8.874471431
589.9,8.640597227
590.0,8.4036
590.1,8.163638574
590.2,7.920202529
590.3000000000001,7.672614132
590.4,7.420195651
590.5,7.162269354
590.6,6.898157508
590.7,6.627182382
590.8000000000001,6.348666244
590.9,6.06193136
591.0,5.7663
591.1,5.461694251
591.2,5.150435487
591.3000000000001,4.8354449
591.4,4.519643684
591.5,4.205953032
591.6,3.897294138
591.7,3.596588194
591.8000000000001,3.306756394
591.9,3.030719932
592.0,2.7714
592.1,2.53096092
592.2,2.308539522
592.3000000000001,2.102515767
592.4,1.911269612
592.5,1.733181017
592.6,1.56662994
592.7,1.409996341
592.8000000000001,1.261660179
592.9,1.120001412
593.0,0.9834
593.1,0.85069677
593.2,0.722576024
593.3000000000001,0.600182933
593.4,0.484662669
593.5,0.377160401
593.6,0.278821301
593.7,0.190790541
593.8000000000001,0.114213289
593.9,0.050234719
594.0,0.0
594.1,0.0
594.2,0.0
594.3000000000001,0.0
594.4,0.0
594.5,0.0
594.6,0.0
594.7,0.0
594.8000000000001,0.0
594.9,0.0
595.0,0.0
595.1,0.0
595.2,0.0
595.3000000000001,0.0
595.4,0.0
595.5,0.0
595.6,0.0
595.7,0.0
595.8000000000001,0.0
595.9,0.0
596.0,0.0
596.1,0.0
596.2,0.0
596.3000000000001,0.0
596.4,0.0
596.5,0.0
596.6,0.0
596.7,0.0
596.8000000000001,0.0
596.9,0.0
597.0,0.0
597.1,0.0
597.2,0.0
597.3000000000001,0.0
597.4,0.0
597.5,0.0
597.6,0.0
597.7,0.0
597.8000000000001,0.0
597.9,0.0
598.0,0.0
598.1,0.0
598.2,0.0
598.3000000000001,0.0
598.4,0.0
598.5,0.0
598.6,0.0
598.7,0.0
598.8000000000001,0.0
598.9,0.0
599.0,0.0
599.1,0.0
599.2,0.0
599.3000000000001,0.0
599.4,0.0
599.5,0.0
599.6,0.0
599.7,0.0
599.8000000000001,0.0
599.9,0.0
600.0,0.0
